{
    "type": "FeatureCollection",
    "features": [
        {
            "type": "Feature",
            "geometry": {
                "type": "Point",
                "coordinates": [
                    -70.91591670000001,
                    -53.1568056
                ]
            },
            "properties": {
                "C\u00f3digo Soporte": "11.410",
                "C\u00f3digo Elemento": "14.664",
                "Empresa": "CLARO CHILE SPA.",
                "Nombre Comercial Tecnolog\u00eda": "3G",
                "Direcci\u00f3n": "S/D",
                "Localidad": "",
                "Comuna": "Punta Arenas",
                "Regi\u00f3n": "Regi\u00f3n de Magallanes y de la Ant\u00e1rtica Chilena",
                "Tipo Documento Autorizatorio": "DECRETO NOTIFICADO",
                "Nro. Documento": "231",
                "Fecha Documento": "12/05/2000",
                "Tipo Soporte": "Torre Auto Soportada",
                "Altura": "34",
                "Frecuencia": "1900",
                "Banda": "UHF",
                "Ancho Banda": "30000",
                "Tecnolog\u00eda": "UMTS(3G)",
                "Tipo Acceso": "WCDMA",
                "Latitud": "53\u00b0 9\u00b4 24.500159999999997\u00b4\u00b4",
                "Longitud": "70\u00b0 54\u00b4 57.30012\u00b4\u00b4",
                "x": "-70,916",
                "y": "-53,157",
                "Latitud_Decimal": -53.1568056,
                "Longitud_Decimal": -70.91591670000001
            }
        },
        {
            "type": "Feature",
            "geometry": {
                "type": "Point",
                "coordinates": [
                    -70.94222222222223,
                    -53.11944444444445
                ]
            },
            "properties": {
                "C\u00f3digo Soporte": "14.935",
                "C\u00f3digo Elemento": "47.244",
                "Empresa": "ENTEL PCS",
                "Nombre Comercial Tecnolog\u00eda": "2G",
                "Direcci\u00f3n": "LAS CHARCAS, PARCELAS 102-B",
                "Localidad": "",
                "Comuna": "Punta Arenas",
                "Regi\u00f3n": "Regi\u00f3n de Magallanes y de la Ant\u00e1rtica Chilena",
                "Tipo Documento Autorizatorio": "DECRETO EXENTO NOTIFICADO",
                "Nro. Documento": "766",
                "Fecha Documento": "29/09/2009",
                "Tipo Soporte": "Torre Ventada",
                "Altura": "36",
                "Frecuencia": "1900",
                "Banda": "UHF",
                "Ancho Banda": "30000",
                "Tecnolog\u00eda": "GSM(2G)",
                "Tipo Acceso": "TDMA",
                "Latitud": "53\u00b0 7\u00b4 10\u00b4\u00b4",
                "Longitud": "70\u00b0 56\u00b4 32\u00b4\u00b4",
                "x": "-70,942",
                "y": "-53,119",
                "Latitud_Decimal": -53.11944444444445,
                "Longitud_Decimal": -70.94222222222223
            }
        },
        {
            "type": "Feature",
            "geometry": {
                "type": "Point",
                "coordinates": [
                    -70.92376111111112,
                    -53.170874999999995
                ]
            },
            "properties": {
                "C\u00f3digo Soporte": "27.095",
                "C\u00f3digo Elemento": "13.936",
                "Empresa": "Movistar",
                "Nombre Comercial Tecnolog\u00eda": "2G",
                "Direcci\u00f3n": "Av. Espa\u00f1a N\u00ba 2139",
                "Localidad": "",
                "Comuna": "Punta Arenas",
                "Regi\u00f3n": "Regi\u00f3n de Magallanes y de la Ant\u00e1rtica Chilena",
                "Tipo Documento Autorizatorio": "DECRETO NOTIFICADO",
                "Nro. Documento": "572",
                "Fecha Documento": "24/09/2004",
                "Tipo Soporte": "Azotea",
                "Altura": "11",
                "Frecuencia": "1900",
                "Banda": "UHF",
                "Ancho Banda": "20000",
                "Tecnolog\u00eda": "GSM(2G)",
                "Tipo Acceso": "TDMA",
                "Latitud": "53\u00b0 10\u00b4 15.15\u00b4\u00b4",
                "Longitud": "70\u00b0 55\u00b4 25.54\u00b4\u00b4",
                "x": "-70,924",
                "y": "-53,171",
                "Latitud_Decimal": -53.170874999999995,
                "Longitud_Decimal": -70.92376111111112
            }
        },
        {
            "type": "Feature",
            "geometry": {
                "type": "Point",
                "coordinates": [
                    -70.94583333333334,
                    -53.19361111111111
                ]
            },
            "properties": {
                "C\u00f3digo Soporte": "14.914",
                "C\u00f3digo Elemento": "36.053",
                "Empresa": "ENTEL PCS",
                "Nombre Comercial Tecnolog\u00eda": "2G",
                "Direcci\u00f3n": "KM 4,5 SUR RIO LOS CIERVOS",
                "Localidad": "",
                "Comuna": "Punta Arenas",
                "Regi\u00f3n": "Regi\u00f3n de Magallanes y de la Ant\u00e1rtica Chilena",
                "Tipo Documento Autorizatorio": "DECRETO NOTIFICADO",
                "Nro. Documento": "559",
                "Fecha Documento": "30/06/2008",
                "Tipo Soporte": "Torre Ventada",
                "Altura": "60",
                "Frecuencia": "1900",
                "Banda": "UHF",
                "Ancho Banda": "30000",
                "Tecnolog\u00eda": "GSM(2G)",
                "Tipo Acceso": "TDMA",
                "Latitud": "53\u00b0 11\u00b4 37\u00b4\u00b4",
                "Longitud": "70\u00b0 56\u00b4 45\u00b4\u00b4",
                "x": "-70,946",
                "y": "-53,194",
                "Latitud_Decimal": -53.19361111111111,
                "Longitud_Decimal": -70.94583333333334
            }
        },
        {
            "type": "Feature",
            "geometry": {
                "type": "Point",
                "coordinates": [
                    -70.86944444444444,
                    -53.12583333333333
                ]
            },
            "properties": {
                "C\u00f3digo Soporte": "14.917",
                "C\u00f3digo Elemento": "21.291",
                "Empresa": "ENTEL PCS",
                "Nombre Comercial Tecnolog\u00eda": "2G",
                "Direcci\u00f3n": "AV. BULNES N\u00ba 04800",
                "Localidad": "",
                "Comuna": "Punta Arenas",
                "Regi\u00f3n": "Regi\u00f3n de Magallanes y de la Ant\u00e1rtica Chilena",
                "Tipo Documento Autorizatorio": "DECRETO NOTIFICADO",
                "Nro. Documento": "643",
                "Fecha Documento": "03/11/2006",
                "Tipo Soporte": "Monoposte",
                "Altura": "36",
                "Frecuencia": "1900",
                "Banda": "UHF",
                "Ancho Banda": "30000",
                "Tecnolog\u00eda": "GSM(2G)",
                "Tipo Acceso": "TDMA",
                "Latitud": "53\u00b0 7\u00b4 33\u00b4\u00b4",
                "Longitud": "70\u00b0 52\u00b4 10\u00b4\u00b4",
                "x": "-70,869",
                "y": "-53,126",
                "Latitud_Decimal": -53.12583333333333,
                "Longitud_Decimal": -70.86944444444444
            }
        },
        {
            "type": "Feature",
            "geometry": {
                "type": "Point",
                "coordinates": [
                    -71.45777777777778,
                    -52.647777777777776
                ]
            },
            "properties": {
                "C\u00f3digo Soporte": "18.004",
                "C\u00f3digo Elemento": "38.790",
                "Empresa": "MOVISTAR MOVIL",
                "Nombre Comercial Tecnolog\u00eda": "2G",
                "Direcci\u00f3n": "Estancia Las Charas",
                "Localidad": "",
                "Comuna": "R\u00edo Verde",
                "Regi\u00f3n": "Regi\u00f3n de Magallanes y de la Ant\u00e1rtica Chilena",
                "Tipo Documento Autorizatorio": "DECRETO EXENTO NOTIFICADO",
                "Nro. Documento": "696",
                "Fecha Documento": "23/08/2010",
                "Tipo Soporte": "Torre Auto Soportada",
                "Altura": "54",
                "Frecuencia": "850",
                "Banda": "UHF",
                "Ancho Banda": "25000",
                "Tecnolog\u00eda": "GSM(2G)",
                "Tipo Acceso": "TDMA",
                "Latitud": "52\u00b0 38\u00b4 52\u00b4\u00b4",
                "Longitud": "71\u00b0 27\u00b4 28\u00b4\u00b4",
                "x": "-71,458",
                "y": "-52,648",
                "Latitud_Decimal": -52.647777777777776,
                "Longitud_Decimal": -71.45777777777778
            }
        },
        {
            "type": "Feature",
            "geometry": {
                "type": "Point",
                "coordinates": [
                    -70.37802777777777,
                    -53.31044444444444
                ]
            },
            "properties": {
                "C\u00f3digo Soporte": "14.959",
                "C\u00f3digo Elemento": "16.650",
                "Empresa": "ENTEL PCS",
                "Nombre Comercial Tecnolog\u00eda": "",
                "Direcci\u00f3n": "PREDIO MIRAMAR S/N, SECTOR SANTA MAR\u00cdA",
                "Localidad": "",
                "Comuna": "Porvenir",
                "Regi\u00f3n": "Regi\u00f3n de Magallanes y de la Ant\u00e1rtica Chilena",
                "Tipo Documento Autorizatorio": "DECRETO NOTIFICADO",
                "Nro. Documento": "579",
                "Fecha Documento": "22/09/2003",
                "Tipo Soporte": "Torre Ventada",
                "Altura": "60",
                "Frecuencia": "1900",
                "Banda": "UHF",
                "Ancho Banda": "30000",
                "Tecnolog\u00eda": "GSM",
                "Tipo Acceso": "TDMA",
                "Latitud": "53\u00b0 18\u00b4 37.6\u00b4\u00b4",
                "Longitud": "70\u00b0 22\u00b4 40.9\u00b4\u00b4",
                "x": "-70,378",
                "y": "-53,31",
                "Latitud_Decimal": -53.31044444444444,
                "Longitud_Decimal": -70.37802777777777
            }
        },
        {
            "type": "Feature",
            "geometry": {
                "type": "Point",
                "coordinates": [
                    -70.95472222222223,
                    -53.141666666666666
                ]
            },
            "properties": {
                "C\u00f3digo Soporte": "14.933",
                "C\u00f3digo Elemento": "47.224",
                "Empresa": "ENTEL PCS",
                "Nombre Comercial Tecnolog\u00eda": "2G",
                "Direcci\u00f3n": "PARCELA N\u00ba 4, MIRADOR DEL SUR",
                "Localidad": "",
                "Comuna": "Punta Arenas",
                "Regi\u00f3n": "Regi\u00f3n de Magallanes y de la Ant\u00e1rtica Chilena",
                "Tipo Documento Autorizatorio": "DECRETO EXENTO NOTIFICADO",
                "Nro. Documento": "783",
                "Fecha Documento": "30/09/2009",
                "Tipo Soporte": "Torre Ventada",
                "Altura": "30",
                "Frecuencia": "1900",
                "Banda": "UHF",
                "Ancho Banda": "30000",
                "Tecnolog\u00eda": "GSM(2G)",
                "Tipo Acceso": "TDMA",
                "Latitud": "53\u00b0 8\u00b4 30\u00b4\u00b4",
                "Longitud": "70\u00b0 57\u00b4 17\u00b4\u00b4",
                "x": "-70,955",
                "y": "-53,142",
                "Latitud_Decimal": -53.141666666666666,
                "Longitud_Decimal": -70.95472222222223
            }
        },
        {
            "type": "Feature",
            "geometry": {
                "type": "Point",
                "coordinates": [
                    -70.8761111111111,
                    -53.13305555555556
                ]
            },
            "properties": {
                "C\u00f3digo Soporte": "14.929",
                "C\u00f3digo Elemento": "44.477",
                "Empresa": "ENTEL PCS",
                "Nombre Comercial Tecnolog\u00eda": "2G",
                "Direcci\u00f3n": "AV. BULNES N\u00ba 2235",
                "Localidad": "",
                "Comuna": "Punta Arenas",
                "Regi\u00f3n": "Regi\u00f3n de Magallanes y de la Ant\u00e1rtica Chilena",
                "Tipo Documento Autorizatorio": "DECRETO EXENTO NOTIFICADO",
                "Nro. Documento": "719",
                "Fecha Documento": "09/09/2009",
                "Tipo Soporte": "Monoposte",
                "Altura": "30",
                "Frecuencia": "1900",
                "Banda": "UHF",
                "Ancho Banda": "30000",
                "Tecnolog\u00eda": "GSM(2G)",
                "Tipo Acceso": "TDMA",
                "Latitud": "53\u00b0 7\u00b4 59\u00b4\u00b4",
                "Longitud": "70\u00b0 52\u00b4 34\u00b4\u00b4",
                "x": "-70,876",
                "y": "-53,133",
                "Latitud_Decimal": -53.13305555555556,
                "Longitud_Decimal": -70.8761111111111
            }
        },
        {
            "type": "Feature",
            "geometry": {
                "type": "Point",
                "coordinates": [
                    -70.8761111111111,
                    -53.13305555555556
                ]
            },
            "properties": {
                "C\u00f3digo Soporte": "14.929",
                "C\u00f3digo Elemento": "42.515",
                "Empresa": "ENTEL PCS",
                "Nombre Comercial Tecnolog\u00eda": "2G",
                "Direcci\u00f3n": "AV. BULNES 3,5 NORTE",
                "Localidad": "",
                "Comuna": "Punta Arenas",
                "Regi\u00f3n": "Regi\u00f3n de Magallanes y de la Ant\u00e1rtica Chilena",
                "Tipo Documento Autorizatorio": "DECRETO EXENTO NOTIFICADO",
                "Nro. Documento": "268",
                "Fecha Documento": "27/03/2009",
                "Tipo Soporte": "Monoposte",
                "Altura": "30",
                "Frecuencia": "1900",
                "Banda": "UHF",
                "Ancho Banda": "30000",
                "Tecnolog\u00eda": "GSM(2G)",
                "Tipo Acceso": "TDMA",
                "Latitud": "53\u00b0 7\u00b4 59\u00b4\u00b4",
                "Longitud": "70\u00b0 52\u00b4 34\u00b4\u00b4",
                "x": "-70,876",
                "y": "-53,133",
                "Latitud_Decimal": -53.13305555555556,
                "Longitud_Decimal": -70.8761111111111
            }
        },
        {
            "type": "Feature",
            "geometry": {
                "type": "Point",
                "coordinates": [
                    -70.85277777777777,
                    -53.05
                ]
            },
            "properties": {
                "C\u00f3digo Soporte": "14.942",
                "C\u00f3digo Elemento": "61.002",
                "Empresa": "Movistar",
                "Nombre Comercial Tecnolog\u00eda": "2G",
                "Direcci\u00f3n": "Ruta R-9, Km 13,5. Fundo Los Robles",
                "Localidad": "",
                "Comuna": "Punta Arenas",
                "Regi\u00f3n": "Regi\u00f3n de Magallanes y de la Ant\u00e1rtica Chilena",
                "Tipo Documento Autorizatorio": "DECRETO NOTIFICADO",
                "Nro. Documento": "398",
                "Fecha Documento": "29/09/2005",
                "Tipo Soporte": "Torre Ventada",
                "Altura": "48",
                "Frecuencia": "1900",
                "Banda": "UHF",
                "Ancho Banda": "20000",
                "Tecnolog\u00eda": "GSM(2G)",
                "Tipo Acceso": "TDMA",
                "Latitud": "53\u00b0 2\u00b4 60\u00b4\u00b4",
                "Longitud": "70\u00b0 51\u00b4 10\u00b4\u00b4",
                "x": "-70,853",
                "y": "-53,05",
                "Latitud_Decimal": -53.05,
                "Longitud_Decimal": -70.85277777777777
            }
        },
        {
            "type": "Feature",
            "geometry": {
                "type": "Point",
                "coordinates": [
                    -71.52666666666667,
                    -52.12583333333333
                ]
            },
            "properties": {
                "C\u00f3digo Soporte": "14.949",
                "C\u00f3digo Elemento": "14.147",
                "Empresa": "Movistar",
                "Nombre Comercial Tecnolog\u00eda": "2G",
                "Direcci\u00f3n": "Ruta 9, Km 155 carretera a Puerto Natales",
                "Localidad": "",
                "Comuna": "Laguna Blanca",
                "Regi\u00f3n": "Regi\u00f3n de Magallanes y de la Ant\u00e1rtica Chilena",
                "Tipo Documento Autorizatorio": "DECRETO NOTIFICADO",
                "Nro. Documento": "59",
                "Fecha Documento": "16/01/2006",
                "Tipo Soporte": "Torre Ventada",
                "Altura": "48",
                "Frecuencia": "1900",
                "Banda": "UHF",
                "Ancho Banda": "20000",
                "Tecnolog\u00eda": "GSM(2G)",
                "Tipo Acceso": "TDMA",
                "Latitud": "52\u00b0 7\u00b4 33\u00b4\u00b4",
                "Longitud": "71\u00b0 31\u00b4 36\u00b4\u00b4",
                "x": "-71,527",
                "y": "-52,126",
                "Latitud_Decimal": -52.12583333333333,
                "Longitud_Decimal": -71.52666666666667
            }
        },
        {
            "type": "Feature",
            "geometry": {
                "type": "Point",
                "coordinates": [
                    -70.93194444444445,
                    -53.16027777777778
                ]
            },
            "properties": {
                "C\u00f3digo Soporte": "18.597",
                "C\u00f3digo Elemento": "59.806",
                "Empresa": "Wom",
                "Nombre Comercial Tecnolog\u00eda": "2G/3G",
                "Direcci\u00f3n": "Cancha Rayada N\u00b0375",
                "Localidad": "",
                "Comuna": "Punta Arenas",
                "Regi\u00f3n": "Regi\u00f3n de Magallanes y de la Ant\u00e1rtica Chilena",
                "Tipo Documento Autorizatorio": "DECRETO EXENTO NOTIFICADO",
                "Nro. Documento": "336",
                "Fecha Documento": "17/03/2011",
                "Tipo Soporte": "Monoposte",
                "Altura": "29",
                "Frecuencia": "2100",
                "Banda": "UHF",
                "Ancho Banda": "30000",
                "Tecnolog\u00eda": "GSM(2G)/UMTS(3G)",
                "Tipo Acceso": "TDMA/WCDMA",
                "Latitud": "53\u00b0 9\u00b4 37\u00b4\u00b4",
                "Longitud": "70\u00b0 55\u00b4 55\u00b4\u00b4",
                "x": "-70,932",
                "y": "-53,16",
                "Latitud_Decimal": -53.16027777777778,
                "Longitud_Decimal": -70.93194444444445
            }
        },
        {
            "type": "Feature",
            "geometry": {
                "type": "Point",
                "coordinates": [
                    -72.49111111111111,
                    -51.81111111111111
                ]
            },
            "properties": {
                "C\u00f3digo Soporte": "17.536",
                "C\u00f3digo Elemento": "18.340",
                "Empresa": "Movistar",
                "Nombre Comercial Tecnolog\u00eda": "2G",
                "Direcci\u00f3n": "O'Higgins N\u00ba 1247",
                "Localidad": "",
                "Comuna": "Natales",
                "Regi\u00f3n": "Regi\u00f3n de Magallanes y de la Ant\u00e1rtica Chilena",
                "Tipo Documento Autorizatorio": "DECRETO NOTIFICADO",
                "Nro. Documento": "302",
                "Fecha Documento": "07/06/2006",
                "Tipo Soporte": "Torre Auto Soportada",
                "Altura": "30",
                "Frecuencia": "850",
                "Banda": "UHF",
                "Ancho Banda": "25000",
                "Tecnolog\u00eda": "GSM(2G)",
                "Tipo Acceso": "TDMA",
                "Latitud": "51\u00b0 48\u00b4 40\u00b4\u00b4",
                "Longitud": "72\u00b0 29\u00b4 28\u00b4\u00b4",
                "x": "-72,491",
                "y": "-51,811",
                "Latitud_Decimal": -51.81111111111111,
                "Longitud_Decimal": -72.49111111111111
            }
        },
        {
            "type": "Feature",
            "geometry": {
                "type": "Point",
                "coordinates": [
                    -72.49388888888889,
                    -51.72638888888889
                ]
            },
            "properties": {
                "C\u00f3digo Soporte": "14.965",
                "C\u00f3digo Elemento": "36.051",
                "Empresa": "ENTEL PCS",
                "Nombre Comercial Tecnolog\u00eda": "2G",
                "Direcci\u00f3n": "ESMERALDA N\u00ba 1096, ESQUINA BALMACEDA",
                "Localidad": "",
                "Comuna": "Natales",
                "Regi\u00f3n": "Regi\u00f3n de Magallanes y de la Ant\u00e1rtica Chilena",
                "Tipo Documento Autorizatorio": "DECRETO NOTIFICADO",
                "Nro. Documento": "559",
                "Fecha Documento": "30/06/2008",
                "Tipo Soporte": "Torre Auto Soportada",
                "Altura": "24",
                "Frecuencia": "1900",
                "Banda": "UHF",
                "Ancho Banda": "30000",
                "Tecnolog\u00eda": "GSM(2G)",
                "Tipo Acceso": "TDMA",
                "Latitud": "51\u00b0 43\u00b4 35\u00b4\u00b4",
                "Longitud": "72\u00b0 29\u00b4 38\u00b4\u00b4",
                "x": "-72,494",
                "y": "-51,726",
                "Latitud_Decimal": -51.72638888888889,
                "Longitud_Decimal": -72.49388888888889
            }
        },
        {
            "type": "Feature",
            "geometry": {
                "type": "Point",
                "coordinates": [
                    -70.86969169999999,
                    -53.125666700000004
                ]
            },
            "properties": {
                "C\u00f3digo Soporte": "11.425",
                "C\u00f3digo Elemento": "34.453",
                "Empresa": "CLARO CHILE SPA.",
                "Nombre Comercial Tecnolog\u00eda": "2G",
                "Direcci\u00f3n": "Avda. Bulnes N\u00ba 04800",
                "Localidad": "",
                "Comuna": "Punta Arenas",
                "Regi\u00f3n": "Regi\u00f3n de Magallanes y de la Ant\u00e1rtica Chilena",
                "Tipo Documento Autorizatorio": "DECRETO EXENTO NOTIFICADO",
                "Nro. Documento": "485",
                "Fecha Documento": "09/08/2013",
                "Tipo Soporte": "Monoposte",
                "Altura": "36",
                "Frecuencia": "850",
                "Banda": "UHF",
                "Ancho Banda": "25000",
                "Tecnolog\u00eda": "GSM(2G)",
                "Tipo Acceso": "TDMA",
                "Latitud": "53\u00b0 7\u00b4 32.40012\u00b4\u00b4",
                "Longitud": "70\u00b0 52\u00b4 10.89012\u00b4\u00b4",
                "x": "-70,87",
                "y": "-53,126",
                "Latitud_Decimal": -53.125666700000004,
                "Longitud_Decimal": -70.86969169999999
            }
        },
        {
            "type": "Feature",
            "geometry": {
                "type": "Point",
                "coordinates": [
                    -70.92376111111112,
                    -53.170874999999995
                ]
            },
            "properties": {
                "C\u00f3digo Soporte": "27.095",
                "C\u00f3digo Elemento": "14.209",
                "Empresa": "Movistar",
                "Nombre Comercial Tecnolog\u00eda": "2G",
                "Direcci\u00f3n": "Av. Espa\u00f1a N\u00ba 2139",
                "Localidad": "",
                "Comuna": "Punta Arenas",
                "Regi\u00f3n": "Regi\u00f3n de Magallanes y de la Ant\u00e1rtica Chilena",
                "Tipo Documento Autorizatorio": "DECRETO NOTIFICADO",
                "Nro. Documento": "208",
                "Fecha Documento": "25/04/2006",
                "Tipo Soporte": "Azotea",
                "Altura": "11",
                "Frecuencia": "850",
                "Banda": "UHF",
                "Ancho Banda": "25000",
                "Tecnolog\u00eda": "GSM(2G)",
                "Tipo Acceso": "TDMA",
                "Latitud": "53\u00b0 10\u00b4 15.15\u00b4\u00b4",
                "Longitud": "70\u00b0 55\u00b4 25.54\u00b4\u00b4",
                "x": "-70,924",
                "y": "-53,171",
                "Latitud_Decimal": -53.170874999999995,
                "Longitud_Decimal": -70.92376111111112
            }
        },
        {
            "type": "Feature",
            "geometry": {
                "type": "Point",
                "coordinates": [
                    -70.91516666666668,
                    -53.15783333333333
                ]
            },
            "properties": {
                "C\u00f3digo Soporte": "19.269",
                "C\u00f3digo Elemento": "56.221",
                "Empresa": "VTR COMUNICACIONES SPA",
                "Nombre Comercial Tecnolog\u00eda": "3G",
                "Direcci\u00f3n": "Hijuela 14 G-B Cerro Dorotea",
                "Localidad": "",
                "Comuna": "Natales",
                "Regi\u00f3n": "Regi\u00f3n de Magallanes y de la Ant\u00e1rtica Chilena",
                "Tipo Documento Autorizatorio": "DECRETO EXENTO NOTIFICADO",
                "Nro. Documento": "597",
                "Fecha Documento": "12/07/2019",
                "Tipo Soporte": "Torre Auto Soportada",
                "Altura": "18",
                "Frecuencia": "2100",
                "Banda": "UHF",
                "Ancho Banda": "30000",
                "Tecnolog\u00eda": "UMTS(3G)",
                "Tipo Acceso": "WCDMA",
                "Latitud": "53\u00b0 9\u00b4 28.2\u00b4\u00b4",
                "Longitud": "70\u00b0 54\u00b4 54.6\u00b4\u00b4",
                "x": "-70,915",
                "y": "-53,158",
                "Latitud_Decimal": -53.15783333333333,
                "Longitud_Decimal": -70.91516666666668
            }
        },
        {
            "type": "Feature",
            "geometry": {
                "type": "Point",
                "coordinates": [
                    -70.37720833333333,
                    -53.310249999999996
                ]
            },
            "properties": {
                "C\u00f3digo Soporte": "20.379",
                "C\u00f3digo Elemento": "18.344",
                "Empresa": "Movistar",
                "Nombre Comercial Tecnolog\u00eda": "2G",
                "Direcci\u00f3n": "Predio Miramar s/n, sector Santa Mar\u00eda. Provincia Tierra del Fuego",
                "Localidad": "",
                "Comuna": "Porvenir",
                "Regi\u00f3n": "Regi\u00f3n de Magallanes y de la Ant\u00e1rtica Chilena",
                "Tipo Documento Autorizatorio": "DECRETO NOTIFICADO",
                "Nro. Documento": "302",
                "Fecha Documento": "07/06/2006",
                "Tipo Soporte": "Torre Auto Soportada",
                "Altura": "60",
                "Frecuencia": "850",
                "Banda": "UHF",
                "Ancho Banda": "25000",
                "Tecnolog\u00eda": "GSM(2G)",
                "Tipo Acceso": "TDMA",
                "Latitud": "53\u00b0 18\u00b4 36.9\u00b4\u00b4",
                "Longitud": "70\u00b0 22\u00b4 37.95\u00b4\u00b4",
                "x": "-70,377",
                "y": "-53,31",
                "Latitud_Decimal": -53.310249999999996,
                "Longitud_Decimal": -70.37720833333333
            }
        },
        {
            "type": "Feature",
            "geometry": {
                "type": "Point",
                "coordinates": [
                    -70.82416666666666,
                    -53.01
                ]
            },
            "properties": {
                "C\u00f3digo Soporte": "16.328",
                "C\u00f3digo Elemento": "14.056",
                "Empresa": "Movistar",
                "Nombre Comercial Tecnolog\u00eda": "2G",
                "Direcci\u00f3n": "Ruta 9; Km 19,06",
                "Localidad": "",
                "Comuna": "Punta Arenas",
                "Regi\u00f3n": "Regi\u00f3n de Magallanes y de la Ant\u00e1rtica Chilena",
                "Tipo Documento Autorizatorio": "DECRETO NOTIFICADO",
                "Nro. Documento": "496",
                "Fecha Documento": "02/09/2004",
                "Tipo Soporte": "Torre Auto Soportada",
                "Altura": "30",
                "Frecuencia": "1900",
                "Banda": "UHF",
                "Ancho Banda": "20000",
                "Tecnolog\u00eda": "GSM(2G)",
                "Tipo Acceso": "TDMA",
                "Latitud": "53\u00b0 0\u00b4 36\u00b4\u00b4",
                "Longitud": "70\u00b0 49\u00b4 27\u00b4\u00b4",
                "x": "-70,824",
                "y": "-53,01",
                "Latitud_Decimal": -53.01,
                "Longitud_Decimal": -70.82416666666666
            }
        },
        {
            "type": "Feature",
            "geometry": {
                "type": "Point",
                "coordinates": [
                    -70.88277777777778,
                    -53.08777777777778
                ]
            },
            "properties": {
                "C\u00f3digo Soporte": "14.932",
                "C\u00f3digo Elemento": "47.546",
                "Empresa": "ENTEL PCS",
                "Nombre Comercial Tecnolog\u00eda": "2G",
                "Direcci\u00f3n": "KM. 8,5, RUTA 9 NORTE N\u00ba 09606",
                "Localidad": "",
                "Comuna": "Punta Arenas",
                "Regi\u00f3n": "Regi\u00f3n de Magallanes y de la Ant\u00e1rtica Chilena",
                "Tipo Documento Autorizatorio": "DECRETO EXENTO NOTIFICADO",
                "Nro. Documento": "765",
                "Fecha Documento": "29/09/2009",
                "Tipo Soporte": "Torre Ventada",
                "Altura": "60",
                "Frecuencia": "1900",
                "Banda": "UHF",
                "Ancho Banda": "30000",
                "Tecnolog\u00eda": "GSM(2G)",
                "Tipo Acceso": "TDMA",
                "Latitud": "53\u00b0 5\u00b4 16\u00b4\u00b4",
                "Longitud": "70\u00b0 52\u00b4 58\u00b4\u00b4",
                "x": "-70,883",
                "y": "-53,088",
                "Latitud_Decimal": -53.08777777777778,
                "Longitud_Decimal": -70.88277777777778
            }
        },
        {
            "type": "Feature",
            "geometry": {
                "type": "Point",
                "coordinates": [
                    -70.90944444444445,
                    -53.16722222222222
                ]
            },
            "properties": {
                "C\u00f3digo Soporte": "14.945",
                "C\u00f3digo Elemento": "21.844",
                "Empresa": "ENTEL PCS",
                "Nombre Comercial Tecnolog\u00eda": "2G",
                "Direcci\u00f3n": "PLAZA MU\u00d1OZ GAMERO N\u00ba 1039",
                "Localidad": "",
                "Comuna": "Punta Arenas",
                "Regi\u00f3n": "Regi\u00f3n de Magallanes y de la Ant\u00e1rtica Chilena",
                "Tipo Documento Autorizatorio": "DECRETO NOTIFICADO",
                "Nro. Documento": "812",
                "Fecha Documento": "27/12/2006",
                "Tipo Soporte": "Sin Info",
                "Altura": "24",
                "Frecuencia": "1900",
                "Banda": "UHF",
                "Ancho Banda": "30000",
                "Tecnolog\u00eda": "GSM(2G)",
                "Tipo Acceso": "TDMA",
                "Latitud": "53\u00b0 10\u00b4 2\u00b4\u00b4",
                "Longitud": "70\u00b0 54\u00b4 34\u00b4\u00b4",
                "x": "-70,909",
                "y": "-53,167",
                "Latitud_Decimal": -53.16722222222222,
                "Longitud_Decimal": -70.90944444444445
            }
        },
        {
            "type": "Feature",
            "geometry": {
                "type": "Point",
                "coordinates": [
                    -70.92333333333333,
                    -53.13472222222222
                ]
            },
            "properties": {
                "C\u00f3digo Soporte": "14.923",
                "C\u00f3digo Elemento": "393.364",
                "Empresa": "ENTEL PCS",
                "Nombre Comercial Tecnolog\u00eda": "2G",
                "Direcci\u00f3n": "Coronel Jos\u00e9 de los Santos Mar\u00edn N\u00b0 1695",
                "Localidad": "",
                "Comuna": "Punta Arenas",
                "Regi\u00f3n": "Regi\u00f3n de Magallanes y de la Ant\u00e1rtica Chilena",
                "Tipo Documento Autorizatorio": "DECRETO NOTIFICADO",
                "Nro. Documento": "836",
                "Fecha Documento": "30/08/2007",
                "Tipo Soporte": "Torre Auto Soportada",
                "Altura": "30",
                "Frecuencia": "1900",
                "Banda": "UHF",
                "Ancho Banda": "30000",
                "Tecnolog\u00eda": "GSM(2G)",
                "Tipo Acceso": "TDMA",
                "Latitud": "53\u00b0 8\u00b4 5\u00b4\u00b4",
                "Longitud": "70\u00b0 55\u00b4 24\u00b4\u00b4",
                "x": "-70,923",
                "y": "-53,135",
                "Latitud_Decimal": -53.13472222222222,
                "Longitud_Decimal": -70.92333333333333
            }
        },
        {
            "type": "Feature",
            "geometry": {
                "type": "Point",
                "coordinates": [
                    -70.90611111111112,
                    -53.12166666666667
                ]
            },
            "properties": {
                "C\u00f3digo Soporte": "14.931",
                "C\u00f3digo Elemento": "43.649",
                "Empresa": "ENTEL PCS",
                "Nombre Comercial Tecnolog\u00eda": "",
                "Direcci\u00f3n": "AV. LOS FLAMENCOS, PARC. N\u00ba0845, PARCELA D-4",
                "Localidad": "",
                "Comuna": "Punta Arenas",
                "Regi\u00f3n": "Regi\u00f3n de Magallanes y de la Ant\u00e1rtica Chilena",
                "Tipo Documento Autorizatorio": "DECRETO EXENTO NOTIFICADO",
                "Nro. Documento": "658",
                "Fecha Documento": "31/08/2009",
                "Tipo Soporte": "Torre Ventada",
                "Altura": "36",
                "Frecuencia": "1900",
                "Banda": "UHF",
                "Ancho Banda": "30000",
                "Tecnolog\u00eda": "El Bosque - Circunvalaci\u00f3n ",
                "Tipo Acceso": "TDMA",
                "Latitud": "53\u00b0 7\u00b4 18\u00b4\u00b4",
                "Longitud": "70\u00b0 54\u00b4 22\u00b4\u00b4",
                "x": "-70,906",
                "y": "-53,122",
                "Latitud_Decimal": -53.12166666666667,
                "Longitud_Decimal": -70.90611111111112
            }
        },
        {
            "type": "Feature",
            "geometry": {
                "type": "Point",
                "coordinates": [
                    -71.52666666666667,
                    -52.12583333333333
                ]
            },
            "properties": {
                "C\u00f3digo Soporte": "14.949",
                "C\u00f3digo Elemento": "7828",
                "Empresa": "ENTEL PCS",
                "Nombre Comercial Tecnolog\u00eda": "2G",
                "Direcci\u00f3n": "ESTANCIA PRIMAVERA, SECTOR MORRO CHICO",
                "Localidad": "",
                "Comuna": "Laguna Blanca",
                "Regi\u00f3n": "Regi\u00f3n de Magallanes y de la Ant\u00e1rtica Chilena",
                "Tipo Documento Autorizatorio": "DECRETO NOTIFICADO",
                "Nro. Documento": "364",
                "Fecha Documento": "19/08/2005",
                "Tipo Soporte": "Torre Ventada",
                "Altura": "48",
                "Frecuencia": "1900",
                "Banda": "UHF",
                "Ancho Banda": "30000",
                "Tecnolog\u00eda": "GSM(2G)",
                "Tipo Acceso": "TDMA",
                "Latitud": "52\u00b0 7\u00b4 33\u00b4\u00b4",
                "Longitud": "71\u00b0 31\u00b4 36\u00b4\u00b4",
                "x": "-71,527",
                "y": "-52,126",
                "Latitud_Decimal": -52.12583333333333,
                "Longitud_Decimal": -71.52666666666667
            }
        },
        {
            "type": "Feature",
            "geometry": {
                "type": "Point",
                "coordinates": [
                    -70.89472222222223,
                    -53.05305555555555
                ]
            },
            "properties": {
                "C\u00f3digo Soporte": "17.582",
                "C\u00f3digo Elemento": "60.808",
                "Empresa": "MOVISTAR MOVIL",
                "Nombre Comercial Tecnolog\u00eda": "2G",
                "Direcci\u00f3n": "Ruta 9 Norte, Km 13,5; Loteo G Varillas, Parcela 34. R\u00edo Seco",
                "Localidad": "",
                "Comuna": "Punta Arenas",
                "Regi\u00f3n": "Regi\u00f3n de Magallanes y de la Ant\u00e1rtica Chilena",
                "Tipo Documento Autorizatorio": "RES. NOTIFICADA",
                "Nro. Documento": "36",
                "Fecha Documento": "09/01/2007",
                "Tipo Soporte": "Torre Auto Soportada",
                "Altura": "30",
                "Frecuencia": "1900",
                "Banda": "UHF",
                "Ancho Banda": "10000",
                "Tecnolog\u00eda": "GSM(2G)",
                "Tipo Acceso": "TDMA",
                "Latitud": "53\u00b0 3\u00b4 11\u00b4\u00b4",
                "Longitud": "70\u00b0 53\u00b4 41\u00b4\u00b4",
                "x": "-70,895",
                "y": "-53,053",
                "Latitud_Decimal": -53.05305555555555,
                "Longitud_Decimal": -70.89472222222223
            }
        },
        {
            "type": "Feature",
            "geometry": {
                "type": "Point",
                "coordinates": [
                    -70.9088888888889,
                    -53.132777777777775
                ]
            },
            "properties": {
                "C\u00f3digo Soporte": "14.937",
                "C\u00f3digo Elemento": "48.224",
                "Empresa": "ENTEL PCS",
                "Nombre Comercial Tecnolog\u00eda": "2G",
                "Direcci\u00f3n": "PRESIDENTE EDUARDO FREI MONTALVA N\u00ba 0983",
                "Localidad": "",
                "Comuna": "Punta Arenas",
                "Regi\u00f3n": "Regi\u00f3n de Magallanes y de la Ant\u00e1rtica Chilena",
                "Tipo Documento Autorizatorio": "DECRETO EXENTO NOTIFICADO",
                "Nro. Documento": "1066",
                "Fecha Documento": "13/11/2009",
                "Tipo Soporte": "Torre Auto Soportada",
                "Altura": "30",
                "Frecuencia": "1900",
                "Banda": "UHF",
                "Ancho Banda": "30000",
                "Tecnolog\u00eda": "GSM(2G)",
                "Tipo Acceso": "TDMA",
                "Latitud": "53\u00b0 7\u00b4 58\u00b4\u00b4",
                "Longitud": "70\u00b0 54\u00b4 32\u00b4\u00b4",
                "x": "-70,909",
                "y": "-53,133",
                "Latitud_Decimal": -53.132777777777775,
                "Longitud_Decimal": -70.9088888888889
            }
        },
        {
            "type": "Feature",
            "geometry": {
                "type": "Point",
                "coordinates": [
                    -72.48005555555555,
                    -51.71461111111111
                ]
            },
            "properties": {
                "C\u00f3digo Soporte": "18.598",
                "C\u00f3digo Elemento": "56.619",
                "Empresa": "Wom",
                "Nombre Comercial Tecnolog\u00eda": "2G/3G",
                "Direcci\u00f3n": "Camino Dorotea Km 3, s/n",
                "Localidad": "",
                "Comuna": "Natales",
                "Regi\u00f3n": "Regi\u00f3n de Magallanes y de la Ant\u00e1rtica Chilena",
                "Tipo Documento Autorizatorio": "DECRETO NOTIFICADO",
                "Nro. Documento": "63",
                "Fecha Documento": "20/04/2010",
                "Tipo Soporte": "Torre Auto Soportada",
                "Altura": "25",
                "Frecuencia": "2100",
                "Banda": "UHF",
                "Ancho Banda": "30000",
                "Tecnolog\u00eda": "GSM(2G)/UMTS(3G)",
                "Tipo Acceso": "TDMA/WCDMA",
                "Latitud": "51\u00b0 42\u00b4 52.6\u00b4\u00b4",
                "Longitud": "72\u00b0 28\u00b4 48.2\u00b4\u00b4",
                "x": "-72,48",
                "y": "-51,715",
                "Latitud_Decimal": -51.71461111111111,
                "Longitud_Decimal": -72.48005555555555
            }
        },
        {
            "type": "Feature",
            "geometry": {
                "type": "Point",
                "coordinates": [
                    -70.903,
                    -53.152277777777776
                ]
            },
            "properties": {
                "C\u00f3digo Soporte": "24.743",
                "C\u00f3digo Elemento": "14.120",
                "Empresa": "Movistar",
                "Nombre Comercial Tecnolog\u00eda": "2G",
                "Direcci\u00f3n": "Armando Sanhueza N\u00ba 110 - 114",
                "Localidad": "",
                "Comuna": "Punta Arenas",
                "Regi\u00f3n": "Regi\u00f3n de Magallanes y de la Ant\u00e1rtica Chilena",
                "Tipo Documento Autorizatorio": "DECRETO NOTIFICADO",
                "Nro. Documento": "278",
                "Fecha Documento": "04/07/2005",
                "Tipo Soporte": "Torre Auto Soportada",
                "Altura": "30",
                "Frecuencia": "1900",
                "Banda": "UHF",
                "Ancho Banda": "20000",
                "Tecnolog\u00eda": "GSM(2G)",
                "Tipo Acceso": "TDMA",
                "Latitud": "53\u00b0 9\u00b4 8.2\u00b4\u00b4",
                "Longitud": "70\u00b0 54\u00b4 10.8\u00b4\u00b4",
                "x": "-70,903",
                "y": "-53,152",
                "Latitud_Decimal": -53.152277777777776,
                "Longitud_Decimal": -70.903
            }
        },
        {
            "type": "Feature",
            "geometry": {
                "type": "Point",
                "coordinates": [
                    -70.91591670000001,
                    -53.1568056
                ]
            },
            "properties": {
                "C\u00f3digo Soporte": "11.410",
                "C\u00f3digo Elemento": "19.839",
                "Empresa": "CLARO CHILE SPA.",
                "Nombre Comercial Tecnolog\u00eda": "2G",
                "Direcci\u00f3n": "Patagona N\u00b0 825",
                "Localidad": "",
                "Comuna": "Punta Arenas",
                "Regi\u00f3n": "Regi\u00f3n de Magallanes y de la Ant\u00e1rtica Chilena",
                "Tipo Documento Autorizatorio": "DECRETO NOTIFICADO",
                "Nro. Documento": "566",
                "Fecha Documento": "03/10/2006",
                "Tipo Soporte": "Torre Auto Soportada",
                "Altura": "34",
                "Frecuencia": "850",
                "Banda": "UHF",
                "Ancho Banda": "25000",
                "Tecnolog\u00eda": "GSM(2G)",
                "Tipo Acceso": "TDMA",
                "Latitud": "53\u00b0 9\u00b4 24.500159999999997\u00b4\u00b4",
                "Longitud": "70\u00b0 54\u00b4 57.30012\u00b4\u00b4",
                "x": "-70,916",
                "y": "-53,157",
                "Latitud_Decimal": -53.1568056,
                "Longitud_Decimal": -70.91591670000001
            }
        },
        {
            "type": "Feature",
            "geometry": {
                "type": "Point",
                "coordinates": [
                    -69.64333333333335,
                    -53.63861111111111
                ]
            },
            "properties": {
                "C\u00f3digo Soporte": "14.962",
                "C\u00f3digo Elemento": "53.539",
                "Empresa": "ENTEL PCS",
                "Nombre Comercial Tecnolog\u00eda": "2G",
                "Direcci\u00f3n": "Sector Cameron",
                "Localidad": "",
                "Comuna": "Timaukel",
                "Regi\u00f3n": "Regi\u00f3n de Magallanes y de la Ant\u00e1rtica Chilena",
                "Tipo Documento Autorizatorio": "DECRETO EXENTO NOTIFICADO",
                "Nro. Documento": "335",
                "Fecha Documento": "04/06/2013",
                "Tipo Soporte": "Torre Ventada",
                "Altura": "36",
                "Frecuencia": "1900",
                "Banda": "UHF",
                "Ancho Banda": "60000",
                "Tecnolog\u00eda": "GSM(2G)",
                "Tipo Acceso": "TDMA",
                "Latitud": "53\u00b0 38\u00b4 19\u00b4\u00b4",
                "Longitud": "69\u00b0 38\u00b4 36\u00b4\u00b4",
                "x": "-69,643",
                "y": "-53,639",
                "Latitud_Decimal": -53.63861111111111,
                "Longitud_Decimal": -69.64333333333335
            }
        },
        {
            "type": "Feature",
            "geometry": {
                "type": "Point",
                "coordinates": [
                    -70.93194444444445,
                    -53.159444444444446
                ]
            },
            "properties": {
                "C\u00f3digo Soporte": "17.631",
                "C\u00f3digo Elemento": "18.347",
                "Empresa": "Movistar",
                "Nombre Comercial Tecnolog\u00eda": "2G",
                "Direcci\u00f3n": "Mart\u00ednez de Aldunate N\u00ba 1471",
                "Localidad": "",
                "Comuna": "Punta Arenas",
                "Regi\u00f3n": "Regi\u00f3n de Magallanes y de la Ant\u00e1rtica Chilena",
                "Tipo Documento Autorizatorio": "DECRETO NOTIFICADO",
                "Nro. Documento": "302",
                "Fecha Documento": "07/06/2006",
                "Tipo Soporte": "Torre Auto Soportada",
                "Altura": "36",
                "Frecuencia": "850",
                "Banda": "UHF",
                "Ancho Banda": "25000",
                "Tecnolog\u00eda": "GSM(2G)",
                "Tipo Acceso": "TDMA",
                "Latitud": "53\u00b0 9\u00b4 34\u00b4\u00b4",
                "Longitud": "70\u00b0 55\u00b4 55\u00b4\u00b4",
                "x": "-70,932",
                "y": "-53,159",
                "Latitud_Decimal": -53.159444444444446,
                "Longitud_Decimal": -70.93194444444445
            }
        },
        {
            "type": "Feature",
            "geometry": {
                "type": "Point",
                "coordinates": [
                    -70.89796940000001,
                    -53.1412472
                ]
            },
            "properties": {
                "C\u00f3digo Soporte": "11.411",
                "C\u00f3digo Elemento": "34.546",
                "Empresa": "CLARO CHILE SPA.",
                "Nombre Comercial Tecnolog\u00eda": "2G",
                "Direcci\u00f3n": "Dr. Oscar Munizaga, S/N",
                "Localidad": "",
                "Comuna": "Punta Arenas",
                "Regi\u00f3n": "Regi\u00f3n de Magallanes y de la Ant\u00e1rtica Chilena",
                "Tipo Documento Autorizatorio": "DECRETO EXENTO NOTIFICADO",
                "Nro. Documento": "412",
                "Fecha Documento": "04/06/2019",
                "Tipo Soporte": "Monoposte",
                "Altura": "36",
                "Frecuencia": "1900",
                "Banda": "SHF",
                "Ancho Banda": "30000",
                "Tecnolog\u00eda": "GSM(2G)",
                "Tipo Acceso": "TDMA",
                "Latitud": "53\u00b0 8\u00b4 28.489919999999998\u00b4\u00b4",
                "Longitud": "70\u00b0 53\u00b4 52.68984\u00b4\u00b4",
                "x": "-70,898",
                "y": "-53,141",
                "Latitud_Decimal": -53.1412472,
                "Longitud_Decimal": -70.89796940000001
            }
        },
        {
            "type": "Feature",
            "geometry": {
                "type": "Point",
                "coordinates": [
                    -71.0409417,
                    -53.1569417
                ]
            },
            "properties": {
                "C\u00f3digo Soporte": "11.416",
                "C\u00f3digo Elemento": "18.984",
                "Empresa": "CLARO CHILE SPA.",
                "Nombre Comercial Tecnolog\u00eda": "2G",
                "Direcci\u00f3n": "Cerro Mirador s/n",
                "Localidad": "",
                "Comuna": "Punta Arenas",
                "Regi\u00f3n": "Regi\u00f3n de Magallanes y de la Ant\u00e1rtica Chilena",
                "Tipo Documento Autorizatorio": "DECRETO NOTIFICADO",
                "Nro. Documento": "710",
                "Fecha Documento": "21/11/2006",
                "Tipo Soporte": "Torre Auto Soportada",
                "Altura": "42",
                "Frecuencia": "1900",
                "Banda": "UHF",
                "Ancho Banda": "30000",
                "Tecnolog\u00eda": "GSM(2G)",
                "Tipo Acceso": "TDMA",
                "Latitud": "53\u00b0 9\u00b4 24.990119999999997\u00b4\u00b4",
                "Longitud": "71\u00b0 2\u00b4 27.39012\u00b4\u00b4",
                "x": "-71,041",
                "y": "-53,157",
                "Latitud_Decimal": -53.1569417,
                "Longitud_Decimal": -71.0409417
            }
        },
        {
            "type": "Feature",
            "geometry": {
                "type": "Point",
                "coordinates": [
                    -70.83999999999999,
                    -52.953138900000006
                ]
            },
            "properties": {
                "C\u00f3digo Soporte": "11.415",
                "C\u00f3digo Elemento": "32.121",
                "Empresa": "CLARO CHILE SPA.",
                "Nombre Comercial Tecnolog\u00eda": "2G",
                "Direcci\u00f3n": "Ruta 9, Km 25, Sector Cabo Negro",
                "Localidad": "",
                "Comuna": "Punta Arenas",
                "Regi\u00f3n": "Regi\u00f3n de Magallanes y de la Ant\u00e1rtica Chilena",
                "Tipo Documento Autorizatorio": "DECRETO NOTIFICADO",
                "Nro. Documento": "1043",
                "Fecha Documento": "12/11/2007",
                "Tipo Soporte": "Torre Auto Soportada",
                "Altura": "48",
                "Frecuencia": "850",
                "Banda": "UHF",
                "Ancho Banda": "25000",
                "Tecnolog\u00eda": "GSM(2G)",
                "Tipo Acceso": "TDMA",
                "Latitud": "52\u00b0 57\u00b4 11.30004\u00b4\u00b4",
                "Longitud": "70\u00b0 50\u00b4 24\u00b4\u00b4",
                "x": "-70,84",
                "y": "-52,953",
                "Latitud_Decimal": -52.953138900000006,
                "Longitud_Decimal": -70.83999999999999
            }
        },
        {
            "type": "Feature",
            "geometry": {
                "type": "Point",
                "coordinates": [
                    -68.80333333333333,
                    -54.04694444444444
                ]
            },
            "properties": {
                "C\u00f3digo Soporte": "14.963",
                "C\u00f3digo Elemento": "54.127",
                "Empresa": "ENTEL PCS",
                "Nombre Comercial Tecnolog\u00eda": "2G",
                "Direcci\u00f3n": "Sector Pampa Guanaco",
                "Localidad": "",
                "Comuna": "Timaukel",
                "Regi\u00f3n": "Regi\u00f3n de Magallanes y de la Ant\u00e1rtica Chilena",
                "Tipo Documento Autorizatorio": "DECRETO EXENTO NOTIFICADO",
                "Nro. Documento": "1434",
                "Fecha Documento": "16/11/2011",
                "Tipo Soporte": "Torre Ventada",
                "Altura": "36",
                "Frecuencia": "1900",
                "Banda": "UHF",
                "Ancho Banda": "30000",
                "Tecnolog\u00eda": "GSM(2G)",
                "Tipo Acceso": "TDMA",
                "Latitud": "54\u00b0 2\u00b4 49\u00b4\u00b4",
                "Longitud": "68\u00b0 48\u00b4 12\u00b4\u00b4",
                "x": "-68,803",
                "y": "-54,047",
                "Latitud_Decimal": -54.04694444444444,
                "Longitud_Decimal": -68.80333333333333
            }
        },
        {
            "type": "Feature",
            "geometry": {
                "type": "Point",
                "coordinates": [
                    -69.7542472,
                    -52.3825
                ]
            },
            "properties": {
                "C\u00f3digo Soporte": "11.417",
                "C\u00f3digo Elemento": "30.619",
                "Empresa": "CLARO CHILE SPA.",
                "Nombre Comercial Tecnolog\u00eda": "2G",
                "Direcci\u00f3n": "Ruta CH- 255, Km. 105, s/n\u00b0",
                "Localidad": "",
                "Comuna": "San Gregorio",
                "Regi\u00f3n": "Regi\u00f3n de Magallanes y de la Ant\u00e1rtica Chilena",
                "Tipo Documento Autorizatorio": "DECRETO NOTIFICADO",
                "Nro. Documento": "640",
                "Fecha Documento": "05/07/2007",
                "Tipo Soporte": "Torre Auto Soportada",
                "Altura": "36",
                "Frecuencia": "850",
                "Banda": "UHF",
                "Ancho Banda": "25000",
                "Tecnolog\u00eda": "GSM(2G)",
                "Tipo Acceso": "TDMA",
                "Latitud": "52\u00b0 22\u00b4 57\u00b4\u00b4",
                "Longitud": "69\u00b0 45\u00b4 15.289919999999999\u00b4\u00b4",
                "x": "-69,754",
                "y": "-52,382",
                "Latitud_Decimal": -52.3825,
                "Longitud_Decimal": -69.7542472
            }
        },
        {
            "type": "Feature",
            "geometry": {
                "type": "Point",
                "coordinates": [
                    -72.49111111111111,
                    -51.67944444444444
                ]
            },
            "properties": {
                "C\u00f3digo Soporte": "17.749",
                "C\u00f3digo Elemento": "13.536",
                "Empresa": "Movistar",
                "Nombre Comercial Tecnolog\u00eda": "2G",
                "Direcci\u00f3n": "Cerro Dorotea s/n",
                "Localidad": "",
                "Comuna": "Natales",
                "Regi\u00f3n": "Regi\u00f3n de Magallanes y de la Ant\u00e1rtica Chilena",
                "Tipo Documento Autorizatorio": "DECRETO NOTIFICADO",
                "Nro. Documento": "248",
                "Fecha Documento": "14/06/2004",
                "Tipo Soporte": "Torre Auto Soportada",
                "Altura": "18",
                "Frecuencia": "1900",
                "Banda": "UHF",
                "Ancho Banda": "10000",
                "Tecnolog\u00eda": "GSM(2G)",
                "Tipo Acceso": "FDD/TDMA",
                "Latitud": "51\u00b0 40\u00b4 46\u00b4\u00b4",
                "Longitud": "72\u00b0 29\u00b4 28\u00b4\u00b4",
                "x": "-72,491",
                "y": "-51,679",
                "Latitud_Decimal": -51.67944444444444,
                "Longitud_Decimal": -72.49111111111111
            }
        },
        {
            "type": "Feature",
            "geometry": {
                "type": "Point",
                "coordinates": [
                    -70.8261111111111,
                    -53.01027777777778
                ]
            },
            "properties": {
                "C\u00f3digo Soporte": "14.913",
                "C\u00f3digo Elemento": "43.690",
                "Empresa": "ENTEL PCS",
                "Nombre Comercial Tecnolog\u00eda": "2G",
                "Direcci\u00f3n": "AEROPUERTO DE PUNTA ARENAS",
                "Localidad": "",
                "Comuna": "Punta Arenas",
                "Regi\u00f3n": "Regi\u00f3n de Magallanes y de la Ant\u00e1rtica Chilena",
                "Tipo Documento Autorizatorio": "DECRETO EXENTO NOTIFICADO",
                "Nro. Documento": "284",
                "Fecha Documento": "27/03/2009",
                "Tipo Soporte": "Torre Ventada",
                "Altura": "30",
                "Frecuencia": "1900",
                "Banda": "UHF",
                "Ancho Banda": "30000",
                "Tecnolog\u00eda": "GSM(2G)",
                "Tipo Acceso": "TDMA",
                "Latitud": "53\u00b0 0\u00b4 37\u00b4\u00b4",
                "Longitud": "70\u00b0 49\u00b4 34\u00b4\u00b4",
                "x": "-70,826",
                "y": "-53,01",
                "Latitud_Decimal": -53.01027777777778,
                "Longitud_Decimal": -70.8261111111111
            }
        },
        {
            "type": "Feature",
            "geometry": {
                "type": "Point",
                "coordinates": [
                    -70.9063888888889,
                    -53.159444444444446
                ]
            },
            "properties": {
                "C\u00f3digo Soporte": "16.505",
                "C\u00f3digo Elemento": "12.889",
                "Empresa": "Movistar",
                "Nombre Comercial Tecnolog\u00eda": "2G",
                "Direcci\u00f3n": "Col\u00f3n N\u00b0 680",
                "Localidad": "",
                "Comuna": "Punta Arenas",
                "Regi\u00f3n": "Regi\u00f3n de Magallanes y de la Ant\u00e1rtica Chilena",
                "Tipo Documento Autorizatorio": "DECRETO NOTIFICADO",
                "Nro. Documento": "24",
                "Fecha Documento": "13/01/2004",
                "Tipo Soporte": "Torre Ventada",
                "Altura": "36",
                "Frecuencia": "1900",
                "Banda": "UHF",
                "Ancho Banda": "10000",
                "Tecnolog\u00eda": "GSM(2G)",
                "Tipo Acceso": "TDMA",
                "Latitud": "53\u00b0 9\u00b4 34\u00b4\u00b4",
                "Longitud": "70\u00b0 54\u00b4 23\u00b4\u00b4",
                "x": "-70,906",
                "y": "-53,159",
                "Latitud_Decimal": -53.159444444444446,
                "Longitud_Decimal": -70.9063888888889
            }
        },
        {
            "type": "Feature",
            "geometry": {
                "type": "Point",
                "coordinates": [
                    -70.95472222222223,
                    -53.141666666666666
                ]
            },
            "properties": {
                "C\u00f3digo Soporte": "14.933",
                "C\u00f3digo Elemento": "47.243",
                "Empresa": "ENTEL PCS",
                "Nombre Comercial Tecnolog\u00eda": "2G",
                "Direcci\u00f3n": "PARCELA N\u00ba 4, MIRADOR DEL SUR",
                "Localidad": "",
                "Comuna": "Punta Arenas",
                "Regi\u00f3n": "Regi\u00f3n de Magallanes y de la Ant\u00e1rtica Chilena",
                "Tipo Documento Autorizatorio": "DECRETO EXENTO NOTIFICADO",
                "Nro. Documento": "766",
                "Fecha Documento": "29/09/2009",
                "Tipo Soporte": "Torre Ventada",
                "Altura": "30",
                "Frecuencia": "1900",
                "Banda": "UHF",
                "Ancho Banda": "30000",
                "Tecnolog\u00eda": "GSM(2G)",
                "Tipo Acceso": "TDMA",
                "Latitud": "53\u00b0 8\u00b4 30\u00b4\u00b4",
                "Longitud": "70\u00b0 57\u00b4 17\u00b4\u00b4",
                "x": "-70,955",
                "y": "-53,142",
                "Latitud_Decimal": -53.141666666666666,
                "Longitud_Decimal": -70.95472222222223
            }
        },
        {
            "type": "Feature",
            "geometry": {
                "type": "Point",
                "coordinates": [
                    -71.0436111111111,
                    -53.156666666666666
                ]
            },
            "properties": {
                "C\u00f3digo Soporte": "14.908",
                "C\u00f3digo Elemento": "12.192",
                "Empresa": "ENTEL PCS",
                "Nombre Comercial Tecnolog\u00eda": "2G",
                "Direcci\u00f3n": "CO. MIRADOR",
                "Localidad": "",
                "Comuna": "Punta Arenas",
                "Regi\u00f3n": "Regi\u00f3n de Magallanes y de la Ant\u00e1rtica Chilena",
                "Tipo Documento Autorizatorio": "DECRETO NOTIFICADO",
                "Nro. Documento": "93",
                "Fecha Documento": "10/02/2000",
                "Tipo Soporte": "Torre Ventada",
                "Altura": "40",
                "Frecuencia": "1900",
                "Banda": "UHF",
                "Ancho Banda": "30000",
                "Tecnolog\u00eda": "GSM(2G)",
                "Tipo Acceso": "TDMA",
                "Latitud": "53\u00b0 9\u00b4 24\u00b4\u00b4",
                "Longitud": "71\u00b0 2\u00b4 37\u00b4\u00b4",
                "x": "-71,044",
                "y": "-53,157",
                "Latitud_Decimal": -53.156666666666666,
                "Longitud_Decimal": -71.0436111111111
            }
        },
        {
            "type": "Feature",
            "geometry": {
                "type": "Point",
                "coordinates": [
                    -71.0436111111111,
                    -53.156666666666666
                ]
            },
            "properties": {
                "C\u00f3digo Soporte": "14.908",
                "C\u00f3digo Elemento": "16.077",
                "Empresa": "ENTEL PCS",
                "Nombre Comercial Tecnolog\u00eda": "2G",
                "Direcci\u00f3n": "Cerro Mirador",
                "Localidad": "",
                "Comuna": "Punta Arenas",
                "Regi\u00f3n": "Regi\u00f3n de Magallanes y de la Ant\u00e1rtica Chilena",
                "Tipo Documento Autorizatorio": "DECRETO NOTIFICADO",
                "Nro. Documento": "141",
                "Fecha Documento": "10/03/2000",
                "Tipo Soporte": "Torre Ventada",
                "Altura": "40",
                "Frecuencia": "1900",
                "Banda": "UHF",
                "Ancho Banda": "30000",
                "Tecnolog\u00eda": "GSM(2G)",
                "Tipo Acceso": "TDMA",
                "Latitud": "53\u00b0 9\u00b4 24\u00b4\u00b4",
                "Longitud": "71\u00b0 2\u00b4 37\u00b4\u00b4",
                "x": "-71,044",
                "y": "-53,157",
                "Latitud_Decimal": -53.156666666666666,
                "Longitud_Decimal": -71.0436111111111
            }
        },
        {
            "type": "Feature",
            "geometry": {
                "type": "Point",
                "coordinates": [
                    -70.92222222222223,
                    -53.16083333333333
                ]
            },
            "properties": {
                "C\u00f3digo Soporte": "14.912",
                "C\u00f3digo Elemento": "36.057",
                "Empresa": "ENTEL PCS",
                "Nombre Comercial Tecnolog\u00eda": "2G",
                "Direcci\u00f3n": "ZENTENO N\u00ba 1325",
                "Localidad": "",
                "Comuna": "Punta Arenas",
                "Regi\u00f3n": "Regi\u00f3n de Magallanes y de la Ant\u00e1rtica Chilena",
                "Tipo Documento Autorizatorio": "DECRETO NOTIFICADO",
                "Nro. Documento": "559",
                "Fecha Documento": "30/06/2008",
                "Tipo Soporte": "Torre Auto Soportada",
                "Altura": "24",
                "Frecuencia": "1900",
                "Banda": "UHF",
                "Ancho Banda": "30000",
                "Tecnolog\u00eda": "GSM(2G)",
                "Tipo Acceso": "TDMA",
                "Latitud": "53\u00b0 9\u00b4 39\u00b4\u00b4",
                "Longitud": "70\u00b0 55\u00b4 20\u00b4\u00b4",
                "x": "-70,922",
                "y": "-53,161",
                "Latitud_Decimal": -53.16083333333333,
                "Longitud_Decimal": -70.92222222222223
            }
        },
        {
            "type": "Feature",
            "geometry": {
                "type": "Point",
                "coordinates": [
                    -70.9088888888889,
                    -53.132777777777775
                ]
            },
            "properties": {
                "C\u00f3digo Soporte": "18.596",
                "C\u00f3digo Elemento": "59.805",
                "Empresa": "Wom",
                "Nombre Comercial Tecnolog\u00eda": "2G/3G",
                "Direcci\u00f3n": "Av. Presidente Eduardo Frei Montalva N\u00b0 0983",
                "Localidad": "",
                "Comuna": "Punta Arenas",
                "Regi\u00f3n": "Regi\u00f3n de Magallanes y de la Ant\u00e1rtica Chilena",
                "Tipo Documento Autorizatorio": "DECRETO EXENTO NOTIFICADO",
                "Nro. Documento": "336",
                "Fecha Documento": "17/03/2011",
                "Tipo Soporte": "Monoposte",
                "Altura": "29",
                "Frecuencia": "2100",
                "Banda": "UHF",
                "Ancho Banda": "30000",
                "Tecnolog\u00eda": "GSM(2G)/UMTS(3G)",
                "Tipo Acceso": "TDMA/WCDMA",
                "Latitud": "53\u00b0 7\u00b4 58\u00b4\u00b4",
                "Longitud": "70\u00b0 54\u00b4 32\u00b4\u00b4",
                "x": "-70,909",
                "y": "-53,133",
                "Latitud_Decimal": -53.132777777777775,
                "Longitud_Decimal": -70.9088888888889
            }
        },
        {
            "type": "Feature",
            "geometry": {
                "type": "Point",
                "coordinates": [
                    -70.94361111111111,
                    -53.16111111111111
                ]
            },
            "properties": {
                "C\u00f3digo Soporte": "14.921",
                "C\u00f3digo Elemento": "393.365",
                "Empresa": "ENTEL PCS",
                "Nombre Comercial Tecnolog\u00eda": "2G",
                "Direcci\u00f3n": "Gaspar Mar\u00edn N\u00b0 976",
                "Localidad": "",
                "Comuna": "Punta Arenas",
                "Regi\u00f3n": "Regi\u00f3n de Magallanes y de la Ant\u00e1rtica Chilena",
                "Tipo Documento Autorizatorio": "DECRETO NOTIFICADO",
                "Nro. Documento": "836",
                "Fecha Documento": "30/08/2007",
                "Tipo Soporte": "Torre Auto Soportada",
                "Altura": "30",
                "Frecuencia": "1900",
                "Banda": "UHF",
                "Ancho Banda": "30000",
                "Tecnolog\u00eda": "GSM(2G)",
                "Tipo Acceso": "TDMA",
                "Latitud": "53\u00b0 9\u00b4 40\u00b4\u00b4",
                "Longitud": "70\u00b0 56\u00b4 37\u00b4\u00b4",
                "x": "-70,944",
                "y": "-53,161",
                "Latitud_Decimal": -53.16111111111111,
                "Longitud_Decimal": -70.94361111111111
            }
        },
        {
            "type": "Feature",
            "geometry": {
                "type": "Point",
                "coordinates": [
                    -70.94777777777779,
                    -53.176944444444445
                ]
            },
            "properties": {
                "C\u00f3digo Soporte": "17.809",
                "C\u00f3digo Elemento": "14.133",
                "Empresa": "Movistar",
                "Nombre Comercial Tecnolog\u00eda": "2G",
                "Direcci\u00f3n": "Prolongaci\u00f3n Mart\u00ednez de Aldunate, Parcela 32",
                "Localidad": "",
                "Comuna": "Punta Arenas",
                "Regi\u00f3n": "Regi\u00f3n de Magallanes y de la Ant\u00e1rtica Chilena",
                "Tipo Documento Autorizatorio": "DECRETO NOTIFICADO",
                "Nro. Documento": "278",
                "Fecha Documento": "04/07/2005",
                "Tipo Soporte": "Torre Auto Soportada",
                "Altura": "30",
                "Frecuencia": "1900",
                "Banda": "UHF",
                "Ancho Banda": "20000",
                "Tecnolog\u00eda": "GSM(2G)",
                "Tipo Acceso": "TDMA",
                "Latitud": "53\u00b0 10\u00b4 37\u00b4\u00b4",
                "Longitud": "70\u00b0 56\u00b4 52\u00b4\u00b4",
                "x": "-70,948",
                "y": "-53,177",
                "Latitud_Decimal": -53.176944444444445,
                "Longitud_Decimal": -70.94777777777779
            }
        },
        {
            "type": "Feature",
            "geometry": {
                "type": "Point",
                "coordinates": [
                    -70.94777777777779,
                    -53.176944444444445
                ]
            },
            "properties": {
                "C\u00f3digo Soporte": "17.809",
                "C\u00f3digo Elemento": "18.346",
                "Empresa": "Movistar",
                "Nombre Comercial Tecnolog\u00eda": "2G",
                "Direcci\u00f3n": "Prolongaci\u00f3n Mart\u00ednez de Aldunate, Parcela 32",
                "Localidad": "",
                "Comuna": "Punta Arenas",
                "Regi\u00f3n": "Regi\u00f3n de Magallanes y de la Ant\u00e1rtica Chilena",
                "Tipo Documento Autorizatorio": "DECRETO NOTIFICADO",
                "Nro. Documento": "302",
                "Fecha Documento": "07/06/2006",
                "Tipo Soporte": "Torre Auto Soportada",
                "Altura": "30",
                "Frecuencia": "850",
                "Banda": "UHF",
                "Ancho Banda": "25000",
                "Tecnolog\u00eda": "GSM(2G)",
                "Tipo Acceso": "TDMA",
                "Latitud": "53\u00b0 10\u00b4 37\u00b4\u00b4",
                "Longitud": "70\u00b0 56\u00b4 52\u00b4\u00b4",
                "x": "-70,948",
                "y": "-53,177",
                "Latitud_Decimal": -53.176944444444445,
                "Longitud_Decimal": -70.94777777777779
            }
        },
        {
            "type": "Feature",
            "geometry": {
                "type": "Point",
                "coordinates": [
                    -70.86888888888888,
                    -53.12555555555556
                ]
            },
            "properties": {
                "C\u00f3digo Soporte": "16.473",
                "C\u00f3digo Elemento": "44.053",
                "Empresa": "MOVISTAR MOVIL",
                "Nombre Comercial Tecnolog\u00eda": "2G",
                "Direcci\u00f3n": "Av. Bulnes N\u00ba 04800",
                "Localidad": "",
                "Comuna": "Punta Arenas",
                "Regi\u00f3n": "Regi\u00f3n de Magallanes y de la Ant\u00e1rtica Chilena",
                "Tipo Documento Autorizatorio": "DECRETO EXENTO NOTIFICADO",
                "Nro. Documento": "266",
                "Fecha Documento": "27/03/2009",
                "Tipo Soporte": "Torre Auto Soportada",
                "Altura": "30",
                "Frecuencia": "850",
                "Banda": "UHF",
                "Ancho Banda": "25000",
                "Tecnolog\u00eda": "GSM(2G)",
                "Tipo Acceso": " ",
                "Latitud": "53\u00b0 7\u00b4 32\u00b4\u00b4",
                "Longitud": "70\u00b0 52\u00b4 8\u00b4\u00b4",
                "x": "-70,869",
                "y": "-53,126",
                "Latitud_Decimal": -53.12555555555556,
                "Longitud_Decimal": -70.86888888888888
            }
        },
        {
            "type": "Feature",
            "geometry": {
                "type": "Point",
                "coordinates": [
                    -70.89796940000001,
                    -53.1412472
                ]
            },
            "properties": {
                "C\u00f3digo Soporte": "11.411",
                "C\u00f3digo Elemento": "34.565",
                "Empresa": "CLARO CHILE SPA.",
                "Nombre Comercial Tecnolog\u00eda": "2G",
                "Direcci\u00f3n": "Dr. Oscar Munizaga, S/N",
                "Localidad": "",
                "Comuna": "Punta Arenas",
                "Regi\u00f3n": "Regi\u00f3n de Magallanes y de la Ant\u00e1rtica Chilena",
                "Tipo Documento Autorizatorio": "DECRETO NOTIFICADO",
                "Nro. Documento": "415",
                "Fecha Documento": "22/04/2008",
                "Tipo Soporte": "Monoposte",
                "Altura": "36",
                "Frecuencia": "850",
                "Banda": "UHF",
                "Ancho Banda": "25000",
                "Tecnolog\u00eda": "GSM(2G)",
                "Tipo Acceso": "TDMA",
                "Latitud": "53\u00b0 8\u00b4 28.489919999999998\u00b4\u00b4",
                "Longitud": "70\u00b0 53\u00b4 52.68984\u00b4\u00b4",
                "x": "-70,898",
                "y": "-53,141",
                "Latitud_Decimal": -53.1412472,
                "Longitud_Decimal": -70.89796940000001
            }
        },
        {
            "type": "Feature",
            "geometry": {
                "type": "Point",
                "coordinates": [
                    -70.94583333333334,
                    -53.19361111111111
                ]
            },
            "properties": {
                "C\u00f3digo Soporte": "14.914",
                "C\u00f3digo Elemento": "56.512",
                "Empresa": "MOVISTAR MOVIL",
                "Nombre Comercial Tecnolog\u00eda": "2G",
                "Direcci\u00f3n": "Prolongaci\u00f3n 21 de mayo,camino fuerte Bulnes km 4 1/2 sur",
                "Localidad": "",
                "Comuna": "Punta Arenas",
                "Regi\u00f3n": "Regi\u00f3n de Magallanes y de la Ant\u00e1rtica Chilena",
                "Tipo Documento Autorizatorio": "DECRETO EXENTO NOTIFICADO",
                "Nro. Documento": "535",
                "Fecha Documento": "11/04/2011",
                "Tipo Soporte": "Torre Ventada",
                "Altura": "60",
                "Frecuencia": "850",
                "Banda": "UHF",
                "Ancho Banda": "25000",
                "Tecnolog\u00eda": "GSM(2G)",
                "Tipo Acceso": "TDMA",
                "Latitud": "53\u00b0 11\u00b4 37\u00b4\u00b4",
                "Longitud": "70\u00b0 56\u00b4 45\u00b4\u00b4",
                "x": "-70,946",
                "y": "-53,194",
                "Latitud_Decimal": -53.19361111111111,
                "Longitud_Decimal": -70.94583333333334
            }
        },
        {
            "type": "Feature",
            "geometry": {
                "type": "Point",
                "coordinates": [
                    -69.7542472,
                    -52.3825
                ]
            },
            "properties": {
                "C\u00f3digo Soporte": "11.417",
                "C\u00f3digo Elemento": "18.980",
                "Empresa": "CLARO CHILE SPA.",
                "Nombre Comercial Tecnolog\u00eda": "2G",
                "Direcci\u00f3n": "Ruta CH-255,        Km. 105",
                "Localidad": "",
                "Comuna": "San Gregorio",
                "Regi\u00f3n": "Regi\u00f3n de Magallanes y de la Ant\u00e1rtica Chilena",
                "Tipo Documento Autorizatorio": "DECRETO NOTIFICADO",
                "Nro. Documento": "710",
                "Fecha Documento": "21/11/2006",
                "Tipo Soporte": "Torre Auto Soportada",
                "Altura": "36",
                "Frecuencia": "1900",
                "Banda": "UHF",
                "Ancho Banda": "30000",
                "Tecnolog\u00eda": "GSM(2G)",
                "Tipo Acceso": "TDMA",
                "Latitud": "52\u00b0 22\u00b4 57\u00b4\u00b4",
                "Longitud": "69\u00b0 45\u00b4 15.289919999999999\u00b4\u00b4",
                "x": "-69,754",
                "y": "-52,382",
                "Latitud_Decimal": -52.3825,
                "Longitud_Decimal": -69.7542472
            }
        },
        {
            "type": "Feature",
            "geometry": {
                "type": "Point",
                "coordinates": [
                    -70.82416666666666,
                    -53.01
                ]
            },
            "properties": {
                "C\u00f3digo Soporte": "16.328",
                "C\u00f3digo Elemento": "14.206",
                "Empresa": "Movistar",
                "Nombre Comercial Tecnolog\u00eda": "2G",
                "Direcci\u00f3n": "Ruta 9; Km 19,06",
                "Localidad": "",
                "Comuna": "Punta Arenas",
                "Regi\u00f3n": "Regi\u00f3n de Magallanes y de la Ant\u00e1rtica Chilena",
                "Tipo Documento Autorizatorio": "DECRETO NOTIFICADO",
                "Nro. Documento": "208",
                "Fecha Documento": "25/04/2006",
                "Tipo Soporte": "Torre Auto Soportada",
                "Altura": "30",
                "Frecuencia": "850",
                "Banda": "UHF",
                "Ancho Banda": "25000",
                "Tecnolog\u00eda": "GSM(2G)",
                "Tipo Acceso": "TDMA",
                "Latitud": "53\u00b0 0\u00b4 36\u00b4\u00b4",
                "Longitud": "70\u00b0 49\u00b4 27\u00b4\u00b4",
                "x": "-70,824",
                "y": "-53,01",
                "Latitud_Decimal": -53.01,
                "Longitud_Decimal": -70.82416666666666
            }
        },
        {
            "type": "Feature",
            "geometry": {
                "type": "Point",
                "coordinates": [
                    -72.34222222222222,
                    -51.257777777777775
                ]
            },
            "properties": {
                "C\u00f3digo Soporte": "16.606",
                "C\u00f3digo Elemento": "50.096",
                "Empresa": "MOVISTAR MOVIL",
                "Nombre Comercial Tecnolog\u00eda": "2G",
                "Direcci\u00f3n": "Sur Oriente de la Villa Cerro Castillo",
                "Localidad": "",
                "Comuna": "Torres del Paine",
                "Regi\u00f3n": "Regi\u00f3n de Magallanes y de la Ant\u00e1rtica Chilena",
                "Tipo Documento Autorizatorio": "DECRETO EXENTO NOTIFICADO",
                "Nro. Documento": "587",
                "Fecha Documento": "01/07/2010",
                "Tipo Soporte": "Torre Ventada",
                "Altura": "18",
                "Frecuencia": "1900",
                "Banda": "UHF",
                "Ancho Banda": "30000",
                "Tecnolog\u00eda": "GSM(2G)",
                "Tipo Acceso": "TDMA",
                "Latitud": "51\u00b0 15\u00b4 28\u00b4\u00b4",
                "Longitud": "72\u00b0 20\u00b4 32\u00b4\u00b4",
                "x": "-72,342",
                "y": "-51,258",
                "Latitud_Decimal": -51.257777777777775,
                "Longitud_Decimal": -72.34222222222222
            }
        },
        {
            "type": "Feature",
            "geometry": {
                "type": "Point",
                "coordinates": [
                    -70.90305555555557,
                    -53.16083333333333
                ]
            },
            "properties": {
                "C\u00f3digo Soporte": "14.919",
                "C\u00f3digo Elemento": "392.273",
                "Empresa": "ENTEL PCS",
                "Nombre Comercial Tecnolog\u00eda": "2G",
                "Direcci\u00f3n": "AV COLON N\u00b0 900",
                "Localidad": "",
                "Comuna": "Punta Arenas",
                "Regi\u00f3n": "Regi\u00f3n de Magallanes y de la Ant\u00e1rtica Chilena",
                "Tipo Documento Autorizatorio": "DECRETO NOTIFICADO",
                "Nro. Documento": "472",
                "Fecha Documento": "29/05/2007",
                "Tipo Soporte": "Cielo Raso",
                "Altura": "0",
                "Frecuencia": "1900",
                "Banda": "UHF",
                "Ancho Banda": "30000",
                "Tecnolog\u00eda": "GSM(2G)",
                "Tipo Acceso": "TDMA",
                "Latitud": "53\u00b0 9\u00b4 39\u00b4\u00b4",
                "Longitud": "70\u00b0 54\u00b4 11\u00b4\u00b4",
                "x": "-70,903",
                "y": "-53,161",
                "Latitud_Decimal": -53.16083333333333,
                "Longitud_Decimal": -70.90305555555557
            }
        },
        {
            "type": "Feature",
            "geometry": {
                "type": "Point",
                "coordinates": [
                    -72.43758333333334,
                    -51.67988889
                ]
            },
            "properties": {
                "C\u00f3digo Soporte": "11.421",
                "C\u00f3digo Elemento": "50.128",
                "Empresa": "CLARO CHILE SPA.",
                "Nombre Comercial Tecnolog\u00eda": "2G",
                "Direcci\u00f3n": "Ruta Puerto Natales - Punta Arenas Km. 7,2, Sector Mirador Dorotea",
                "Localidad": "",
                "Comuna": "Natales",
                "Regi\u00f3n": "Regi\u00f3n de Magallanes y de la Ant\u00e1rtica Chilena",
                "Tipo Documento Autorizatorio": "DECRETO EXENTO NOTIFICADO",
                "Nro. Documento": "39",
                "Fecha Documento": "17/01/2017",
                "Tipo Soporte": "Torre Ventada",
                "Altura": "24",
                "Frecuencia": "850",
                "Banda": "UHF",
                "Ancho Banda": "25000",
                "Tecnolog\u00eda": "GSM(2G)",
                "Tipo Acceso": "TDMA",
                "Latitud": "51\u00b0 40\u00b4 47.600004\u00b4\u00b4",
                "Longitud": "72\u00b0 26\u00b4 15.3\u00b4\u00b4",
                "x": "-72,438",
                "y": "-51,68",
                "Latitud_Decimal": -51.67988889,
                "Longitud_Decimal": -72.43758333333334
            }
        },
        {
            "type": "Feature",
            "geometry": {
                "type": "Point",
                "coordinates": [
                    -70.92333333333333,
                    -53.13472222222222
                ]
            },
            "properties": {
                "C\u00f3digo Soporte": "14.923",
                "C\u00f3digo Elemento": "31.577",
                "Empresa": "ENTEL PCS",
                "Nombre Comercial Tecnolog\u00eda": "2G/4G",
                "Direcci\u00f3n": "CORONEL JOS\u00c9 DE LOS SANTOS MARDONES N\u00ba 1695",
                "Localidad": "",
                "Comuna": "Punta Arenas",
                "Regi\u00f3n": "Regi\u00f3n de Magallanes y de la Ant\u00e1rtica Chilena",
                "Tipo Documento Autorizatorio": "DECRETO EXENTO NOTIFICADO",
                "Nro. Documento": "429",
                "Fecha Documento": "14/05/2018",
                "Tipo Soporte": "Torre Auto Soportada",
                "Altura": "30",
                "Frecuencia": "1900",
                "Banda": "UHF",
                "Ancho Banda": "30000",
                "Tecnolog\u00eda": "LTE(4G)/GSM(2G)",
                "Tipo Acceso": "FDD",
                "Latitud": "53\u00b0 8\u00b4 5\u00b4\u00b4",
                "Longitud": "70\u00b0 55\u00b4 24\u00b4\u00b4",
                "x": "-70,923",
                "y": "-53,135",
                "Latitud_Decimal": -53.13472222222222,
                "Longitud_Decimal": -70.92333333333333
            }
        },
        {
            "type": "Feature",
            "geometry": {
                "type": "Point",
                "coordinates": [
                    -70.89416666666668,
                    -53.036944444444444
                ]
            },
            "properties": {
                "C\u00f3digo Soporte": "14.939",
                "C\u00f3digo Elemento": "56.968",
                "Empresa": "ENTEL PCS",
                "Nombre Comercial Tecnolog\u00eda": "2G",
                "Direcci\u00f3n": "PARCELA SAN SEBASTIAN, LOTE 39, SECTOR OJO BUENO.",
                "Localidad": "",
                "Comuna": "Punta Arenas",
                "Regi\u00f3n": "Regi\u00f3n de Magallanes y de la Ant\u00e1rtica Chilena",
                "Tipo Documento Autorizatorio": "DECRETO EXENTO NOTIFICADO",
                "Nro. Documento": "461",
                "Fecha Documento": "06/04/2011",
                "Tipo Soporte": "Torre Ventada",
                "Altura": "21",
                "Frecuencia": "1900",
                "Banda": "UHF",
                "Ancho Banda": "30000",
                "Tecnolog\u00eda": "GSM(2G)",
                "Tipo Acceso": "TDMA",
                "Latitud": "53\u00b0 2\u00b4 13\u00b4\u00b4",
                "Longitud": "70\u00b0 53\u00b4 39\u00b4\u00b4",
                "x": "-70,894",
                "y": "-53,037",
                "Latitud_Decimal": -53.036944444444444,
                "Longitud_Decimal": -70.89416666666668
            }
        },
        {
            "type": "Feature",
            "geometry": {
                "type": "Point",
                "coordinates": [
                    -67.60944444444443,
                    -54.93805555555555
                ]
            },
            "properties": {
                "C\u00f3digo Soporte": "14.957",
                "C\u00f3digo Elemento": "19.671",
                "Empresa": "ENTEL PCS",
                "Nombre Comercial Tecnolog\u00eda": "2G",
                "Direcci\u00f3n": "CALLE V\u00cdA DOS (CAPDEVILLE) S/N, LOCALIDAD PUERTO WILLIAMS",
                "Localidad": "",
                "Comuna": "CABO DE HORNOS",
                "Regi\u00f3n": "Regi\u00f3n de Magallanes y de la Ant\u00e1rtica Chilena",
                "Tipo Documento Autorizatorio": "DECRETO NOTIFICADO",
                "Nro. Documento": "487",
                "Fecha Documento": "06/12/2005",
                "Tipo Soporte": "Torre Ventada",
                "Altura": "48",
                "Frecuencia": "1900",
                "Banda": "UHF",
                "Ancho Banda": "30000",
                "Tecnolog\u00eda": "GSM(2G)",
                "Tipo Acceso": "TDMA",
                "Latitud": "54\u00b0 56\u00b4 17\u00b4\u00b4",
                "Longitud": "67\u00b0 36\u00b4 34\u00b4\u00b4",
                "x": "-67,609",
                "y": "-54,938",
                "Latitud_Decimal": -54.93805555555555,
                "Longitud_Decimal": -67.60944444444443
            }
        },
        {
            "type": "Feature",
            "geometry": {
                "type": "Point",
                "coordinates": [
                    -70.85277777777777,
                    -53.05
                ]
            },
            "properties": {
                "C\u00f3digo Soporte": "14.942",
                "C\u00f3digo Elemento": "18.343",
                "Empresa": "Movistar",
                "Nombre Comercial Tecnolog\u00eda": "2G",
                "Direcci\u00f3n": "Ruta R-9, Km 13,5. Fundo Los Robles",
                "Localidad": "",
                "Comuna": "Punta Arenas",
                "Regi\u00f3n": "Regi\u00f3n de Magallanes y de la Ant\u00e1rtica Chilena",
                "Tipo Documento Autorizatorio": "DECRETO NOTIFICADO",
                "Nro. Documento": "302",
                "Fecha Documento": "07/06/2006",
                "Tipo Soporte": "Torre Ventada",
                "Altura": "48",
                "Frecuencia": "850",
                "Banda": "UHF",
                "Ancho Banda": "25000",
                "Tecnolog\u00eda": "GSM(2G)",
                "Tipo Acceso": "TDMA",
                "Latitud": "53\u00b0 2\u00b4 60\u00b4\u00b4",
                "Longitud": "70\u00b0 51\u00b4 10\u00b4\u00b4",
                "x": "-70,853",
                "y": "-53,05",
                "Latitud_Decimal": -53.05,
                "Longitud_Decimal": -70.85277777777777
            }
        },
        {
            "type": "Feature",
            "geometry": {
                "type": "Point",
                "coordinates": [
                    -70.8938888888889,
                    -53.15611111111111
                ]
            },
            "properties": {
                "C\u00f3digo Soporte": "17.154",
                "C\u00f3digo Elemento": "39.941",
                "Empresa": "MOVISTAR MOVIL",
                "Nombre Comercial Tecnolog\u00eda": "2G",
                "Direcci\u00f3n": "Jorge Montt N\u00ba 146 - 156",
                "Localidad": "",
                "Comuna": "Punta Arenas",
                "Regi\u00f3n": "Regi\u00f3n de Magallanes y de la Ant\u00e1rtica Chilena",
                "Tipo Documento Autorizatorio": "DECRETO NOTIFICADO",
                "Nro. Documento": "730",
                "Fecha Documento": "11/09/2008",
                "Tipo Soporte": "Monoposte",
                "Altura": "30",
                "Frecuencia": "1900",
                "Banda": "UHF",
                "Ancho Banda": "20000",
                "Tecnolog\u00eda": "GSM(2G)",
                "Tipo Acceso": "TDMA",
                "Latitud": "53\u00b0 9\u00b4 22\u00b4\u00b4",
                "Longitud": "70\u00b0 53\u00b4 38\u00b4\u00b4",
                "x": "-70,894",
                "y": "-53,156",
                "Latitud_Decimal": -53.15611111111111,
                "Longitud_Decimal": -70.8938888888889
            }
        },
        {
            "type": "Feature",
            "geometry": {
                "type": "Point",
                "coordinates": [
                    -69.755,
                    -52.38361111111111
                ]
            },
            "properties": {
                "C\u00f3digo Soporte": "17.660",
                "C\u00f3digo Elemento": "38.789",
                "Empresa": "MOVISTAR MOVIL",
                "Nombre Comercial Tecnolog\u00eda": "2G",
                "Direcci\u00f3n": "Ruta Ch255, Km106; Cerro Kamiri Aike",
                "Localidad": "",
                "Comuna": "San Gregorio",
                "Regi\u00f3n": "Regi\u00f3n de Magallanes y de la Ant\u00e1rtica Chilena",
                "Tipo Documento Autorizatorio": "DECRETO EXENTO NOTIFICADO",
                "Nro. Documento": "696",
                "Fecha Documento": "23/08/2010",
                "Tipo Soporte": "Torre Auto Soportada",
                "Altura": "42",
                "Frecuencia": "850",
                "Banda": "UHF",
                "Ancho Banda": "25000",
                "Tecnolog\u00eda": "GSM(2G)",
                "Tipo Acceso": "TDMA",
                "Latitud": "52\u00b0 23\u00b4 1\u00b4\u00b4",
                "Longitud": "69\u00b0 45\u00b4 18\u00b4\u00b4",
                "x": "-69,755",
                "y": "-52,384",
                "Latitud_Decimal": -52.38361111111111,
                "Longitud_Decimal": -69.755
            }
        },
        {
            "type": "Feature",
            "geometry": {
                "type": "Point",
                "coordinates": [
                    -70.94358333333334,
                    -53.11780556
                ]
            },
            "properties": {
                "C\u00f3digo Soporte": "11.436",
                "C\u00f3digo Elemento": "51.113",
                "Empresa": "CLARO CHILE SPA.",
                "Nombre Comercial Tecnolog\u00eda": "2G",
                "Direcci\u00f3n": "Prolongaci\u00f3n Calle Mardones s/n, Parcela 110, Sector Pampa Redonda",
                "Localidad": "",
                "Comuna": "Punta Arenas",
                "Regi\u00f3n": "Regi\u00f3n de Magallanes y de la Ant\u00e1rtica Chilena",
                "Tipo Documento Autorizatorio": "DECRETO EXENTO NOTIFICADO",
                "Nro. Documento": "505",
                "Fecha Documento": "09/08/2013",
                "Tipo Soporte": "Torre Auto Soportada",
                "Altura": "36",
                "Frecuencia": "1900",
                "Banda": "UHF",
                "Ancho Banda": "30000",
                "Tecnolog\u00eda": "GSM(2G)",
                "Tipo Acceso": "TDMA",
                "Latitud": "53\u00b0 7\u00b4 4.100016\u00b4\u00b4",
                "Longitud": "70\u00b0 56\u00b4 36.9\u00b4\u00b4",
                "x": "-70,944",
                "y": "-53,118",
                "Latitud_Decimal": -53.11780556,
                "Longitud_Decimal": -70.94358333333334
            }
        },
        {
            "type": "Feature",
            "geometry": {
                "type": "Point",
                "coordinates": [
                    -70.90277777777779,
                    -53.15222222222222
                ]
            },
            "properties": {
                "C\u00f3digo Soporte": "14.943",
                "C\u00f3digo Elemento": "58.739",
                "Empresa": "ENTEL PCS",
                "Nombre Comercial Tecnolog\u00eda": "2G",
                "Direcci\u00f3n": "ARMANDO SANHUEZA N\u00ba 114",
                "Localidad": "",
                "Comuna": "Punta Arenas",
                "Regi\u00f3n": "Regi\u00f3n de Magallanes y de la Ant\u00e1rtica Chilena",
                "Tipo Documento Autorizatorio": "DECRETO EXENTO NOTIFICADO",
                "Nro. Documento": "491",
                "Fecha Documento": "07/04/2011",
                "Tipo Soporte": "Sin Info",
                "Altura": "24",
                "Frecuencia": "1900",
                "Banda": "UHF",
                "Ancho Banda": "30000",
                "Tecnolog\u00eda": "GSM(2G)",
                "Tipo Acceso": "TDMA",
                "Latitud": "53\u00b0 9\u00b4 8\u00b4\u00b4",
                "Longitud": "70\u00b0 54\u00b4 10\u00b4\u00b4",
                "x": "-70,903",
                "y": "-53,152",
                "Latitud_Decimal": -53.15222222222222,
                "Longitud_Decimal": -70.90277777777779
            }
        },
        {
            "type": "Feature",
            "geometry": {
                "type": "Point",
                "coordinates": [
                    -70.92376111111112,
                    -53.170874999999995
                ]
            },
            "properties": {
                "C\u00f3digo Soporte": "27.095",
                "C\u00f3digo Elemento": "11.816",
                "Empresa": "MOVISTAR MOVIL",
                "Nombre Comercial Tecnolog\u00eda": "2G",
                "Direcci\u00f3n": "Av. Espa\u00f1a N\u00ba 2139",
                "Localidad": "",
                "Comuna": "Punta Arenas",
                "Regi\u00f3n": "Regi\u00f3n de Magallanes y de la Ant\u00e1rtica Chilena",
                "Tipo Documento Autorizatorio": "DECRETO NOTIFICADO",
                "Nro. Documento": "89",
                "Fecha Documento": "22/02/2006",
                "Tipo Soporte": "Azotea",
                "Altura": "11",
                "Frecuencia": "1900",
                "Banda": "UHF",
                "Ancho Banda": "10000",
                "Tecnolog\u00eda": "GSM(2G)",
                "Tipo Acceso": "TDMA",
                "Latitud": "53\u00b0 10\u00b4 15.15\u00b4\u00b4",
                "Longitud": "70\u00b0 55\u00b4 25.54\u00b4\u00b4",
                "x": "-70,924",
                "y": "-53,171",
                "Latitud_Decimal": -53.170874999999995,
                "Longitud_Decimal": -70.92376111111112
            }
        },
        {
            "type": "Feature",
            "geometry": {
                "type": "Point",
                "coordinates": [
                    -70.83999999999999,
                    -52.953138900000006
                ]
            },
            "properties": {
                "C\u00f3digo Soporte": "11.415",
                "C\u00f3digo Elemento": "32.106",
                "Empresa": "CLARO CHILE SPA.",
                "Nombre Comercial Tecnolog\u00eda": "2G",
                "Direcci\u00f3n": "Ruta 9, Km 25, Sector Cabo Negro",
                "Localidad": "",
                "Comuna": "Punta Arenas",
                "Regi\u00f3n": "Regi\u00f3n de Magallanes y de la Ant\u00e1rtica Chilena",
                "Tipo Documento Autorizatorio": "DECRETO NOTIFICADO",
                "Nro. Documento": "1071",
                "Fecha Documento": "12/11/2007",
                "Tipo Soporte": "Torre Auto Soportada",
                "Altura": "48",
                "Frecuencia": "1900",
                "Banda": "UHF",
                "Ancho Banda": "30000",
                "Tecnolog\u00eda": "GSM(2G)",
                "Tipo Acceso": "TDMA",
                "Latitud": "52\u00b0 57\u00b4 11.30004\u00b4\u00b4",
                "Longitud": "70\u00b0 50\u00b4 24\u00b4\u00b4",
                "x": "-70,84",
                "y": "-52,953",
                "Latitud_Decimal": -52.953138900000006,
                "Longitud_Decimal": -70.83999999999999
            }
        },
        {
            "type": "Feature",
            "geometry": {
                "type": "Point",
                "coordinates": [
                    -70.90194444444445,
                    -53.14472222222222
                ]
            },
            "properties": {
                "C\u00f3digo Soporte": "14.927",
                "C\u00f3digo Elemento": "35.178",
                "Empresa": "ENTEL PCS",
                "Nombre Comercial Tecnolog\u00eda": "2G",
                "Direcci\u00f3n": "AVENIDA JOSE IGNACIO ZENTENO N\u00ba 0406",
                "Localidad": "",
                "Comuna": "Punta Arenas",
                "Regi\u00f3n": "Regi\u00f3n de Magallanes y de la Ant\u00e1rtica Chilena",
                "Tipo Documento Autorizatorio": "DECRETO NOTIFICADO",
                "Nro. Documento": "310",
                "Fecha Documento": "14/04/2008",
                "Tipo Soporte": "Monoposte",
                "Altura": "27",
                "Frecuencia": "1900",
                "Banda": "UHF",
                "Ancho Banda": "30000",
                "Tecnolog\u00eda": "GSM(2G)",
                "Tipo Acceso": "TDMA",
                "Latitud": "53\u00b0 8\u00b4 41\u00b4\u00b4",
                "Longitud": "70\u00b0 54\u00b4 7\u00b4\u00b4",
                "x": "-70,902",
                "y": "-53,145",
                "Latitud_Decimal": -53.14472222222222,
                "Longitud_Decimal": -70.90194444444445
            }
        },
        {
            "type": "Feature",
            "geometry": {
                "type": "Point",
                "coordinates": [
                    -70.87805555555555,
                    -53.11361111111111
                ]
            },
            "properties": {
                "C\u00f3digo Soporte": "14.938",
                "C\u00f3digo Elemento": "36.749",
                "Empresa": "ENTEL PCS",
                "Nombre Comercial Tecnolog\u00eda": "2G",
                "Direcci\u00f3n": "JUAN WILLIAMS N\u00ba 06503",
                "Localidad": "",
                "Comuna": "Punta Arenas",
                "Regi\u00f3n": "Regi\u00f3n de Magallanes y de la Ant\u00e1rtica Chilena",
                "Tipo Documento Autorizatorio": "DECRETO EXENTO NOTIFICADO",
                "Nro. Documento": "883",
                "Fecha Documento": "11/11/2009",
                "Tipo Soporte": "Torre Auto Soportada",
                "Altura": "36",
                "Frecuencia": "1900",
                "Banda": "UHF",
                "Ancho Banda": "30000",
                "Tecnolog\u00eda": "GSM(2G)",
                "Tipo Acceso": "TDMA",
                "Latitud": "53\u00b0 6\u00b4 49\u00b4\u00b4",
                "Longitud": "70\u00b0 52\u00b4 41\u00b4\u00b4",
                "x": "-70,878",
                "y": "-53,114",
                "Latitud_Decimal": -53.11361111111111,
                "Longitud_Decimal": -70.87805555555555
            }
        },
        {
            "type": "Feature",
            "geometry": {
                "type": "Point",
                "coordinates": [
                    -72.43777777777778,
                    -51.680277777777775
                ]
            },
            "properties": {
                "C\u00f3digo Soporte": "14.966",
                "C\u00f3digo Elemento": "7835",
                "Empresa": "ENTEL PCS",
                "Nombre Comercial Tecnolog\u00eda": "",
                "Direcci\u00f3n": "CERRO DOROTEA",
                "Localidad": "",
                "Comuna": "Natales",
                "Regi\u00f3n": "Regi\u00f3n de Magallanes y de la Ant\u00e1rtica Chilena",
                "Tipo Documento Autorizatorio": "DECRETO NOTIFICADO",
                "Nro. Documento": "206",
                "Fecha Documento": "30/06/2005",
                "Tipo Soporte": "Torre Ventada",
                "Altura": "30",
                "Frecuencia": "1900",
                "Banda": "UHF",
                "Ancho Banda": "30000",
                "Tecnolog\u00eda": "GSM",
                "Tipo Acceso": "TDMA",
                "Latitud": "51\u00b0 40\u00b4 49\u00b4\u00b4",
                "Longitud": "72\u00b0 26\u00b4 16\u00b4\u00b4",
                "x": "-72,438",
                "y": "-51,68",
                "Latitud_Decimal": -51.680277777777775,
                "Longitud_Decimal": -72.43777777777778
            }
        },
        {
            "type": "Feature",
            "geometry": {
                "type": "Point",
                "coordinates": [
                    -70.87388888888889,
                    -53.05722222222222
                ]
            },
            "properties": {
                "C\u00f3digo Soporte": "14.915",
                "C\u00f3digo Elemento": "16.692",
                "Empresa": "ENTEL PCS",
                "Nombre Comercial Tecnolog\u00eda": "2G",
                "Direcci\u00f3n": "PARCELA 78 Y 79, SECTOR LOTEO VARILLAS",
                "Localidad": "",
                "Comuna": "Punta Arenas",
                "Regi\u00f3n": "Regi\u00f3n de Magallanes y de la Ant\u00e1rtica Chilena",
                "Tipo Documento Autorizatorio": "DECRETO NOTIFICADO",
                "Nro. Documento": "366",
                "Fecha Documento": "29/08/2005",
                "Tipo Soporte": "Torre Ventada",
                "Altura": "60",
                "Frecuencia": "1900",
                "Banda": "UHF",
                "Ancho Banda": "30000",
                "Tecnolog\u00eda": "GSM(2G)",
                "Tipo Acceso": "TDMA",
                "Latitud": "53\u00b0 3\u00b4 26\u00b4\u00b4",
                "Longitud": "70\u00b0 52\u00b4 26\u00b4\u00b4",
                "x": "-70,874",
                "y": "-53,057",
                "Latitud_Decimal": -53.05722222222222,
                "Longitud_Decimal": -70.87388888888889
            }
        },
        {
            "type": "Feature",
            "geometry": {
                "type": "Point",
                "coordinates": [
                    -70.89194444444445,
                    -53.15472222222222
                ]
            },
            "properties": {
                "C\u00f3digo Soporte": "14.922",
                "C\u00f3digo Elemento": "31.579",
                "Empresa": "ENTEL PCS",
                "Nombre Comercial Tecnolog\u00eda": "2G/4G",
                "Direcci\u00f3n": "R\u00d3MULO CORREA N\u00ba 1108",
                "Localidad": "",
                "Comuna": "Punta Arenas",
                "Regi\u00f3n": "Regi\u00f3n de Magallanes y de la Ant\u00e1rtica Chilena",
                "Tipo Documento Autorizatorio": "DECRETO EXENTO NOTIFICADO",
                "Nro. Documento": "747",
                "Fecha Documento": "06/07/2018",
                "Tipo Soporte": "Monoposte",
                "Altura": "30",
                "Frecuencia": "1900",
                "Banda": "UHF",
                "Ancho Banda": "30000",
                "Tecnolog\u00eda": "LTE(4G)/GSM(2G)",
                "Tipo Acceso": "WCDMA",
                "Latitud": "53\u00b0 9\u00b4 17\u00b4\u00b4",
                "Longitud": "70\u00b0 53\u00b4 31\u00b4\u00b4",
                "x": "-70,892",
                "y": "-53,155",
                "Latitud_Decimal": -53.15472222222222,
                "Longitud_Decimal": -70.89194444444445
            }
        },
        {
            "type": "Feature",
            "geometry": {
                "type": "Point",
                "coordinates": [
                    -70.92527777777778,
                    -53.172777777777775
                ]
            },
            "properties": {
                "C\u00f3digo Soporte": "14.920",
                "C\u00f3digo Elemento": "31.576",
                "Empresa": "ENTEL PCS",
                "Nombre Comercial Tecnolog\u00eda": "2G/4G",
                "Direcci\u00f3n": "AV. ESPA\u00d1A N\u00ba 2353",
                "Localidad": "",
                "Comuna": "Punta Arenas",
                "Regi\u00f3n": "Regi\u00f3n de Magallanes y de la Ant\u00e1rtica Chilena",
                "Tipo Documento Autorizatorio": "DECRETO EXENTO NOTIFICADO",
                "Nro. Documento": "747",
                "Fecha Documento": "06/07/2018",
                "Tipo Soporte": "Monoposte",
                "Altura": "24",
                "Frecuencia": "1900",
                "Banda": "UHF",
                "Ancho Banda": "30000",
                "Tecnolog\u00eda": "LTE(4G)/GSM(2G)",
                "Tipo Acceso": "WCDMA",
                "Latitud": "53\u00b0 10\u00b4 22\u00b4\u00b4",
                "Longitud": "70\u00b0 55\u00b4 31\u00b4\u00b4",
                "x": "-70,925",
                "y": "-53,173",
                "Latitud_Decimal": -53.172777777777775,
                "Longitud_Decimal": -70.92527777777778
            }
        },
        {
            "type": "Feature",
            "geometry": {
                "type": "Point",
                "coordinates": [
                    -72.43819444444445,
                    -51.68058333333333
                ]
            },
            "properties": {
                "C\u00f3digo Soporte": "19.270",
                "C\u00f3digo Elemento": "56.222",
                "Empresa": "VTR MOVIL",
                "Nombre Comercial Tecnolog\u00eda": "3G",
                "Direcci\u00f3n": "Jos\u00e9 Men\u00e9ndez  N\u00b0206",
                "Localidad": "",
                "Comuna": "Punta Arenas",
                "Regi\u00f3n": "Regi\u00f3n de Magallanes y de la Ant\u00e1rtica Chilena",
                "Tipo Documento Autorizatorio": "DECRETO NOTIFICADO",
                "Nro. Documento": "67",
                "Fecha Documento": "30/04/2010",
                "Tipo Soporte": "Torre Ventada",
                "Altura": "21",
                "Frecuencia": "2100",
                "Banda": "UHF",
                "Ancho Banda": "30000",
                "Tecnolog\u00eda": "UMTS(3G)",
                "Tipo Acceso": "WCDMA",
                "Latitud": "51\u00b0 40\u00b4 50.1\u00b4\u00b4",
                "Longitud": "72\u00b0 26\u00b4 17.5\u00b4\u00b4",
                "x": "-72,438",
                "y": "-51,681",
                "Latitud_Decimal": -51.68058333333333,
                "Longitud_Decimal": -72.43819444444445
            }
        },
        {
            "type": "Feature",
            "geometry": {
                "type": "Point",
                "coordinates": [
                    -70.8261111111111,
                    -53.01027777777778
                ]
            },
            "properties": {
                "C\u00f3digo Soporte": "14.913",
                "C\u00f3digo Elemento": "43.776",
                "Empresa": "ENTEL PCS",
                "Nombre Comercial Tecnolog\u00eda": "2G",
                "Direcci\u00f3n": "AEROPUERTO DE PUNTA ARENAS",
                "Localidad": "",
                "Comuna": "Punta Arenas",
                "Regi\u00f3n": "Regi\u00f3n de Magallanes y de la Ant\u00e1rtica Chilena",
                "Tipo Documento Autorizatorio": "DECRETO EXENTO NOTIFICADO",
                "Nro. Documento": "293",
                "Fecha Documento": "27/03/2009",
                "Tipo Soporte": "Torre Ventada",
                "Altura": "30",
                "Frecuencia": "1900",
                "Banda": "UHF",
                "Ancho Banda": "30000",
                "Tecnolog\u00eda": "GSM(2G)",
                "Tipo Acceso": "TDMA",
                "Latitud": "53\u00b0 0\u00b4 37\u00b4\u00b4",
                "Longitud": "70\u00b0 49\u00b4 34\u00b4\u00b4",
                "x": "-70,826",
                "y": "-53,01",
                "Latitud_Decimal": -53.01027777777778,
                "Longitud_Decimal": -70.8261111111111
            }
        },
        {
            "type": "Feature",
            "geometry": {
                "type": "Point",
                "coordinates": [
                    -70.9088888888889,
                    -53.132777777777775
                ]
            },
            "properties": {
                "C\u00f3digo Soporte": "17.004",
                "C\u00f3digo Elemento": "14.229",
                "Empresa": "Movistar",
                "Nombre Comercial Tecnolog\u00eda": "2G",
                "Direcci\u00f3n": "Av. Eduardo Frei Montalva N\u00b0 0983",
                "Localidad": "",
                "Comuna": "Punta Arenas",
                "Regi\u00f3n": "Regi\u00f3n de Magallanes y de la Ant\u00e1rtica Chilena",
                "Tipo Documento Autorizatorio": "DECRETO NOTIFICADO",
                "Nro. Documento": "208",
                "Fecha Documento": "25/04/2006",
                "Tipo Soporte": "Torre Auto Soportada",
                "Altura": "30",
                "Frecuencia": "850",
                "Banda": "UHF",
                "Ancho Banda": "25000",
                "Tecnolog\u00eda": "GSM(2G)",
                "Tipo Acceso": "TDMA",
                "Latitud": "53\u00b0 7\u00b4 58\u00b4\u00b4",
                "Longitud": "70\u00b0 54\u00b4 32\u00b4\u00b4",
                "x": "-70,909",
                "y": "-53,133",
                "Latitud_Decimal": -53.132777777777775,
                "Longitud_Decimal": -70.9088888888889
            }
        },
        {
            "type": "Feature",
            "geometry": {
                "type": "Point",
                "coordinates": [
                    -70.20972222222223,
                    -52.63638888888889
                ]
            },
            "properties": {
                "C\u00f3digo Soporte": "14.953",
                "C\u00f3digo Elemento": "7836",
                "Empresa": "ENTEL PCS",
                "Nombre Comercial Tecnolog\u00eda": "2G",
                "Direcci\u00f3n": "RECINTO ENAP, SECTOR SAN GREGORIO",
                "Localidad": "",
                "Comuna": "San Gregorio",
                "Regi\u00f3n": "Regi\u00f3n de Magallanes y de la Ant\u00e1rtica Chilena",
                "Tipo Documento Autorizatorio": "DECRETO NOTIFICADO",
                "Nro. Documento": "206",
                "Fecha Documento": "30/06/2005",
                "Tipo Soporte": "Torre Ventada",
                "Altura": "43",
                "Frecuencia": "1900",
                "Banda": "UHF",
                "Ancho Banda": "30000",
                "Tecnolog\u00eda": "GSM(2G)",
                "Tipo Acceso": "TDMA",
                "Latitud": "52\u00b0 38\u00b4 11\u00b4\u00b4",
                "Longitud": "70\u00b0 12\u00b4 35\u00b4\u00b4",
                "x": "-70,21",
                "y": "-52,636",
                "Latitud_Decimal": -52.63638888888889,
                "Longitud_Decimal": -70.20972222222223
            }
        },
        {
            "type": "Feature",
            "geometry": {
                "type": "Point",
                "coordinates": [
                    -70.89472222222223,
                    -53.05305555555555
                ]
            },
            "properties": {
                "C\u00f3digo Soporte": "17.582",
                "C\u00f3digo Elemento": "18.345",
                "Empresa": "Movistar",
                "Nombre Comercial Tecnolog\u00eda": "2G",
                "Direcci\u00f3n": "Ruta 9 Norte, Km 13,5; Loteo G Varillas, Parcela 34. R\u00edo Seco",
                "Localidad": "",
                "Comuna": "Punta Arenas",
                "Regi\u00f3n": "Regi\u00f3n de Magallanes y de la Ant\u00e1rtica Chilena",
                "Tipo Documento Autorizatorio": "DECRETO NOTIFICADO",
                "Nro. Documento": "302",
                "Fecha Documento": "07/06/2006",
                "Tipo Soporte": "Torre Auto Soportada",
                "Altura": "30",
                "Frecuencia": "850",
                "Banda": "UHF",
                "Ancho Banda": "25000",
                "Tecnolog\u00eda": "GSM(2G)",
                "Tipo Acceso": "TDMA",
                "Latitud": "53\u00b0 3\u00b4 11\u00b4\u00b4",
                "Longitud": "70\u00b0 53\u00b4 41\u00b4\u00b4",
                "x": "-70,895",
                "y": "-53,053",
                "Latitud_Decimal": -53.05305555555555,
                "Longitud_Decimal": -70.89472222222223
            }
        },
        {
            "type": "Feature",
            "geometry": {
                "type": "Point",
                "coordinates": [
                    -69.75555555555556,
                    -52.38388888888889
                ]
            },
            "properties": {
                "C\u00f3digo Soporte": "14.955",
                "C\u00f3digo Elemento": "7829",
                "Empresa": "ENTEL PCS",
                "Nombre Comercial Tecnolog\u00eda": "2G",
                "Direcci\u00f3n": "CERRO KIMIRI AIKE, SECTOR SAN GREGORIO",
                "Localidad": "",
                "Comuna": "San Gregorio",
                "Regi\u00f3n": "Regi\u00f3n de Magallanes y de la Ant\u00e1rtica Chilena",
                "Tipo Documento Autorizatorio": "DECRETO EXENTO NOTIFICADO",
                "Nro. Documento": "481",
                "Fecha Documento": "28/07/2017",
                "Tipo Soporte": "Torre Auto Soportada",
                "Altura": "24",
                "Frecuencia": "1900",
                "Banda": "UHF",
                "Ancho Banda": "30000",
                "Tecnolog\u00eda": "GSM(2G)",
                "Tipo Acceso": "TDMA",
                "Latitud": "52\u00b0 23\u00b4 2\u00b4\u00b4",
                "Longitud": "69\u00b0 45\u00b4 20\u00b4\u00b4",
                "x": "-69,756",
                "y": "-52,384",
                "Latitud_Decimal": -52.38388888888889,
                "Longitud_Decimal": -69.75555555555556
            }
        },
        {
            "type": "Feature",
            "geometry": {
                "type": "Point",
                "coordinates": [
                    -70.9088888888889,
                    -53.132777777777775
                ]
            },
            "properties": {
                "C\u00f3digo Soporte": "14.937",
                "C\u00f3digo Elemento": "48.248",
                "Empresa": "ENTEL PCS",
                "Nombre Comercial Tecnolog\u00eda": "2G",
                "Direcci\u00f3n": "PRESIDENTE EDUARDO FREI MONTALVA N\u00ba 0983",
                "Localidad": "",
                "Comuna": "Punta Arenas",
                "Regi\u00f3n": "Regi\u00f3n de Magallanes y de la Ant\u00e1rtica Chilena",
                "Tipo Documento Autorizatorio": "DECRETO EXENTO NOTIFICADO",
                "Nro. Documento": "879",
                "Fecha Documento": "11/11/2009",
                "Tipo Soporte": "Torre Auto Soportada",
                "Altura": "30",
                "Frecuencia": "1900",
                "Banda": "UHF",
                "Ancho Banda": "30000",
                "Tecnolog\u00eda": "GSM(2G)",
                "Tipo Acceso": "TDMA",
                "Latitud": "53\u00b0 7\u00b4 58\u00b4\u00b4",
                "Longitud": "70\u00b0 54\u00b4 32\u00b4\u00b4",
                "x": "-70,909",
                "y": "-53,133",
                "Latitud_Decimal": -53.132777777777775,
                "Longitud_Decimal": -70.9088888888889
            }
        },
        {
            "type": "Feature",
            "geometry": {
                "type": "Point",
                "coordinates": [
                    -70.94361111111111,
                    -53.16111111111111
                ]
            },
            "properties": {
                "C\u00f3digo Soporte": "14.921",
                "C\u00f3digo Elemento": "31.578",
                "Empresa": "ENTEL PCS",
                "Nombre Comercial Tecnolog\u00eda": "2G/4G",
                "Direcci\u00f3n": "GASPAR MAR\u00cdN N\u00ba 976",
                "Localidad": "",
                "Comuna": "Punta Arenas",
                "Regi\u00f3n": "Regi\u00f3n de Magallanes y de la Ant\u00e1rtica Chilena",
                "Tipo Documento Autorizatorio": "DECRETO EXENTO NOTIFICADO",
                "Nro. Documento": "747",
                "Fecha Documento": "06/07/2018",
                "Tipo Soporte": "Torre Auto Soportada",
                "Altura": "30",
                "Frecuencia": "1900",
                "Banda": "UHF",
                "Ancho Banda": "30000",
                "Tecnolog\u00eda": "LTE(4G)/GSM(2G)",
                "Tipo Acceso": "WCDMA",
                "Latitud": "53\u00b0 9\u00b4 40\u00b4\u00b4",
                "Longitud": "70\u00b0 56\u00b4 37\u00b4\u00b4",
                "x": "-70,944",
                "y": "-53,161",
                "Latitud_Decimal": -53.16111111111111,
                "Longitud_Decimal": -70.94361111111111
            }
        },
        {
            "type": "Feature",
            "geometry": {
                "type": "Point",
                "coordinates": [
                    -69.755,
                    -52.38361111111111
                ]
            },
            "properties": {
                "C\u00f3digo Soporte": "17.660",
                "C\u00f3digo Elemento": "14.514",
                "Empresa": "Movistar",
                "Nombre Comercial Tecnolog\u00eda": "2G",
                "Direcci\u00f3n": "Ruta Ch255, Km106; Cerro Kamiri Aike",
                "Localidad": "",
                "Comuna": "San Gregorio",
                "Regi\u00f3n": "Regi\u00f3n de Magallanes y de la Ant\u00e1rtica Chilena",
                "Tipo Documento Autorizatorio": "DECRETO NOTIFICADO",
                "Nro. Documento": "95",
                "Fecha Documento": "24/02/2005",
                "Tipo Soporte": "Torre Auto Soportada",
                "Altura": "42",
                "Frecuencia": "1900",
                "Banda": "UHF",
                "Ancho Banda": "20000",
                "Tecnolog\u00eda": "GSM(2G)",
                "Tipo Acceso": "TDMA",
                "Latitud": "52\u00b0 23\u00b4 1\u00b4\u00b4",
                "Longitud": "69\u00b0 45\u00b4 18\u00b4\u00b4",
                "x": "-69,755",
                "y": "-52,384",
                "Latitud_Decimal": -52.38361111111111,
                "Longitud_Decimal": -69.755
            }
        },
        {
            "type": "Feature",
            "geometry": {
                "type": "Point",
                "coordinates": [
                    -70.88861111111112,
                    -53.13777777777778
                ]
            },
            "properties": {
                "C\u00f3digo Soporte": "14.911",
                "C\u00f3digo Elemento": "36.056",
                "Empresa": "ENTEL PCS",
                "Nombre Comercial Tecnolog\u00eda": "2G",
                "Direcci\u00f3n": "AVENIDA ESPA\u00d1A S/N",
                "Localidad": "",
                "Comuna": "Punta Arenas",
                "Regi\u00f3n": "Regi\u00f3n de Magallanes y de la Ant\u00e1rtica Chilena",
                "Tipo Documento Autorizatorio": "DECRETO NOTIFICADO",
                "Nro. Documento": "559",
                "Fecha Documento": "30/06/2008",
                "Tipo Soporte": "Torre Auto Soportada",
                "Altura": "36",
                "Frecuencia": "1900",
                "Banda": "UHF",
                "Ancho Banda": "30000",
                "Tecnolog\u00eda": "GSM(2G)",
                "Tipo Acceso": "TDMA",
                "Latitud": "53\u00b0 8\u00b4 16\u00b4\u00b4",
                "Longitud": "70\u00b0 53\u00b4 19\u00b4\u00b4",
                "x": "-70,889",
                "y": "-53,138",
                "Latitud_Decimal": -53.13777777777778,
                "Longitud_Decimal": -70.88861111111112
            }
        },
        {
            "type": "Feature",
            "geometry": {
                "type": "Point",
                "coordinates": [
                    -70.93194444444445,
                    -53.159444444444446
                ]
            },
            "properties": {
                "C\u00f3digo Soporte": "17.631",
                "C\u00f3digo Elemento": "14.132",
                "Empresa": "Movistar",
                "Nombre Comercial Tecnolog\u00eda": "2G",
                "Direcci\u00f3n": "Mart\u00ednez de Aldunate N\u00ba 1471",
                "Localidad": "",
                "Comuna": "Punta Arenas",
                "Regi\u00f3n": "Regi\u00f3n de Magallanes y de la Ant\u00e1rtica Chilena",
                "Tipo Documento Autorizatorio": "DECRETO NOTIFICADO",
                "Nro. Documento": "278",
                "Fecha Documento": "04/07/2005",
                "Tipo Soporte": "Torre Auto Soportada",
                "Altura": "36",
                "Frecuencia": "1900",
                "Banda": "UHF",
                "Ancho Banda": "20000",
                "Tecnolog\u00eda": "GSM(2G)",
                "Tipo Acceso": "TDMA",
                "Latitud": "53\u00b0 9\u00b4 34\u00b4\u00b4",
                "Longitud": "70\u00b0 55\u00b4 55\u00b4\u00b4",
                "x": "-70,932",
                "y": "-53,159",
                "Latitud_Decimal": -53.159444444444446,
                "Longitud_Decimal": -70.93194444444445
            }
        },
        {
            "type": "Feature",
            "geometry": {
                "type": "Point",
                "coordinates": [
                    -70.9439167,
                    -53.1612778
                ]
            },
            "properties": {
                "C\u00f3digo Soporte": "11.431",
                "C\u00f3digo Elemento": "42.601",
                "Empresa": "CLARO CHILE SPA.",
                "Nombre Comercial Tecnolog\u00eda": "2G",
                "Direcci\u00f3n": "Gaspar Mar\u00edn N\u00ba 0976",
                "Localidad": "",
                "Comuna": "Punta Arenas",
                "Regi\u00f3n": "Regi\u00f3n de Magallanes y de la Ant\u00e1rtica Chilena",
                "Tipo Documento Autorizatorio": "DECRETO EXENTO NOTIFICADO",
                "Nro. Documento": "508",
                "Fecha Documento": "28/07/2014",
                "Tipo Soporte": "Torre Auto Soportada",
                "Altura": "36",
                "Frecuencia": "850",
                "Banda": "UHF",
                "Ancho Banda": "25000",
                "Tecnolog\u00eda": "GSM(2G)",
                "Tipo Acceso": "TDMA",
                "Latitud": "53\u00b0 9\u00b4 40.60008\u00b4\u00b4",
                "Longitud": "70\u00b0 56\u00b4 38.10012\u00b4\u00b4",
                "x": "-70,944",
                "y": "-53,161",
                "Latitud_Decimal": -53.1612778,
                "Longitud_Decimal": -70.9439167
            }
        },
        {
            "type": "Feature",
            "geometry": {
                "type": "Point",
                "coordinates": [
                    -70.8962194,
                    -53.1630806
                ]
            },
            "properties": {
                "C\u00f3digo Soporte": "11.429",
                "C\u00f3digo Elemento": "45.802",
                "Empresa": "CLARO CHILE SPA.",
                "Nombre Comercial Tecnolog\u00eda": "2G",
                "Direcci\u00f3n": "Av. Colon N\u00b0 1290",
                "Localidad": "",
                "Comuna": "Punta Arenas",
                "Regi\u00f3n": "Regi\u00f3n de Magallanes y de la Ant\u00e1rtica Chilena",
                "Tipo Documento Autorizatorio": "DECRETO EXENTO NOTIFICADO",
                "Nro. Documento": "35",
                "Fecha Documento": "11/01/2012",
                "Tipo Soporte": "Azotea",
                "Altura": "30",
                "Frecuencia": "1900",
                "Banda": "UHF",
                "Ancho Banda": "30000",
                "Tecnolog\u00eda": "GSM(2G)",
                "Tipo Acceso": "TDMA",
                "Latitud": "53\u00b0 9\u00b4 47.09016\u00b4\u00b4",
                "Longitud": "70\u00b0 53\u00b4 46.38984\u00b4\u00b4",
                "x": "-70,896",
                "y": "-53,163",
                "Latitud_Decimal": -53.1630806,
                "Longitud_Decimal": -70.8962194
            }
        },
        {
            "type": "Feature",
            "geometry": {
                "type": "Point",
                "coordinates": [
                    -70.94583333333334,
                    -53.19361111111111
                ]
            },
            "properties": {
                "C\u00f3digo Soporte": "14.914",
                "C\u00f3digo Elemento": "16.691",
                "Empresa": "ENTEL PCS",
                "Nombre Comercial Tecnolog\u00eda": "2G",
                "Direcci\u00f3n": "KM 4,5 SUR RIO LOS CIERVOS",
                "Localidad": "",
                "Comuna": "Punta Arenas",
                "Regi\u00f3n": "Regi\u00f3n de Magallanes y de la Ant\u00e1rtica Chilena",
                "Tipo Documento Autorizatorio": "DECRETO NOTIFICADO",
                "Nro. Documento": "750",
                "Fecha Documento": "27/12/2004",
                "Tipo Soporte": "Torre Ventada",
                "Altura": "60",
                "Frecuencia": "1900",
                "Banda": "UHF",
                "Ancho Banda": "30000",
                "Tecnolog\u00eda": "GSM(2G)",
                "Tipo Acceso": "TDMA",
                "Latitud": "53\u00b0 11\u00b4 37\u00b4\u00b4",
                "Longitud": "70\u00b0 56\u00b4 45\u00b4\u00b4",
                "x": "-70,946",
                "y": "-53,194",
                "Latitud_Decimal": -53.19361111111111,
                "Longitud_Decimal": -70.94583333333334
            }
        },
        {
            "type": "Feature",
            "geometry": {
                "type": "Point",
                "coordinates": [
                    -70.86944444444444,
                    -53.12583333333333
                ]
            },
            "properties": {
                "C\u00f3digo Soporte": "14.917",
                "C\u00f3digo Elemento": "44.600",
                "Empresa": "ENTEL PCS",
                "Nombre Comercial Tecnolog\u00eda": "2G",
                "Direcci\u00f3n": "AV. BULNES N\u00ba 2235",
                "Localidad": "",
                "Comuna": "Punta Arenas",
                "Regi\u00f3n": "Regi\u00f3n de Magallanes y de la Ant\u00e1rtica Chilena",
                "Tipo Documento Autorizatorio": "DECRETO EXENTO NOTIFICADO",
                "Nro. Documento": "666",
                "Fecha Documento": "26/09/2017",
                "Tipo Soporte": "Monoposte",
                "Altura": "36",
                "Frecuencia": "1900",
                "Banda": "UHF",
                "Ancho Banda": "30000",
                "Tecnolog\u00eda": "GSM(2G)",
                "Tipo Acceso": "TDMA",
                "Latitud": "53\u00b0 7\u00b4 33\u00b4\u00b4",
                "Longitud": "70\u00b0 52\u00b4 10\u00b4\u00b4",
                "x": "-70,869",
                "y": "-53,126",
                "Latitud_Decimal": -53.12583333333333,
                "Longitud_Decimal": -70.86944444444444
            }
        },
        {
            "type": "Feature",
            "geometry": {
                "type": "Point",
                "coordinates": [
                    -70.86944444444444,
                    -53.12583333333333
                ]
            },
            "properties": {
                "C\u00f3digo Soporte": "14.917",
                "C\u00f3digo Elemento": "18.342",
                "Empresa": "Movistar",
                "Nombre Comercial Tecnolog\u00eda": "2G",
                "Direcci\u00f3n": "Av. Bulnes N\u00ba 04800",
                "Localidad": "",
                "Comuna": "Punta Arenas",
                "Regi\u00f3n": "Regi\u00f3n de Magallanes y de la Ant\u00e1rtica Chilena",
                "Tipo Documento Autorizatorio": "DECRETO NOTIFICADO",
                "Nro. Documento": "302",
                "Fecha Documento": "07/06/2006",
                "Tipo Soporte": "Monoposte",
                "Altura": "36",
                "Frecuencia": "850",
                "Banda": "UHF",
                "Ancho Banda": "25000",
                "Tecnolog\u00eda": "GSM(2G)",
                "Tipo Acceso": "TDMA",
                "Latitud": "53\u00b0 7\u00b4 33\u00b4\u00b4",
                "Longitud": "70\u00b0 52\u00b4 10\u00b4\u00b4",
                "x": "-70,869",
                "y": "-53,126",
                "Latitud_Decimal": -53.12583333333333,
                "Longitud_Decimal": -70.86944444444444
            }
        },
        {
            "type": "Feature",
            "geometry": {
                "type": "Point",
                "coordinates": [
                    -71.04427777777778,
                    -53.15719444444444
                ]
            },
            "properties": {
                "C\u00f3digo Soporte": "18.599",
                "C\u00f3digo Elemento": "56.620",
                "Empresa": "Wom",
                "Nombre Comercial Tecnolog\u00eda": "2G/3G",
                "Direcci\u00f3n": "Cerro Mirador",
                "Localidad": "",
                "Comuna": "Punta Arenas",
                "Regi\u00f3n": "Regi\u00f3n de Magallanes y de la Ant\u00e1rtica Chilena",
                "Tipo Documento Autorizatorio": "DECRETO NOTIFICADO",
                "Nro. Documento": "63",
                "Fecha Documento": "20/04/2010",
                "Tipo Soporte": "Torre Ventada",
                "Altura": "35",
                "Frecuencia": "2100",
                "Banda": "UHF",
                "Ancho Banda": "30000",
                "Tecnolog\u00eda": "GSM(2G)/UMTS(3G)",
                "Tipo Acceso": "TDMA/WCDMA",
                "Latitud": "53\u00b0 9\u00b4 25.900000000000002\u00b4\u00b4",
                "Longitud": "71\u00b0 2\u00b4 39.4\u00b4\u00b4",
                "x": "-71,044",
                "y": "-53,157",
                "Latitud_Decimal": -53.15719444444444,
                "Longitud_Decimal": -71.04427777777778
            }
        },
        {
            "type": "Feature",
            "geometry": {
                "type": "Point",
                "coordinates": [
                    -71.04427777777778,
                    -53.15719444444444
                ]
            },
            "properties": {
                "C\u00f3digo Soporte": "18.599",
                "C\u00f3digo Elemento": "57.001",
                "Empresa": "Wom",
                "Nombre Comercial Tecnolog\u00eda": "",
                "Direcci\u00f3n": "Cerro Mirador",
                "Localidad": "",
                "Comuna": "Punta Arenas",
                "Regi\u00f3n": "Regi\u00f3n de Magallanes y de la Ant\u00e1rtica Chilena",
                "Tipo Documento Autorizatorio": "DECRETO EXENTO NOTIFICADO",
                "Nro. Documento": "1079",
                "Fecha Documento": "25/11/2010",
                "Tipo Soporte": "Torre Ventada",
                "Altura": "35",
                "Frecuencia": "2100",
                "Banda": "UHF",
                "Ancho Banda": "30000",
                "Tecnolog\u00eda": "",
                "Tipo Acceso": "",
                "Latitud": "53\u00b0 9\u00b4 25.900000000000002\u00b4\u00b4",
                "Longitud": "71\u00b0 2\u00b4 39.4\u00b4\u00b4",
                "x": "-71,044",
                "y": "-53,157",
                "Latitud_Decimal": -53.15719444444444,
                "Longitud_Decimal": -71.04427777777778
            }
        },
        {
            "type": "Feature",
            "geometry": {
                "type": "Point",
                "coordinates": [
                    -70.90555555555557,
                    -53.16444444444444
                ]
            },
            "properties": {
                "C\u00f3digo Soporte": "16.971",
                "C\u00f3digo Elemento": "30.031",
                "Empresa": "Movistar",
                "Nombre Comercial Tecnolog\u00eda": "2G",
                "Direcci\u00f3n": "Calle Roca N\u00b0 953",
                "Localidad": "",
                "Comuna": "Punta Arenas",
                "Regi\u00f3n": "Regi\u00f3n de Magallanes y de la Ant\u00e1rtica Chilena",
                "Tipo Documento Autorizatorio": "DECRETO NOTIFICADO",
                "Nro. Documento": "540",
                "Fecha Documento": "12/06/2007",
                "Tipo Soporte": "Monoposte",
                "Altura": "30",
                "Frecuencia": "850",
                "Banda": "UHF",
                "Ancho Banda": "25000",
                "Tecnolog\u00eda": "GSM(2G)",
                "Tipo Acceso": "TDMA",
                "Latitud": "53\u00b0 9\u00b4 52\u00b4\u00b4",
                "Longitud": "70\u00b0 54\u00b4 20\u00b4\u00b4",
                "x": "-70,906",
                "y": "-53,164",
                "Latitud_Decimal": -53.16444444444444,
                "Longitud_Decimal": -70.90555555555557
            }
        },
        {
            "type": "Feature",
            "geometry": {
                "type": "Point",
                "coordinates": [
                    -71.04444444444444,
                    -53.157222222222224
                ]
            },
            "properties": {
                "C\u00f3digo Soporte": "17.493",
                "C\u00f3digo Elemento": "13.502",
                "Empresa": "Movistar",
                "Nombre Comercial Tecnolog\u00eda": "2G",
                "Direcci\u00f3n": "Cerro Mirador s/n, Club Andino",
                "Localidad": "",
                "Comuna": "Punta Arenas",
                "Regi\u00f3n": "Regi\u00f3n de Magallanes y de la Ant\u00e1rtica Chilena",
                "Tipo Documento Autorizatorio": "DECRETO NOTIFICADO",
                "Nro. Documento": "248",
                "Fecha Documento": "14/06/2004",
                "Tipo Soporte": "Torre Auto Soportada",
                "Altura": "42",
                "Frecuencia": "1900",
                "Banda": "UHF",
                "Ancho Banda": "10000",
                "Tecnolog\u00eda": "GSM(2G)",
                "Tipo Acceso": "FDD/TDMA",
                "Latitud": "53\u00b0 9\u00b4 26\u00b4\u00b4",
                "Longitud": "71\u00b0 2\u00b4 40\u00b4\u00b4",
                "x": "-71,044",
                "y": "-53,157",
                "Latitud_Decimal": -53.157222222222224,
                "Longitud_Decimal": -71.04444444444444
            }
        },
        {
            "type": "Feature",
            "geometry": {
                "type": "Point",
                "coordinates": [
                    -70.88277777777778,
                    -53.08777777777778
                ]
            },
            "properties": {
                "C\u00f3digo Soporte": "14.932",
                "C\u00f3digo Elemento": "47.589",
                "Empresa": "ENTEL PCS",
                "Nombre Comercial Tecnolog\u00eda": "2G",
                "Direcci\u00f3n": "KM. 8,5, RUTA 9 NORTE N\u00ba 09606",
                "Localidad": "",
                "Comuna": "Punta Arenas",
                "Regi\u00f3n": "Regi\u00f3n de Magallanes y de la Ant\u00e1rtica Chilena",
                "Tipo Documento Autorizatorio": "DECRETO EXENTO NOTIFICADO",
                "Nro. Documento": "710",
                "Fecha Documento": "09/09/2009",
                "Tipo Soporte": "Torre Ventada",
                "Altura": "60",
                "Frecuencia": "1900",
                "Banda": "UHF",
                "Ancho Banda": "30000",
                "Tecnolog\u00eda": "GSM(2G)",
                "Tipo Acceso": "TDMA",
                "Latitud": "53\u00b0 5\u00b4 16\u00b4\u00b4",
                "Longitud": "70\u00b0 52\u00b4 58\u00b4\u00b4",
                "x": "-70,883",
                "y": "-53,088",
                "Latitud_Decimal": -53.08777777777778,
                "Longitud_Decimal": -70.88277777777778
            }
        },
        {
            "type": "Feature",
            "geometry": {
                "type": "Point",
                "coordinates": [
                    -70.92194444444445,
                    -53.13444444444444
                ]
            },
            "properties": {
                "C\u00f3digo Soporte": "17.467",
                "C\u00f3digo Elemento": "59.134",
                "Empresa": "MOVISTAR MOVIL",
                "Nombre Comercial Tecnolog\u00eda": "2G",
                "Direcci\u00f3n": "Coronel Jos\u00e9 de los Santos Mardones N\u00ba 01695",
                "Localidad": "",
                "Comuna": "Punta Arenas",
                "Regi\u00f3n": "Regi\u00f3n de Magallanes y de la Ant\u00e1rtica Chilena",
                "Tipo Documento Autorizatorio": "DECRETO EXENTO NOTIFICADO",
                "Nro. Documento": "1302",
                "Fecha Documento": "25/10/2011",
                "Tipo Soporte": "Torre Auto Soportada",
                "Altura": "26",
                "Frecuencia": "850",
                "Banda": "UHF",
                "Ancho Banda": "25000",
                "Tecnolog\u00eda": "GSM(2G)",
                "Tipo Acceso": "TDMA",
                "Latitud": "53\u00b0 8\u00b4 4\u00b4\u00b4",
                "Longitud": "70\u00b0 55\u00b4 19\u00b4\u00b4",
                "x": "-70,922",
                "y": "-53,134",
                "Latitud_Decimal": -53.13444444444444,
                "Longitud_Decimal": -70.92194444444445
            }
        },
        {
            "type": "Feature",
            "geometry": {
                "type": "Point",
                "coordinates": [
                    -70.81972222222223,
                    -52.94333333333333
                ]
            },
            "properties": {
                "C\u00f3digo Soporte": "14.916",
                "C\u00f3digo Elemento": "11.815",
                "Empresa": "MOVISTAR MOVIL",
                "Nombre Comercial Tecnolog\u00eda": "2G",
                "Direcci\u00f3n": "Al Llegar A Terminal Cabo Negro",
                "Localidad": "",
                "Comuna": "Punta Arenas",
                "Regi\u00f3n": "Regi\u00f3n de Magallanes y de la Ant\u00e1rtica Chilena",
                "Tipo Documento Autorizatorio": "DECRETO EXENTO NOTIFICADO",
                "Nro. Documento": "338",
                "Fecha Documento": "04/06/2013",
                "Tipo Soporte": "Torre Auto Soportada",
                "Altura": "42",
                "Frecuencia": "1900",
                "Banda": "UHF",
                "Ancho Banda": "10000",
                "Tecnolog\u00eda": "GSM(2G)",
                "Tipo Acceso": "TDMA",
                "Latitud": "52\u00b0 56\u00b4 36\u00b4\u00b4",
                "Longitud": "70\u00b0 49\u00b4 11\u00b4\u00b4",
                "x": "-70,82",
                "y": "-52,943",
                "Latitud_Decimal": -52.94333333333333,
                "Longitud_Decimal": -70.81972222222223
            }
        },
        {
            "type": "Feature",
            "geometry": {
                "type": "Point",
                "coordinates": [
                    -70.92222222222223,
                    -53.16083333333333
                ]
            },
            "properties": {
                "C\u00f3digo Soporte": "14.912",
                "C\u00f3digo Elemento": "16.421",
                "Empresa": "ENTEL PCS",
                "Nombre Comercial Tecnolog\u00eda": "",
                "Direcci\u00f3n": "ZENTENO N\u00ba 1325",
                "Localidad": "",
                "Comuna": "Punta Arenas",
                "Regi\u00f3n": "Regi\u00f3n de Magallanes y de la Ant\u00e1rtica Chilena",
                "Tipo Documento Autorizatorio": "DECRETO EXENTO NOTIFICADO",
                "Nro. Documento": "653",
                "Fecha Documento": "13/06/2018",
                "Tipo Soporte": "Torre Auto Soportada",
                "Altura": "24",
                "Frecuencia": "1900",
                "Banda": "UHF",
                "Ancho Banda": "30000",
                "Tecnolog\u00eda": "GSM",
                "Tipo Acceso": "TDMA",
                "Latitud": "53\u00b0 9\u00b4 39\u00b4\u00b4",
                "Longitud": "70\u00b0 55\u00b4 20\u00b4\u00b4",
                "x": "-70,922",
                "y": "-53,161",
                "Latitud_Decimal": -53.16083333333333,
                "Longitud_Decimal": -70.92222222222223
            }
        },
        {
            "type": "Feature",
            "geometry": {
                "type": "Point",
                "coordinates": [
                    -72.48005555555555,
                    -51.71461111111111
                ]
            },
            "properties": {
                "C\u00f3digo Soporte": "18.598",
                "C\u00f3digo Elemento": "57.000",
                "Empresa": "Wom",
                "Nombre Comercial Tecnolog\u00eda": "",
                "Direcci\u00f3n": "Camino Dorotea Km 3, s/n",
                "Localidad": "",
                "Comuna": "Natales",
                "Regi\u00f3n": "Regi\u00f3n de Magallanes y de la Ant\u00e1rtica Chilena",
                "Tipo Documento Autorizatorio": "DECRETO EXENTO NOTIFICADO",
                "Nro. Documento": "1079",
                "Fecha Documento": "25/11/2010",
                "Tipo Soporte": "Torre Auto Soportada",
                "Altura": "25",
                "Frecuencia": "2100",
                "Banda": "UHF",
                "Ancho Banda": "30000",
                "Tecnolog\u00eda": "",
                "Tipo Acceso": "",
                "Latitud": "51\u00b0 42\u00b4 52.6\u00b4\u00b4",
                "Longitud": "72\u00b0 28\u00b4 48.2\u00b4\u00b4",
                "x": "-72,48",
                "y": "-51,715",
                "Latitud_Decimal": -51.71461111111111,
                "Longitud_Decimal": -72.48005555555555
            }
        },
        {
            "type": "Feature",
            "geometry": {
                "type": "Point",
                "coordinates": [
                    -71.48275,
                    -52.37678611111111
                ]
            },
            "properties": {
                "C\u00f3digo Soporte": "18.323",
                "C\u00f3digo Elemento": "18.341",
                "Empresa": "Movistar",
                "Nombre Comercial Tecnolog\u00eda": "2G",
                "Direcci\u00f3n": "Ruta 9, Km 96; Estancia Puro Chile. Cerro Mirador ",
                "Localidad": "",
                "Comuna": "Laguna Blanca",
                "Regi\u00f3n": "Regi\u00f3n de Magallanes y de la Ant\u00e1rtica Chilena",
                "Tipo Documento Autorizatorio": "DECRETO NOTIFICADO",
                "Nro. Documento": "302",
                "Fecha Documento": "07/06/2006",
                "Tipo Soporte": "Torre Auto Soportada",
                "Altura": "36",
                "Frecuencia": "850",
                "Banda": "UHF",
                "Ancho Banda": "25000",
                "Tecnolog\u00eda": "GSM(2G)",
                "Tipo Acceso": "TDMA",
                "Latitud": "52\u00b0 22\u00b4 36.43\u00b4\u00b4",
                "Longitud": "71\u00b0 28\u00b4 57.9\u00b4\u00b4",
                "x": "-71,483",
                "y": "-52,377",
                "Latitud_Decimal": -52.37678611111111,
                "Longitud_Decimal": -71.48275
            }
        },
        {
            "type": "Feature",
            "geometry": {
                "type": "Point",
                "coordinates": [
                    -69.64333333333335,
                    -53.63861111111111
                ]
            },
            "properties": {
                "C\u00f3digo Soporte": "14.962",
                "C\u00f3digo Elemento": "54.126",
                "Empresa": "ENTEL PCS",
                "Nombre Comercial Tecnolog\u00eda": "2G",
                "Direcci\u00f3n": "Sector Cameron",
                "Localidad": "",
                "Comuna": "Timaukel",
                "Regi\u00f3n": "Regi\u00f3n de Magallanes y de la Ant\u00e1rtica Chilena",
                "Tipo Documento Autorizatorio": "DECRETO EXENTO NOTIFICADO",
                "Nro. Documento": "1435",
                "Fecha Documento": "16/11/2011",
                "Tipo Soporte": "Torre Ventada",
                "Altura": "36",
                "Frecuencia": "1900",
                "Banda": "UHF",
                "Ancho Banda": "30000",
                "Tecnolog\u00eda": "GSM(2G)",
                "Tipo Acceso": "TDMA",
                "Latitud": "53\u00b0 38\u00b4 19\u00b4\u00b4",
                "Longitud": "69\u00b0 38\u00b4 36\u00b4\u00b4",
                "x": "-69,643",
                "y": "-53,639",
                "Latitud_Decimal": -53.63861111111111,
                "Longitud_Decimal": -69.64333333333335
            }
        },
        {
            "type": "Feature",
            "geometry": {
                "type": "Point",
                "coordinates": [
                    -70.37819444444443,
                    -53.31005555555555
                ]
            },
            "properties": {
                "C\u00f3digo Soporte": "19.271",
                "C\u00f3digo Elemento": "56.223",
                "Empresa": "VTR MOVIL",
                "Nombre Comercial Tecnolog\u00eda": "3G",
                "Direcci\u00f3n": "Parcela S/N \u00a0Sector Miramar",
                "Localidad": "",
                "Comuna": "Porvenir",
                "Regi\u00f3n": "Regi\u00f3n de Magallanes y de la Ant\u00e1rtica Chilena",
                "Tipo Documento Autorizatorio": "DECRETO NOTIFICADO",
                "Nro. Documento": "67",
                "Fecha Documento": "30/04/2010",
                "Tipo Soporte": "Torre Auto Soportada",
                "Altura": "60",
                "Frecuencia": "2100",
                "Banda": "UHF",
                "Ancho Banda": "30000",
                "Tecnolog\u00eda": "UMTS(3G)",
                "Tipo Acceso": "WCDMA",
                "Latitud": "53\u00b0 18\u00b4 36.2\u00b4\u00b4",
                "Longitud": "70\u00b0 22\u00b4 41.5\u00b4\u00b4",
                "x": "-70,378",
                "y": "-53,31",
                "Latitud_Decimal": -53.31005555555555,
                "Longitud_Decimal": -70.37819444444443
            }
        },
        {
            "type": "Feature",
            "geometry": {
                "type": "Point",
                "coordinates": [
                    -70.94583333333334,
                    -53.17222222222222
                ]
            },
            "properties": {
                "C\u00f3digo Soporte": "14.928",
                "C\u00f3digo Elemento": "35.411",
                "Empresa": "ENTEL PCS",
                "Nombre Comercial Tecnolog\u00eda": "2G",
                "Direcci\u00f3n": "JOS\u00c9 MART\u00cdNEZ DE ALDUNATE N\u00ba 2902",
                "Localidad": "",
                "Comuna": "Punta Arenas",
                "Regi\u00f3n": "Regi\u00f3n de Magallanes y de la Ant\u00e1rtica Chilena",
                "Tipo Documento Autorizatorio": "DECRETO NOTIFICADO",
                "Nro. Documento": "382",
                "Fecha Documento": "16/04/2008",
                "Tipo Soporte": "Torre Ventada",
                "Altura": "36",
                "Frecuencia": "1900",
                "Banda": "UHF",
                "Ancho Banda": "30000",
                "Tecnolog\u00eda": "GSM(2G)",
                "Tipo Acceso": "TDMA",
                "Latitud": "53\u00b0 10\u00b4 20\u00b4\u00b4",
                "Longitud": "70\u00b0 56\u00b4 45\u00b4\u00b4",
                "x": "-70,946",
                "y": "-53,172",
                "Latitud_Decimal": -53.17222222222222,
                "Longitud_Decimal": -70.94583333333334
            }
        },
        {
            "type": "Feature",
            "geometry": {
                "type": "Point",
                "coordinates": [
                    -70.94583333333334,
                    -53.17222222222222
                ]
            },
            "properties": {
                "C\u00f3digo Soporte": "14.928",
                "C\u00f3digo Elemento": "35.179",
                "Empresa": "ENTEL PCS",
                "Nombre Comercial Tecnolog\u00eda": "2G",
                "Direcci\u00f3n": "Martinez Aldunate N\u00ba 2902",
                "Localidad": "",
                "Comuna": "Punta Arenas",
                "Regi\u00f3n": "Regi\u00f3n de Magallanes y de la Ant\u00e1rtica Chilena",
                "Tipo Documento Autorizatorio": "DECRETO EXENTO NOTIFICADO",
                "Nro. Documento": "430",
                "Fecha Documento": "14/05/2018",
                "Tipo Soporte": "Torre Ventada",
                "Altura": "36",
                "Frecuencia": "1900",
                "Banda": "UHF",
                "Ancho Banda": "30000",
                "Tecnolog\u00eda": "GSM(2G)",
                "Tipo Acceso": "FDD",
                "Latitud": "53\u00b0 10\u00b4 20\u00b4\u00b4",
                "Longitud": "70\u00b0 56\u00b4 45\u00b4\u00b4",
                "x": "-70,946",
                "y": "-53,172",
                "Latitud_Decimal": -53.17222222222222,
                "Longitud_Decimal": -70.94583333333334
            }
        },
        {
            "type": "Feature",
            "geometry": {
                "type": "Point",
                "coordinates": [
                    -70.93944444444445,
                    -53.14555555555555
                ]
            },
            "properties": {
                "C\u00f3digo Soporte": "17.053",
                "C\u00f3digo Elemento": "41.633",
                "Empresa": "MOVISTAR MOVIL",
                "Nombre Comercial Tecnolog\u00eda": "",
                "Direcci\u00f3n": "Manuel Aguilar N\u00ba 01776",
                "Localidad": "",
                "Comuna": "Punta Arenas",
                "Regi\u00f3n": "Regi\u00f3n de Magallanes y de la Ant\u00e1rtica Chilena",
                "Tipo Documento Autorizatorio": "DECRETO EXENTO NOTIFICADO",
                "Nro. Documento": "167",
                "Fecha Documento": "29/01/2009",
                "Tipo Soporte": "Monoposte",
                "Altura": "30",
                "Frecuencia": "1900",
                "Banda": "UHF",
                "Ancho Banda": "30000",
                "Tecnolog\u00eda": "GSM",
                "Tipo Acceso": "TDMA",
                "Latitud": "53\u00b0 8\u00b4 44\u00b4\u00b4",
                "Longitud": "70\u00b0 56\u00b4 22\u00b4\u00b4",
                "x": "-70,939",
                "y": "-53,146",
                "Latitud_Decimal": -53.14555555555555,
                "Longitud_Decimal": -70.93944444444445
            }
        },
        {
            "type": "Feature",
            "geometry": {
                "type": "Point",
                "coordinates": [
                    -70.87805555555555,
                    -53.11361111111111
                ]
            },
            "properties": {
                "C\u00f3digo Soporte": "14.938",
                "C\u00f3digo Elemento": "36.824",
                "Empresa": "ENTEL PCS",
                "Nombre Comercial Tecnolog\u00eda": "2G",
                "Direcci\u00f3n": "Juan Williams N\u00b006503",
                "Localidad": "",
                "Comuna": "Punta Arenas",
                "Regi\u00f3n": "Regi\u00f3n de Magallanes y de la Ant\u00e1rtica Chilena",
                "Tipo Documento Autorizatorio": "DECRETO EXENTO NOTIFICADO",
                "Nro. Documento": "523",
                "Fecha Documento": "12/06/2018",
                "Tipo Soporte": "Torre Auto Soportada",
                "Altura": "36",
                "Frecuencia": "1900",
                "Banda": "UHF",
                "Ancho Banda": "30000",
                "Tecnolog\u00eda": "GSM(2G)",
                "Tipo Acceso": "TDMA",
                "Latitud": "53\u00b0 6\u00b4 49\u00b4\u00b4",
                "Longitud": "70\u00b0 52\u00b4 41\u00b4\u00b4",
                "x": "-70,878",
                "y": "-53,114",
                "Latitud_Decimal": -53.11361111111111,
                "Longitud_Decimal": -70.87805555555555
            }
        },
        {
            "type": "Feature",
            "geometry": {
                "type": "Point",
                "coordinates": [
                    -68.80333333333333,
                    -54.04694444444444
                ]
            },
            "properties": {
                "C\u00f3digo Soporte": "14.963",
                "C\u00f3digo Elemento": "49.457",
                "Empresa": "ENTEL PCS",
                "Nombre Comercial Tecnolog\u00eda": "2G",
                "Direcci\u00f3n": "LOCALIDAD DE PAMPA GUANACO",
                "Localidad": "",
                "Comuna": "Timaukel",
                "Regi\u00f3n": "Regi\u00f3n de Magallanes y de la Ant\u00e1rtica Chilena",
                "Tipo Documento Autorizatorio": "RES. NOTIFICADA",
                "Nro. Documento": "5667",
                "Fecha Documento": "21/10/2009",
                "Tipo Soporte": "Torre Ventada",
                "Altura": "36",
                "Frecuencia": "1900",
                "Banda": "UHF",
                "Ancho Banda": "30000",
                "Tecnolog\u00eda": "GSM(2G)",
                "Tipo Acceso": "TDMA",
                "Latitud": "54\u00b0 2\u00b4 49\u00b4\u00b4",
                "Longitud": "68\u00b0 48\u00b4 12\u00b4\u00b4",
                "x": "-68,803",
                "y": "-54,047",
                "Latitud_Decimal": -54.04694444444444,
                "Longitud_Decimal": -68.80333333333333
            }
        },
        {
            "type": "Feature",
            "geometry": {
                "type": "Point",
                "coordinates": [
                    -69.29083333333332,
                    -52.77472222222222
                ]
            },
            "properties": {
                "C\u00f3digo Soporte": "14.961",
                "C\u00f3digo Elemento": "14.218",
                "Empresa": "Movistar",
                "Nombre Comercial Tecnolog\u00eda": "2G",
                "Direcci\u00f3n": "Ruta 257 Km 211,5; Sitio 11 - Manzana H. Cerro Sombrero",
                "Localidad": "",
                "Comuna": "Primavera",
                "Regi\u00f3n": "Regi\u00f3n de Magallanes y de la Ant\u00e1rtica Chilena",
                "Tipo Documento Autorizatorio": "DECRETO NOTIFICADO",
                "Nro. Documento": "208",
                "Fecha Documento": "25/04/2006",
                "Tipo Soporte": "Torre Ventada",
                "Altura": "42",
                "Frecuencia": "850",
                "Banda": "UHF",
                "Ancho Banda": "25000",
                "Tecnolog\u00eda": "GSM(2G)",
                "Tipo Acceso": "TDMA",
                "Latitud": "52\u00b0 46\u00b4 29\u00b4\u00b4",
                "Longitud": "69\u00b0 17\u00b4 27\u00b4\u00b4",
                "x": "-69,291",
                "y": "-52,775",
                "Latitud_Decimal": -52.77472222222222,
                "Longitud_Decimal": -69.29083333333332
            }
        },
        {
            "type": "Feature",
            "geometry": {
                "type": "Point",
                "coordinates": [
                    -70.8234167,
                    -53.0100556
                ]
            },
            "properties": {
                "C\u00f3digo Soporte": "11.412",
                "C\u00f3digo Elemento": "32.120",
                "Empresa": "CLARO CHILE SPA.",
                "Nombre Comercial Tecnolog\u00eda": "2G",
                "Direcci\u00f3n": "Ruta 9 Norte s/n, Sector Aeropuerto",
                "Localidad": "",
                "Comuna": "Punta Arenas",
                "Regi\u00f3n": "Regi\u00f3n de Magallanes y de la Ant\u00e1rtica Chilena",
                "Tipo Documento Autorizatorio": "DECRETO NOTIFICADO",
                "Nro. Documento": "1043",
                "Fecha Documento": "12/11/2007",
                "Tipo Soporte": "Torre Auto Soportada",
                "Altura": "33",
                "Frecuencia": "850",
                "Banda": "UHF",
                "Ancho Banda": "25000",
                "Tecnolog\u00eda": "GSM(2G)",
                "Tipo Acceso": "TDMA",
                "Latitud": "53\u00b0 0\u00b4 36.20016\u00b4\u00b4",
                "Longitud": "70\u00b0 49\u00b4 24.30012\u00b4\u00b4",
                "x": "-70,823",
                "y": "-53,01",
                "Latitud_Decimal": -53.0100556,
                "Longitud_Decimal": -70.8234167
            }
        },
        {
            "type": "Feature",
            "geometry": {
                "type": "Point",
                "coordinates": [
                    -70.86944444444444,
                    -53.12583333333333
                ]
            },
            "properties": {
                "C\u00f3digo Soporte": "14.917",
                "C\u00f3digo Elemento": "36.052",
                "Empresa": "ENTEL PCS",
                "Nombre Comercial Tecnolog\u00eda": "2G",
                "Direcci\u00f3n": "AV. BULNES N\u00ba 04800",
                "Localidad": "",
                "Comuna": "Punta Arenas",
                "Regi\u00f3n": "Regi\u00f3n de Magallanes y de la Ant\u00e1rtica Chilena",
                "Tipo Documento Autorizatorio": "DECRETO NOTIFICADO",
                "Nro. Documento": "559",
                "Fecha Documento": "30/06/2008",
                "Tipo Soporte": "Monoposte",
                "Altura": "36",
                "Frecuencia": "1900",
                "Banda": "UHF",
                "Ancho Banda": "30000",
                "Tecnolog\u00eda": "GSM(2G)",
                "Tipo Acceso": "TDMA",
                "Latitud": "53\u00b0 7\u00b4 33\u00b4\u00b4",
                "Longitud": "70\u00b0 52\u00b4 10\u00b4\u00b4",
                "x": "-70,869",
                "y": "-53,126",
                "Latitud_Decimal": -53.12583333333333,
                "Longitud_Decimal": -70.86944444444444
            }
        },
        {
            "type": "Feature",
            "geometry": {
                "type": "Point",
                "coordinates": [
                    -70.8261111111111,
                    -53.01027777777778
                ]
            },
            "properties": {
                "C\u00f3digo Soporte": "14.913",
                "C\u00f3digo Elemento": "49.465",
                "Empresa": "ENTEL PCS",
                "Nombre Comercial Tecnolog\u00eda": "2G",
                "Direcci\u00f3n": "BAH\u00cdA CATALINA S/N, INTERIOR BASE A\u00c9REA FACH",
                "Localidad": "",
                "Comuna": "Punta Arenas",
                "Regi\u00f3n": "Regi\u00f3n de Magallanes y de la Ant\u00e1rtica Chilena",
                "Tipo Documento Autorizatorio": "DECRETO EXENTO NOTIFICADO",
                "Nro. Documento": "236",
                "Fecha Documento": "19/02/2010",
                "Tipo Soporte": "Torre Ventada",
                "Altura": "30",
                "Frecuencia": "1900",
                "Banda": "UHF",
                "Ancho Banda": "30000",
                "Tecnolog\u00eda": "GSM(2G)",
                "Tipo Acceso": "TDMA",
                "Latitud": "53\u00b0 0\u00b4 37\u00b4\u00b4",
                "Longitud": "70\u00b0 49\u00b4 34\u00b4\u00b4",
                "x": "-70,826",
                "y": "-53,01",
                "Latitud_Decimal": -53.01027777777778,
                "Longitud_Decimal": -70.8261111111111
            }
        },
        {
            "type": "Feature",
            "geometry": {
                "type": "Point",
                "coordinates": [
                    -70.883333,
                    -53.088056
                ]
            },
            "properties": {
                "C\u00f3digo Soporte": "11.422",
                "C\u00f3digo Elemento": "51.108",
                "Empresa": "CLARO CHILE SPA.",
                "Nombre Comercial Tecnolog\u00eda": "2G",
                "Direcci\u00f3n": "Ruta 9 Norte Km. 8,5 N\u00b0 09606, Sector Barranco Amarillo",
                "Localidad": "",
                "Comuna": "Punta Arenas",
                "Regi\u00f3n": "Regi\u00f3n de Magallanes y de la Ant\u00e1rtica Chilena",
                "Tipo Documento Autorizatorio": "DECRETO EXENTO NOTIFICADO",
                "Nro. Documento": "630",
                "Fecha Documento": "08/07/2015",
                "Tipo Soporte": "Torre Auto Soportada",
                "Altura": "42",
                "Frecuencia": "850",
                "Banda": "UHF",
                "Ancho Banda": "25000",
                "Tecnolog\u00eda": "GSM(2G)",
                "Tipo Acceso": "TDMA",
                "Latitud": "53\u00b0 5\u00b4 17.0016\u00b4\u00b4",
                "Longitud": "70\u00b0 52\u00b4 59.9988\u00b4\u00b4",
                "x": "-70,883",
                "y": "-53,088",
                "Latitud_Decimal": -53.088056,
                "Longitud_Decimal": -70.883333
            }
        },
        {
            "type": "Feature",
            "geometry": {
                "type": "Point",
                "coordinates": [
                    -70.90611111111112,
                    -53.12166666666667
                ]
            },
            "properties": {
                "C\u00f3digo Soporte": "14.931",
                "C\u00f3digo Elemento": "43.750",
                "Empresa": "ENTEL PCS",
                "Nombre Comercial Tecnolog\u00eda": "2G",
                "Direcci\u00f3n": "AV. LOS FLAMENCOS, PARC. N\u00ba0845, PARCELA D-4",
                "Localidad": "",
                "Comuna": "Punta Arenas",
                "Regi\u00f3n": "Regi\u00f3n de Magallanes y de la Ant\u00e1rtica Chilena",
                "Tipo Documento Autorizatorio": "DECRETO EXENTO NOTIFICADO",
                "Nro. Documento": "292",
                "Fecha Documento": "27/03/2009",
                "Tipo Soporte": "Torre Ventada",
                "Altura": "36",
                "Frecuencia": "1900",
                "Banda": "UHF",
                "Ancho Banda": "30000",
                "Tecnolog\u00eda": "GSM(2G)",
                "Tipo Acceso": "TDMA",
                "Latitud": "53\u00b0 7\u00b4 18\u00b4\u00b4",
                "Longitud": "70\u00b0 54\u00b4 22\u00b4\u00b4",
                "x": "-70,906",
                "y": "-53,122",
                "Latitud_Decimal": -53.12166666666667,
                "Longitud_Decimal": -70.90611111111112
            }
        },
        {
            "type": "Feature",
            "geometry": {
                "type": "Point",
                "coordinates": [
                    -70.85277777777777,
                    -53.05
                ]
            },
            "properties": {
                "C\u00f3digo Soporte": "14.942",
                "C\u00f3digo Elemento": "60.736",
                "Empresa": "ENTEL PCS",
                "Nombre Comercial Tecnolog\u00eda": "2G",
                "Direcci\u00f3n": "KM. 14, RUTA 9 NORTE LOTE 17",
                "Localidad": "",
                "Comuna": "Punta Arenas",
                "Regi\u00f3n": "Regi\u00f3n de Magallanes y de la Ant\u00e1rtica Chilena",
                "Tipo Documento Autorizatorio": "DECRETO EXENTO NOTIFICADO",
                "Nro. Documento": "1393",
                "Fecha Documento": "03/11/2011",
                "Tipo Soporte": "Torre Ventada",
                "Altura": "48",
                "Frecuencia": "1900",
                "Banda": "UHF",
                "Ancho Banda": "30000",
                "Tecnolog\u00eda": "GSM(2G)",
                "Tipo Acceso": "TDMA",
                "Latitud": "53\u00b0 2\u00b4 60\u00b4\u00b4",
                "Longitud": "70\u00b0 51\u00b4 10\u00b4\u00b4",
                "x": "-70,853",
                "y": "-53,05",
                "Latitud_Decimal": -53.05,
                "Longitud_Decimal": -70.85277777777777
            }
        },
        {
            "type": "Feature",
            "geometry": {
                "type": "Point",
                "coordinates": [
                    -71.0436111111111,
                    -53.156666666666666
                ]
            },
            "properties": {
                "C\u00f3digo Soporte": "14.908",
                "C\u00f3digo Elemento": "394.148",
                "Empresa": "ENTEL PCS",
                "Nombre Comercial Tecnolog\u00eda": "2G",
                "Direcci\u00f3n": "Punta Arenas",
                "Localidad": "",
                "Comuna": "Punta Arenas",
                "Regi\u00f3n": "Regi\u00f3n de Magallanes y de la Ant\u00e1rtica Chilena",
                "Tipo Documento Autorizatorio": "DECRETO NOTIFICADO",
                "Nro. Documento": "146",
                "Fecha Documento": "14/04/1997",
                "Tipo Soporte": "Torre Ventada",
                "Altura": "40",
                "Frecuencia": "1900",
                "Banda": "UHF",
                "Ancho Banda": "30000",
                "Tecnolog\u00eda": "GSM(2G)",
                "Tipo Acceso": "TDMA",
                "Latitud": "53\u00b0 9\u00b4 24\u00b4\u00b4",
                "Longitud": "71\u00b0 2\u00b4 37\u00b4\u00b4",
                "x": "-71,044",
                "y": "-53,157",
                "Latitud_Decimal": -53.156666666666666,
                "Longitud_Decimal": -71.0436111111111
            }
        },
        {
            "type": "Feature",
            "geometry": {
                "type": "Point",
                "coordinates": [
                    -70.81972222222223,
                    -52.94333333333333
                ]
            },
            "properties": {
                "C\u00f3digo Soporte": "14.916",
                "C\u00f3digo Elemento": "7830",
                "Empresa": "ENTEL PCS",
                "Nombre Comercial Tecnolog\u00eda": "2G",
                "Direcci\u00f3n": "RECINTO ENAP, SECTOR CABO NEGRO",
                "Localidad": "",
                "Comuna": "Punta Arenas",
                "Regi\u00f3n": "Regi\u00f3n de Magallanes y de la Ant\u00e1rtica Chilena",
                "Tipo Documento Autorizatorio": "DECRETO NOTIFICADO",
                "Nro. Documento": "364",
                "Fecha Documento": "19/08/2005",
                "Tipo Soporte": "Torre Auto Soportada",
                "Altura": "42",
                "Frecuencia": "1900",
                "Banda": "UHF",
                "Ancho Banda": "30000",
                "Tecnolog\u00eda": "GSM(2G)",
                "Tipo Acceso": "TDMA",
                "Latitud": "52\u00b0 56\u00b4 36\u00b4\u00b4",
                "Longitud": "70\u00b0 49\u00b4 11\u00b4\u00b4",
                "x": "-70,82",
                "y": "-52,943",
                "Latitud_Decimal": -52.94333333333333,
                "Longitud_Decimal": -70.81972222222223
            }
        },
        {
            "type": "Feature",
            "geometry": {
                "type": "Point",
                "coordinates": [
                    -70.94222222222223,
                    -53.11944444444445
                ]
            },
            "properties": {
                "C\u00f3digo Soporte": "14.935",
                "C\u00f3digo Elemento": "47.225",
                "Empresa": "ENTEL PCS",
                "Nombre Comercial Tecnolog\u00eda": "2G",
                "Direcci\u00f3n": "LAS CHARCAS, PARCELAS 102-B",
                "Localidad": "",
                "Comuna": "Punta Arenas",
                "Regi\u00f3n": "Regi\u00f3n de Magallanes y de la Ant\u00e1rtica Chilena",
                "Tipo Documento Autorizatorio": "DECRETO EXENTO NOTIFICADO",
                "Nro. Documento": "783",
                "Fecha Documento": "30/09/2009",
                "Tipo Soporte": "Torre Ventada",
                "Altura": "36",
                "Frecuencia": "1900",
                "Banda": "UHF",
                "Ancho Banda": "30000",
                "Tecnolog\u00eda": "GSM(2G)",
                "Tipo Acceso": "TDMA",
                "Latitud": "53\u00b0 7\u00b4 10\u00b4\u00b4",
                "Longitud": "70\u00b0 56\u00b4 32\u00b4\u00b4",
                "x": "-70,942",
                "y": "-53,119",
                "Latitud_Decimal": -53.11944444444445,
                "Longitud_Decimal": -70.94222222222223
            }
        },
        {
            "type": "Feature",
            "geometry": {
                "type": "Point",
                "coordinates": [
                    -70.94583333333334,
                    -53.19361111111111
                ]
            },
            "properties": {
                "C\u00f3digo Soporte": "14.914",
                "C\u00f3digo Elemento": "56.509",
                "Empresa": "MOVISTAR MOVIL",
                "Nombre Comercial Tecnolog\u00eda": "2G",
                "Direcci\u00f3n": "Prolongaci\u00f3n 21 de mayo,camino fuerte Bulnes km 4 1/2 sur",
                "Localidad": "",
                "Comuna": "Punta Arenas",
                "Regi\u00f3n": "Regi\u00f3n de Magallanes y de la Ant\u00e1rtica Chilena",
                "Tipo Documento Autorizatorio": "DECRETO EXENTO NOTIFICADO",
                "Nro. Documento": "533",
                "Fecha Documento": "11/04/2011",
                "Tipo Soporte": "Torre Ventada",
                "Altura": "60",
                "Frecuencia": "1900",
                "Banda": "UHF",
                "Ancho Banda": "30000",
                "Tecnolog\u00eda": "GSM(2G)",
                "Tipo Acceso": "TDMA",
                "Latitud": "53\u00b0 11\u00b4 37\u00b4\u00b4",
                "Longitud": "70\u00b0 56\u00b4 45\u00b4\u00b4",
                "x": "-70,946",
                "y": "-53,194",
                "Latitud_Decimal": -53.19361111111111,
                "Longitud_Decimal": -70.94583333333334
            }
        },
        {
            "type": "Feature",
            "geometry": {
                "type": "Point",
                "coordinates": [
                    -68.94166666666668,
                    -52.26222222222222
                ]
            },
            "properties": {
                "C\u00f3digo Soporte": "14.954",
                "C\u00f3digo Elemento": "7834",
                "Empresa": "ENTEL PCS",
                "Nombre Comercial Tecnolog\u00eda": "2G",
                "Direcci\u00f3n": "RECINTO ENAP, SECTOR POSESI\u00d3N",
                "Localidad": "",
                "Comuna": "San Gregorio",
                "Regi\u00f3n": "Regi\u00f3n de Magallanes y de la Ant\u00e1rtica Chilena",
                "Tipo Documento Autorizatorio": "DECRETO NOTIFICADO",
                "Nro. Documento": "206",
                "Fecha Documento": "30/06/2005",
                "Tipo Soporte": "Sin Info",
                "Altura": "0",
                "Frecuencia": "1900",
                "Banda": "UHF",
                "Ancho Banda": "30000",
                "Tecnolog\u00eda": "GSM(2G)",
                "Tipo Acceso": "TDMA",
                "Latitud": "52\u00b0 15\u00b4 44\u00b4\u00b4",
                "Longitud": "68\u00b0 56\u00b4 30\u00b4\u00b4",
                "x": "-68,942",
                "y": "-52,262",
                "Latitud_Decimal": -52.26222222222222,
                "Longitud_Decimal": -68.94166666666668
            }
        },
        {
            "type": "Feature",
            "geometry": {
                "type": "Point",
                "coordinates": [
                    -70.87388888888889,
                    -53.05722222222222
                ]
            },
            "properties": {
                "C\u00f3digo Soporte": "14.915",
                "C\u00f3digo Elemento": "36.054",
                "Empresa": "ENTEL PCS",
                "Nombre Comercial Tecnolog\u00eda": "2G",
                "Direcci\u00f3n": "PARCELA 78 Y 79, LOTE VARILLAS",
                "Localidad": "",
                "Comuna": "Punta Arenas",
                "Regi\u00f3n": "Regi\u00f3n de Magallanes y de la Ant\u00e1rtica Chilena",
                "Tipo Documento Autorizatorio": "DECRETO NOTIFICADO",
                "Nro. Documento": "559",
                "Fecha Documento": "30/06/2008",
                "Tipo Soporte": "Torre Ventada",
                "Altura": "60",
                "Frecuencia": "1900",
                "Banda": "UHF",
                "Ancho Banda": "30000",
                "Tecnolog\u00eda": "GSM(2G)",
                "Tipo Acceso": "TDMA",
                "Latitud": "53\u00b0 3\u00b4 26\u00b4\u00b4",
                "Longitud": "70\u00b0 52\u00b4 26\u00b4\u00b4",
                "x": "-70,874",
                "y": "-53,057",
                "Latitud_Decimal": -53.05722222222222,
                "Longitud_Decimal": -70.87388888888889
            }
        },
        {
            "type": "Feature",
            "geometry": {
                "type": "Point",
                "coordinates": [
                    -70.89194444444445,
                    -53.15472222222222
                ]
            },
            "properties": {
                "C\u00f3digo Soporte": "14.922",
                "C\u00f3digo Elemento": "393.366",
                "Empresa": "ENTEL PCS",
                "Nombre Comercial Tecnolog\u00eda": "2G",
                "Direcci\u00f3n": "R\u00f3mulo Correa N\u00b0 1108",
                "Localidad": "",
                "Comuna": "Punta Arenas",
                "Regi\u00f3n": "Regi\u00f3n de Magallanes y de la Ant\u00e1rtica Chilena",
                "Tipo Documento Autorizatorio": "DECRETO NOTIFICADO",
                "Nro. Documento": "836",
                "Fecha Documento": "30/08/2007",
                "Tipo Soporte": "Monoposte",
                "Altura": "30",
                "Frecuencia": "1900",
                "Banda": "UHF",
                "Ancho Banda": "30000",
                "Tecnolog\u00eda": "GSM(2G)",
                "Tipo Acceso": "TDMA",
                "Latitud": "53\u00b0 9\u00b4 17\u00b4\u00b4",
                "Longitud": "70\u00b0 53\u00b4 31\u00b4\u00b4",
                "x": "-70,892",
                "y": "-53,155",
                "Latitud_Decimal": -53.15472222222222,
                "Longitud_Decimal": -70.89194444444445
            }
        },
        {
            "type": "Feature",
            "geometry": {
                "type": "Point",
                "coordinates": [
                    -70.92527777777778,
                    -53.172777777777775
                ]
            },
            "properties": {
                "C\u00f3digo Soporte": "14.920",
                "C\u00f3digo Elemento": "393.363",
                "Empresa": "ENTEL PCS",
                "Nombre Comercial Tecnolog\u00eda": "2G",
                "Direcci\u00f3n": "Av. Espa\u00f1a N\u00b0 2353",
                "Localidad": "",
                "Comuna": "Punta Arenas",
                "Regi\u00f3n": "Regi\u00f3n de Magallanes y de la Ant\u00e1rtica Chilena",
                "Tipo Documento Autorizatorio": "DECRETO NOTIFICADO",
                "Nro. Documento": "836",
                "Fecha Documento": "30/08/2007",
                "Tipo Soporte": "Monoposte",
                "Altura": "24",
                "Frecuencia": "1900",
                "Banda": "UHF",
                "Ancho Banda": "30000",
                "Tecnolog\u00eda": "GSM(2G)",
                "Tipo Acceso": "TDMA",
                "Latitud": "53\u00b0 10\u00b4 22\u00b4\u00b4",
                "Longitud": "70\u00b0 55\u00b4 31\u00b4\u00b4",
                "x": "-70,925",
                "y": "-53,173",
                "Latitud_Decimal": -53.172777777777775,
                "Longitud_Decimal": -70.92527777777778
            }
        },
        {
            "type": "Feature",
            "geometry": {
                "type": "Point",
                "coordinates": [
                    -70.8261111111111,
                    -53.01027777777778
                ]
            },
            "properties": {
                "C\u00f3digo Soporte": "14.913",
                "C\u00f3digo Elemento": "16.683",
                "Empresa": "ENTEL PCS",
                "Nombre Comercial Tecnolog\u00eda": "2G",
                "Direcci\u00f3n": "BAH\u00cdA CATALINA S/N, INTERIOR BASE A\u00c9REA FACH",
                "Localidad": "",
                "Comuna": "Punta Arenas",
                "Regi\u00f3n": "Regi\u00f3n de Magallanes y de la Ant\u00e1rtica Chilena",
                "Tipo Documento Autorizatorio": "DECRETO NOTIFICADO",
                "Nro. Documento": "597",
                "Fecha Documento": "21/08/2002",
                "Tipo Soporte": "Torre Ventada",
                "Altura": "30",
                "Frecuencia": "1900",
                "Banda": "UHF",
                "Ancho Banda": "30000",
                "Tecnolog\u00eda": "GSM(2G)",
                "Tipo Acceso": "TDMA",
                "Latitud": "53\u00b0 0\u00b4 37\u00b4\u00b4",
                "Longitud": "70\u00b0 49\u00b4 34\u00b4\u00b4",
                "x": "-70,826",
                "y": "-53,01",
                "Latitud_Decimal": -53.01027777777778,
                "Longitud_Decimal": -70.8261111111111
            }
        },
        {
            "type": "Feature",
            "geometry": {
                "type": "Point",
                "coordinates": [
                    -70.9088888888889,
                    -53.132777777777775
                ]
            },
            "properties": {
                "C\u00f3digo Soporte": "17.004",
                "C\u00f3digo Elemento": "11.819",
                "Empresa": "MOVISTAR MOVIL",
                "Nombre Comercial Tecnolog\u00eda": "2G",
                "Direcci\u00f3n": "Av. Eduardo Frei Montalva N\u00b0 0983",
                "Localidad": "",
                "Comuna": "Punta Arenas",
                "Regi\u00f3n": "Regi\u00f3n de Magallanes y de la Ant\u00e1rtica Chilena",
                "Tipo Documento Autorizatorio": "DECRETO NOTIFICADO",
                "Nro. Documento": "89",
                "Fecha Documento": "22/02/2006",
                "Tipo Soporte": "Torre Auto Soportada",
                "Altura": "30",
                "Frecuencia": "1900",
                "Banda": "UHF",
                "Ancho Banda": "10000",
                "Tecnolog\u00eda": "GSM(2G)",
                "Tipo Acceso": "TDMA",
                "Latitud": "53\u00b0 7\u00b4 58\u00b4\u00b4",
                "Longitud": "70\u00b0 54\u00b4 32\u00b4\u00b4",
                "x": "-70,909",
                "y": "-53,133",
                "Latitud_Decimal": -53.132777777777775,
                "Longitud_Decimal": -70.9088888888889
            }
        },
        {
            "type": "Feature",
            "geometry": {
                "type": "Point",
                "coordinates": [
                    -70.9088888888889,
                    -53.132777777777775
                ]
            },
            "properties": {
                "C\u00f3digo Soporte": "17.004",
                "C\u00f3digo Elemento": "13.958",
                "Empresa": "MOVISTAR MOVIL",
                "Nombre Comercial Tecnolog\u00eda": "2G",
                "Direcci\u00f3n": "Av. Eduardo Frei Montalva N\u00b0 0983",
                "Localidad": "",
                "Comuna": "Punta Arenas",
                "Regi\u00f3n": "Regi\u00f3n de Magallanes y de la Ant\u00e1rtica Chilena",
                "Tipo Documento Autorizatorio": "DECRETO EXENTO NOTIFICADO",
                "Nro. Documento": "337",
                "Fecha Documento": "04/06/2013",
                "Tipo Soporte": "Torre Auto Soportada",
                "Altura": "30",
                "Frecuencia": "1900",
                "Banda": "UHF",
                "Ancho Banda": "20000",
                "Tecnolog\u00eda": "GSM(2G)",
                "Tipo Acceso": "TDMA",
                "Latitud": "53\u00b0 7\u00b4 58\u00b4\u00b4",
                "Longitud": "70\u00b0 54\u00b4 32\u00b4\u00b4",
                "x": "-70,909",
                "y": "-53,133",
                "Latitud_Decimal": -53.132777777777775,
                "Longitud_Decimal": -70.9088888888889
            }
        },
        {
            "type": "Feature",
            "geometry": {
                "type": "Point",
                "coordinates": [
                    -70.956389,
                    -53.142667
                ]
            },
            "properties": {
                "C\u00f3digo Soporte": "11.437",
                "C\u00f3digo Elemento": "385.870",
                "Empresa": "CLARO CHILE SPA.",
                "Nombre Comercial Tecnolog\u00eda": "2G",
                "Direcci\u00f3n": "Prolongaci\u00f3n General del Canto, Parcela N\u00b0 4, Sector Mirador Sur",
                "Localidad": "",
                "Comuna": "Punta Arenas",
                "Regi\u00f3n": "Regi\u00f3n de Magallanes y de la Ant\u00e1rtica Chilena",
                "Tipo Documento Autorizatorio": "DECRETO EXENTO NOTIFICADO",
                "Nro. Documento": "1204",
                "Fecha Documento": "14/09/2011",
                "Tipo Soporte": "Torre Auto Soportada",
                "Altura": "30",
                "Frecuencia": "1900",
                "Banda": "UHF",
                "Ancho Banda": "30000",
                "Tecnolog\u00eda": "GSM(2G)",
                "Tipo Acceso": "TDMA",
                "Latitud": "53\u00b0 8\u00b4 33.6012\u00b4\u00b4",
                "Longitud": "70\u00b0 57\u00b4 23.000400000000003\u00b4\u00b4",
                "x": "-70,956",
                "y": "-53,143",
                "Latitud_Decimal": -53.142667,
                "Longitud_Decimal": -70.956389
            }
        },
        {
            "type": "Feature",
            "geometry": {
                "type": "Point",
                "coordinates": [
                    -70.9124694,
                    -53.1666083
                ]
            },
            "properties": {
                "C\u00f3digo Soporte": "11.418",
                "C\u00f3digo Elemento": "30.620",
                "Empresa": "CLARO CHILE SPA.",
                "Nombre Comercial Tecnolog\u00eda": "2G",
                "Direcci\u00f3n": "Boliviana N\u00b0 738",
                "Localidad": "",
                "Comuna": "Punta Arenas",
                "Regi\u00f3n": "Regi\u00f3n de Magallanes y de la Ant\u00e1rtica Chilena",
                "Tipo Documento Autorizatorio": "DECRETO NOTIFICADO",
                "Nro. Documento": "640",
                "Fecha Documento": "05/07/2007",
                "Tipo Soporte": "Monoposte",
                "Altura": "30",
                "Frecuencia": "850",
                "Banda": "UHF",
                "Ancho Banda": "25000",
                "Tecnolog\u00eda": "GSM(2G)",
                "Tipo Acceso": "TDMA",
                "Latitud": "53\u00b0 9\u00b4 59.78988\u00b4\u00b4",
                "Longitud": "70\u00b0 54\u00b4 44.88984\u00b4\u00b4",
                "x": "-70,912",
                "y": "-53,167",
                "Latitud_Decimal": -53.1666083,
                "Longitud_Decimal": -70.9124694
            }
        },
        {
            "type": "Feature",
            "geometry": {
                "type": "Point",
                "coordinates": [
                    -70.85277777777777,
                    -53.05
                ]
            },
            "properties": {
                "C\u00f3digo Soporte": "14.942",
                "C\u00f3digo Elemento": "52.324",
                "Empresa": "ENTEL PCS",
                "Nombre Comercial Tecnolog\u00eda": "2G",
                "Direcci\u00f3n": "KM. 14, RUTA 9 NORTE LOTE 17",
                "Localidad": "",
                "Comuna": "Punta Arenas",
                "Regi\u00f3n": "Regi\u00f3n de Magallanes y de la Ant\u00e1rtica Chilena",
                "Tipo Documento Autorizatorio": "DECRETO EXENTO NOTIFICADO",
                "Nro. Documento": "1064",
                "Fecha Documento": "23/11/2010",
                "Tipo Soporte": "Torre Ventada",
                "Altura": "48",
                "Frecuencia": "1900",
                "Banda": "UHF",
                "Ancho Banda": "30000",
                "Tecnolog\u00eda": "GSM(2G)",
                "Tipo Acceso": "TDMA",
                "Latitud": "53\u00b0 2\u00b4 60\u00b4\u00b4",
                "Longitud": "70\u00b0 51\u00b4 10\u00b4\u00b4",
                "x": "-70,853",
                "y": "-53,05",
                "Latitud_Decimal": -53.05,
                "Longitud_Decimal": -70.85277777777777
            }
        },
        {
            "type": "Feature",
            "geometry": {
                "type": "Point",
                "coordinates": [
                    -67.60916666666667,
                    -54.93805555555555
                ]
            },
            "properties": {
                "C\u00f3digo Soporte": "17.832",
                "C\u00f3digo Elemento": "33.977",
                "Empresa": "MOVISTAR MOVIL",
                "Nombre Comercial Tecnolog\u00eda": "2G",
                "Direcci\u00f3n": "Calle Via 2 S/N, Loteo G-2, Manzana G",
                "Localidad": "",
                "Comuna": "CABO DE HORNOS",
                "Regi\u00f3n": "Regi\u00f3n de Magallanes y de la Ant\u00e1rtica Chilena",
                "Tipo Documento Autorizatorio": "DECRETO EXENTO NOTIFICADO",
                "Nro. Documento": "399",
                "Fecha Documento": "20/05/2009",
                "Tipo Soporte": "Torre Ventada",
                "Altura": "24",
                "Frecuencia": "1900",
                "Banda": "UHF",
                "Ancho Banda": "20000",
                "Tecnolog\u00eda": "GSM(2G)",
                "Tipo Acceso": "TDMA",
                "Latitud": "54\u00b0 56\u00b4 17\u00b4\u00b4",
                "Longitud": "67\u00b0 36\u00b4 33\u00b4\u00b4",
                "x": "-67,609",
                "y": "-54,938",
                "Latitud_Decimal": -54.93805555555555,
                "Longitud_Decimal": -67.60916666666667
            }
        },
        {
            "type": "Feature",
            "geometry": {
                "type": "Point",
                "coordinates": [
                    -70.94638888888889,
                    -53.21805555555556
                ]
            },
            "properties": {
                "C\u00f3digo Soporte": "14.936",
                "C\u00f3digo Elemento": "47.810",
                "Empresa": "ENTEL PCS",
                "Nombre Comercial Tecnolog\u00eda": "2G",
                "Direcci\u00f3n": "SECTOR LE\u00d1ADURA KM. 6, RUTA A",
                "Localidad": "",
                "Comuna": "Punta Arenas",
                "Regi\u00f3n": "Regi\u00f3n de Magallanes y de la Ant\u00e1rtica Chilena",
                "Tipo Documento Autorizatorio": "DECRETO EXENTO NOTIFICADO",
                "Nro. Documento": "772",
                "Fecha Documento": "29/09/2009",
                "Tipo Soporte": "Torre Ventada",
                "Altura": "60",
                "Frecuencia": "1900",
                "Banda": "UHF",
                "Ancho Banda": "30000",
                "Tecnolog\u00eda": "GSM(2G)",
                "Tipo Acceso": "TDMA",
                "Latitud": "53\u00b0 13\u00b4 5\u00b4\u00b4",
                "Longitud": "70\u00b0 56\u00b4 47\u00b4\u00b4",
                "x": "-70,946",
                "y": "-53,218",
                "Latitud_Decimal": -53.21805555555556,
                "Longitud_Decimal": -70.94638888888889
            }
        },
        {
            "type": "Feature",
            "geometry": {
                "type": "Point",
                "coordinates": [
                    -70.89472222222223,
                    -53.05305555555555
                ]
            },
            "properties": {
                "C\u00f3digo Soporte": "17.582",
                "C\u00f3digo Elemento": "13.654",
                "Empresa": "Movistar",
                "Nombre Comercial Tecnolog\u00eda": "2G",
                "Direcci\u00f3n": "Ruta 9 Norte, Km 13,5; Loteo G Varillas, Parcela 34. R\u00edo Seco",
                "Localidad": "",
                "Comuna": "Punta Arenas",
                "Regi\u00f3n": "Regi\u00f3n de Magallanes y de la Ant\u00e1rtica Chilena",
                "Tipo Documento Autorizatorio": "DECRETO NOTIFICADO",
                "Nro. Documento": "355",
                "Fecha Documento": "19/08/2005",
                "Tipo Soporte": "Torre Auto Soportada",
                "Altura": "30",
                "Frecuencia": "1900",
                "Banda": "UHF",
                "Ancho Banda": "20000",
                "Tecnolog\u00eda": "GSM(2G)",
                "Tipo Acceso": "TDMA",
                "Latitud": "53\u00b0 3\u00b4 11\u00b4\u00b4",
                "Longitud": "70\u00b0 53\u00b4 41\u00b4\u00b4",
                "x": "-70,895",
                "y": "-53,053",
                "Latitud_Decimal": -53.05305555555555,
                "Longitud_Decimal": -70.89472222222223
            }
        },
        {
            "type": "Feature",
            "geometry": {
                "type": "Point",
                "coordinates": [
                    -72.49111111111111,
                    -51.81111111111111
                ]
            },
            "properties": {
                "C\u00f3digo Soporte": "17.536",
                "C\u00f3digo Elemento": "7899",
                "Empresa": "Movistar",
                "Nombre Comercial Tecnolog\u00eda": "2G",
                "Direcci\u00f3n": "O' Higgins N\u00ba 1247",
                "Localidad": "",
                "Comuna": "Natales",
                "Regi\u00f3n": "Regi\u00f3n de Magallanes y de la Ant\u00e1rtica Chilena",
                "Tipo Documento Autorizatorio": "DECRETO NOTIFICADO",
                "Nro. Documento": "753",
                "Fecha Documento": "27/12/2004",
                "Tipo Soporte": "Torre Auto Soportada",
                "Altura": "30",
                "Frecuencia": "1900",
                "Banda": "UHF",
                "Ancho Banda": "20000",
                "Tecnolog\u00eda": "GSM(2G)",
                "Tipo Acceso": "TDMA",
                "Latitud": "51\u00b0 48\u00b4 40\u00b4\u00b4",
                "Longitud": "72\u00b0 29\u00b4 28\u00b4\u00b4",
                "x": "-72,491",
                "y": "-51,811",
                "Latitud_Decimal": -51.81111111111111,
                "Longitud_Decimal": -72.49111111111111
            }
        },
        {
            "type": "Feature",
            "geometry": {
                "type": "Point",
                "coordinates": [
                    -70.90555555555557,
                    -53.16444444444444
                ]
            },
            "properties": {
                "C\u00f3digo Soporte": "16.971",
                "C\u00f3digo Elemento": "49.487",
                "Empresa": "MOVISTAR MOVIL",
                "Nombre Comercial Tecnolog\u00eda": "2G",
                "Direcci\u00f3n": "Calle Roca N\u00b0 953",
                "Localidad": "",
                "Comuna": "Punta Arenas",
                "Regi\u00f3n": "Regi\u00f3n de Magallanes y de la Ant\u00e1rtica Chilena",
                "Tipo Documento Autorizatorio": "DECRETO EXENTO NOTIFICADO",
                "Nro. Documento": "337",
                "Fecha Documento": "04/06/2013",
                "Tipo Soporte": "Monoposte",
                "Altura": "30",
                "Frecuencia": "1900",
                "Banda": "UHF",
                "Ancho Banda": "20000",
                "Tecnolog\u00eda": "GSM(2G)",
                "Tipo Acceso": "TDMA",
                "Latitud": "53\u00b0 9\u00b4 52\u00b4\u00b4",
                "Longitud": "70\u00b0 54\u00b4 20\u00b4\u00b4",
                "x": "-70,906",
                "y": "-53,164",
                "Latitud_Decimal": -53.16444444444444,
                "Longitud_Decimal": -70.90555555555557
            }
        },
        {
            "type": "Feature",
            "geometry": {
                "type": "Point",
                "coordinates": [
                    -69.34527777777777,
                    -53.07277777777778
                ]
            },
            "properties": {
                "C\u00f3digo Soporte": "19.672",
                "C\u00f3digo Elemento": "424.438",
                "Empresa": "ENTEL PCS",
                "Nombre Comercial Tecnolog\u00eda": "2G",
                "Direcci\u00f3n": "Estancia Los Tehuelches",
                "Localidad": "",
                "Comuna": "Porvenir",
                "Regi\u00f3n": "Regi\u00f3n de Magallanes y de la Ant\u00e1rtica Chilena",
                "Tipo Documento Autorizatorio": "DECRETO EXENTO NOTIFICADO",
                "Nro. Documento": "801",
                "Fecha Documento": "31/12/2013",
                "Tipo Soporte": "Torre Ventada",
                "Altura": "64",
                "Frecuencia": "1900",
                "Banda": "UHF",
                "Ancho Banda": "60000",
                "Tecnolog\u00eda": "GSM(2G)",
                "Tipo Acceso": "TDMA",
                "Latitud": "53\u00b0 4\u00b4 22\u00b4\u00b4",
                "Longitud": "69\u00b0 20\u00b4 43\u00b4\u00b4",
                "x": "-69,345",
                "y": "-53,073",
                "Latitud_Decimal": -53.07277777777778,
                "Longitud_Decimal": -69.34527777777777
            }
        },
        {
            "type": "Feature",
            "geometry": {
                "type": "Point",
                "coordinates": [
                    -71.4823056,
                    -52.3761917
                ]
            },
            "properties": {
                "C\u00f3digo Soporte": "11.420",
                "C\u00f3digo Elemento": "440.783",
                "Empresa": "Claro Serv. Empresariales",
                "Nombre Comercial Tecnolog\u00eda": "4G",
                "Direcci\u00f3n": "Ruta 9 Punta Arenas - Puerto Natales s/n, Sector Las Nieves, Estancia Tres Hermanas",
                "Localidad": "",
                "Comuna": "Laguna Blanca",
                "Regi\u00f3n": "Regi\u00f3n de Magallanes y de la Ant\u00e1rtica Chilena",
                "Tipo Documento Autorizatorio": "DECRETO NOTIFICADO",
                "Nro. Documento": "78",
                "Fecha Documento": "30/05/2013",
                "Tipo Soporte": "Torre Ventada",
                "Altura": "48",
                "Frecuencia": "2600",
                "Banda": "UHF",
                "Ancho Banda": "40000",
                "Tecnolog\u00eda": "LTE(4G)",
                "Tipo Acceso": "FDD",
                "Latitud": "52\u00b0 22\u00b4 34.29012\u00b4\u00b4",
                "Longitud": "71\u00b0 28\u00b4 56.30016\u00b4\u00b4",
                "x": "-71,482",
                "y": "-52,376",
                "Latitud_Decimal": -52.3761917,
                "Longitud_Decimal": -71.4823056
            }
        },
        {
            "type": "Feature",
            "geometry": {
                "type": "Point",
                "coordinates": [
                    -70.9473888888889,
                    -53.589194444444445
                ]
            },
            "properties": {
                "C\u00f3digo Soporte": "21.432",
                "C\u00f3digo Elemento": "529.005",
                "Empresa": "CLARO CHILE SPA.",
                "Nombre Comercial Tecnolog\u00eda": "3G",
                "Direcci\u00f3n": "Sector Fuerte Bulnes, Fundo Los Sauces",
                "Localidad": "",
                "Comuna": "Punta Arenas",
                "Regi\u00f3n": "Regi\u00f3n de Magallanes y de la Ant\u00e1rtica Chilena",
                "Tipo Documento Autorizatorio": "DECRETO EXENTO NOTIFICADO",
                "Nro. Documento": "171",
                "Fecha Documento": "21/04/2016",
                "Tipo Soporte": "Torre Auto Soportada",
                "Altura": "30",
                "Frecuencia": "850",
                "Banda": "UHF",
                "Ancho Banda": "",
                "Tecnolog\u00eda": "UMTS(3G)",
                "Tipo Acceso": "WCDMA",
                "Latitud": "53\u00b0 35\u00b4 21.1\u00b4\u00b4",
                "Longitud": "70\u00b0 56\u00b4 50.6\u00b4\u00b4",
                "x": "-70,947",
                "y": "-53,589",
                "Latitud_Decimal": -53.589194444444445,
                "Longitud_Decimal": -70.9473888888889
            }
        },
        {
            "type": "Feature",
            "geometry": {
                "type": "Point",
                "coordinates": [
                    -70.956389,
                    -53.142667
                ]
            },
            "properties": {
                "C\u00f3digo Soporte": "11.437",
                "C\u00f3digo Elemento": "530.185",
                "Empresa": "Claro Serv. Empresariales",
                "Nombre Comercial Tecnolog\u00eda": "4G",
                "Direcci\u00f3n": "Prolongaci\u00f3n General del Canto. Parcela N\u00b0 4. Sector Mirador Sur",
                "Localidad": "",
                "Comuna": "Punta Arenas",
                "Regi\u00f3n": "Regi\u00f3n de Magallanes y de la Ant\u00e1rtica Chilena",
                "Tipo Documento Autorizatorio": "DECRETO NOTIFICADO",
                "Nro. Documento": "65",
                "Fecha Documento": "21/04/2015",
                "Tipo Soporte": "Torre Auto Soportada",
                "Altura": "30",
                "Frecuencia": "700",
                "Banda": "UHF",
                "Ancho Banda": "20000",
                "Tecnolog\u00eda": "LTE(4G)",
                "Tipo Acceso": "FDD",
                "Latitud": "53\u00b0 8\u00b4 33.6012\u00b4\u00b4",
                "Longitud": "70\u00b0 57\u00b4 23.000400000000003\u00b4\u00b4",
                "x": "-70,956",
                "y": "-53,143",
                "Latitud_Decimal": -53.142667,
                "Longitud_Decimal": -70.956389
            }
        },
        {
            "type": "Feature",
            "geometry": {
                "type": "Point",
                "coordinates": [
                    -70.90916666666668,
                    -53.13111111111111
                ]
            },
            "properties": {
                "C\u00f3digo Soporte": "19.801",
                "C\u00f3digo Elemento": "559.269",
                "Empresa": "CLARO CHILE SPA.",
                "Nombre Comercial Tecnolog\u00eda": "2G",
                "Direcci\u00f3n": "Presidente Eduardo Frei Montalva N\u00b001110",
                "Localidad": "",
                "Comuna": "Punta Arenas",
                "Regi\u00f3n": "Regi\u00f3n de Magallanes y de la Ant\u00e1rtica Chilena",
                "Tipo Documento Autorizatorio": "RESOLUCI\u00d3N MODIFICA CONCESI\u00d3N SERVICIOS P\u00daBLICOS NOTIFICADA",
                "Nro. Documento": "1788",
                "Fecha Documento": "04/09/2017",
                "Tipo Soporte": "Azotea",
                "Altura": "20",
                "Frecuencia": "850",
                "Banda": "UHF",
                "Ancho Banda": "25000",
                "Tecnolog\u00eda": "GSM(2G)",
                "Tipo Acceso": "TDMA",
                "Latitud": "53\u00b0 7\u00b4 52\u00b4\u00b4",
                "Longitud": "70\u00b0 54\u00b4 33\u00b4\u00b4",
                "x": "-70,909",
                "y": "-53,131",
                "Latitud_Decimal": -53.13111111111111,
                "Longitud_Decimal": -70.90916666666668
            }
        },
        {
            "type": "Feature",
            "geometry": {
                "type": "Point",
                "coordinates": [
                    -70.83999999999999,
                    -52.953138900000006
                ]
            },
            "properties": {
                "C\u00f3digo Soporte": "11.415",
                "C\u00f3digo Elemento": "586.270",
                "Empresa": "Claro Serv. Empresariales",
                "Nombre Comercial Tecnolog\u00eda": "4G",
                "Direcci\u00f3n": "Ruta 9, Km 25, Sector Cabo Negro S/N",
                "Localidad": "",
                "Comuna": "Punta Arenas",
                "Regi\u00f3n": "Regi\u00f3n de Magallanes y de la Ant\u00e1rtica Chilena",
                "Tipo Documento Autorizatorio": "RESOLUCI\u00d3N MODIFICA CONCESI\u00d3N SERVICIOS P\u00daBLICOS NOTIFICADA",
                "Nro. Documento": "1447",
                "Fecha Documento": "24/08/2020",
                "Tipo Soporte": "Torre Auto Soportada",
                "Altura": "48",
                "Frecuencia": "700",
                "Banda": "UHF",
                "Ancho Banda": "20000",
                "Tecnolog\u00eda": "LTE(4G)",
                "Tipo Acceso": "FDD",
                "Latitud": "52\u00b0 57\u00b4 11.30004\u00b4\u00b4",
                "Longitud": "70\u00b0 50\u00b4 24\u00b4\u00b4",
                "x": "-70,84",
                "y": "-52,953",
                "Latitud_Decimal": -52.953138900000006,
                "Longitud_Decimal": -70.83999999999999
            }
        },
        {
            "type": "Feature",
            "geometry": {
                "type": "Point",
                "coordinates": [
                    -70.88972222222223,
                    -53.12788888888889
                ]
            },
            "properties": {
                "C\u00f3digo Soporte": "20.989",
                "C\u00f3digo Elemento": "599.445",
                "Empresa": "CLARO CHILE SPA.",
                "Nombre Comercial Tecnolog\u00eda": "",
                "Direcci\u00f3n": "Los Flamencos, \u00a0Parcela 8  S/N",
                "Localidad": "",
                "Comuna": "Punta Arenas",
                "Regi\u00f3n": "Regi\u00f3n de Magallanes y de la Ant\u00e1rtica Chilena",
                "Tipo Documento Autorizatorio": "RESOLUCI\u00d3N MODIFICA CONCESI\u00d3N SERVICIOS P\u00daBLICOS NOTIFICADA",
                "Nro. Documento": "1490",
                "Fecha Documento": "02/08/2021",
                "Tipo Soporte": "Monoposte",
                "Altura": "18",
                "Frecuencia": "2600",
                "Banda": "UHF",
                "Ancho Banda": "40000",
                "Tecnolog\u00eda": "LTE(4G)",
                "Tipo Acceso": "FDD",
                "Latitud": "53\u00b0 7\u00b4 40.4\u00b4\u00b4",
                "Longitud": "70\u00b0 53\u00b4 23\u00b4\u00b4",
                "x": "-70,89",
                "y": "-53,128",
                "Latitud_Decimal": -53.12788888888889,
                "Longitud_Decimal": -70.88972222222223
            }
        },
        {
            "type": "Feature",
            "geometry": {
                "type": "Point",
                "coordinates": [
                    -70.93569444444445,
                    -53.17927777777778
                ]
            },
            "properties": {
                "C\u00f3digo Soporte": "28.140",
                "C\u00f3digo Elemento": "610.140",
                "Empresa": "CLARO CHILE SPA.",
                "Nombre Comercial Tecnolog\u00eda": "",
                "Direcci\u00f3n": "Manuel Rodr\u00edguez 3077",
                "Localidad": "",
                "Comuna": "Punta Arenas",
                "Regi\u00f3n": "Regi\u00f3n de Magallanes y de la Ant\u00e1rtica Chilena",
                "Tipo Documento Autorizatorio": "RESOLUCI\u00d3N MODIFICA CONCESI\u00d3N SERVICIOS P\u00daBLICOS NOTIFICADA",
                "Nro. Documento": "2107",
                "Fecha Documento": "07/07/2022",
                "Tipo Soporte": "Monoposte",
                "Altura": "18",
                "Frecuencia": "2600",
                "Banda": "UHF",
                "Ancho Banda": "40000",
                "Tecnolog\u00eda": "LTE(4G)",
                "Tipo Acceso": "FDD",
                "Latitud": "53\u00b0 10\u00b4 45.4\u00b4\u00b4",
                "Longitud": "70\u00b0 56\u00b4 8.5\u00b4\u00b4",
                "x": "-70,936",
                "y": "-53,179",
                "Latitud_Decimal": -53.17927777777778,
                "Longitud_Decimal": -70.93569444444445
            }
        },
        {
            "type": "Feature",
            "geometry": {
                "type": "Point",
                "coordinates": [
                    -72.48005555555555,
                    -51.71461111111111
                ]
            },
            "properties": {
                "C\u00f3digo Soporte": "18.598",
                "C\u00f3digo Elemento": "625.415",
                "Empresa": "Wom",
                "Nombre Comercial Tecnolog\u00eda": "5G",
                "Direcci\u00f3n": "Camino Dorotea Km 3, S/N, Natales, Magallanes y La Ant\u00e1rtica Chilena",
                "Localidad": "",
                "Comuna": "Natales",
                "Regi\u00f3n": "Regi\u00f3n de Magallanes y de la Ant\u00e1rtica Chilena",
                "Tipo Documento Autorizatorio": "DECRETO NOTIFICADO",
                "Nro. Documento": "19",
                "Fecha Documento": "09/03/2021",
                "Tipo Soporte": "Torre Auto Soportada",
                "Altura": "25",
                "Frecuencia": "700",
                "Banda": "UHF",
                "Ancho Banda": "20000",
                "Tecnolog\u00eda": "LTE Advanced Pro(5G)",
                "Tipo Acceso": "OFDMA",
                "Latitud": "51\u00b0 42\u00b4 52.6\u00b4\u00b4",
                "Longitud": "72\u00b0 28\u00b4 48.2\u00b4\u00b4",
                "x": "-72,48",
                "y": "-51,715",
                "Latitud_Decimal": -51.71461111111111,
                "Longitud_Decimal": -72.48005555555555
            }
        },
        {
            "type": "Feature",
            "geometry": {
                "type": "Point",
                "coordinates": [
                    -70.9293888888889,
                    -53.14325
                ]
            },
            "properties": {
                "C\u00f3digo Soporte": "21.206",
                "C\u00f3digo Elemento": "626.615",
                "Empresa": "Wom",
                "Nombre Comercial Tecnolog\u00eda": "5G",
                "Direcci\u00f3n": "Parcela n\u00b0 10B Calle prolongaci\u00f3n General Estanislao del Canto, Punta Arenas, Magallanes Y La Ant\u00e1rtica Chilena",
                "Localidad": "",
                "Comuna": "Punta Arenas",
                "Regi\u00f3n": "Regi\u00f3n de Magallanes y de la Ant\u00e1rtica Chilena",
                "Tipo Documento Autorizatorio": "DECRETO NOTIFICADO",
                "Nro. Documento": "32",
                "Fecha Documento": "11/03/2021",
                "Tipo Soporte": "Monoposte",
                "Altura": "26",
                "Frecuencia": "2100",
                "Banda": "UHF",
                "Ancho Banda": "30000",
                "Tecnolog\u00eda": "LTE Advanced Pro(5G)",
                "Tipo Acceso": "OFDMA",
                "Latitud": "53\u00b0 8\u00b4 35.7\u00b4\u00b4",
                "Longitud": "70\u00b0 55\u00b4 45.800000000000004\u00b4\u00b4",
                "x": "-70,929",
                "y": "-53,143",
                "Latitud_Decimal": -53.14325,
                "Longitud_Decimal": -70.9293888888889
            }
        },
        {
            "type": "Feature",
            "geometry": {
                "type": "Point",
                "coordinates": [
                    -70.94408333333334,
                    -53.17199722222222
                ]
            },
            "properties": {
                "C\u00f3digo Soporte": "27.358",
                "C\u00f3digo Elemento": "626.622",
                "Empresa": "Wom",
                "Nombre Comercial Tecnolog\u00eda": "5G",
                "Direcci\u00f3n": "Pedro Aguirre Cerda N\u00b0 413, Punta Arenas, Magallanes Y La Ant\u00e1rtica Chilena",
                "Localidad": "",
                "Comuna": "Punta Arenas",
                "Regi\u00f3n": "Regi\u00f3n de Magallanes y de la Ant\u00e1rtica Chilena",
                "Tipo Documento Autorizatorio": "DECRETO NOTIFICADO",
                "Nro. Documento": "32",
                "Fecha Documento": "11/03/2021",
                "Tipo Soporte": "Azotea",
                "Altura": "3",
                "Frecuencia": "2100",
                "Banda": "UHF",
                "Ancho Banda": "30000",
                "Tecnolog\u00eda": "LTE Advanced Pro(5G)",
                "Tipo Acceso": "OFDMA",
                "Latitud": "53\u00b0 10\u00b4 19.19\u00b4\u00b4",
                "Longitud": "70\u00b0 56\u00b4 38.7\u00b4\u00b4",
                "x": "-70,944",
                "y": "-53,172",
                "Latitud_Decimal": -53.17199722222222,
                "Longitud_Decimal": -70.94408333333334
            }
        },
        {
            "type": "Feature",
            "geometry": {
                "type": "Point",
                "coordinates": [
                    -69.6941138888889,
                    -52.31428333333333
                ]
            },
            "properties": {
                "C\u00f3digo Soporte": "33.947",
                "C\u00f3digo Elemento": "626.623",
                "Empresa": "Wom",
                "Nombre Comercial Tecnolog\u00eda": "5G",
                "Direcci\u00f3n": "Ruta 255, Punta delgada, San Gregorio, Magallanes Y La Ant\u00e1rtica Chilena",
                "Localidad": "",
                "Comuna": "San Gregorio",
                "Regi\u00f3n": "Regi\u00f3n de Magallanes y de la Ant\u00e1rtica Chilena",
                "Tipo Documento Autorizatorio": "DECRETO NOTIFICADO",
                "Nro. Documento": "32",
                "Fecha Documento": "11/03/2021",
                "Tipo Soporte": "Torre Auto Soportada",
                "Altura": "60",
                "Frecuencia": "2100",
                "Banda": "UHF",
                "Ancho Banda": "30000",
                "Tecnolog\u00eda": "LTE Advanced Pro(5G)",
                "Tipo Acceso": "OFDMA",
                "Latitud": "52\u00b0 18\u00b4 51.42\u00b4\u00b4",
                "Longitud": "69\u00b0 41\u00b4 38.81\u00b4\u00b4",
                "x": "-69,694",
                "y": "-52,314",
                "Latitud_Decimal": -52.31428333333333,
                "Longitud_Decimal": -69.6941138888889
            }
        },
        {
            "type": "Feature",
            "geometry": {
                "type": "Point",
                "coordinates": [
                    -67.60944444444443,
                    -54.93805555555555
                ]
            },
            "properties": {
                "C\u00f3digo Soporte": "14.957",
                "C\u00f3digo Elemento": "628.917",
                "Empresa": "ENTEL TELEFONIA LOCAL S.A.",
                "Nombre Comercial Tecnolog\u00eda": "5G",
                "Direcci\u00f3n": "VIA TRES S/N MANZANA G PUERTO WILLIAMS, COMUNA DE CABO DE HORNOS, REGI\u00d3N DE MAGALLANES Y DE LA ANT\u00c1RTICA CHILENA",
                "Localidad": "",
                "Comuna": "CABO DE HORNOS",
                "Regi\u00f3n": "Regi\u00f3n de Magallanes y de la Ant\u00e1rtica Chilena",
                "Tipo Documento Autorizatorio": "DECRETO NOTIFICADO",
                "Nro. Documento": "76",
                "Fecha Documento": "24/05/2021",
                "Tipo Soporte": "Torre Ventada",
                "Altura": "48",
                "Frecuencia": "3500",
                "Banda": "SHF",
                "Ancho Banda": "50000",
                "Tecnolog\u00eda": "5G(5G)",
                "Tipo Acceso": "OFDMA",
                "Latitud": "54\u00b0 56\u00b4 17\u00b4\u00b4",
                "Longitud": "67\u00b0 36\u00b4 34\u00b4\u00b4",
                "x": "-67,609",
                "y": "-54,938",
                "Latitud_Decimal": -54.93805555555555,
                "Longitud_Decimal": -67.60944444444443
            }
        },
        {
            "type": "Feature",
            "geometry": {
                "type": "Point",
                "coordinates": [
                    -70.90705555555556,
                    -53.161249999999995
                ]
            },
            "properties": {
                "C\u00f3digo Soporte": "32.106",
                "C\u00f3digo Elemento": "628.920",
                "Empresa": "ENTEL TELEFONIA LOCAL S.A.",
                "Nombre Comercial Tecnolog\u00eda": "5G",
                "Direcci\u00f3n": "EDIFICIO INTENDENCIA XII REGION, COMUNA DE PUNTA ARENAS, REGI\u00d3N DE MAGALLANES Y DE LA ANT\u00c1RTICA CHILENA",
                "Localidad": "",
                "Comuna": "Punta Arenas",
                "Regi\u00f3n": "Regi\u00f3n de Magallanes y de la Ant\u00e1rtica Chilena",
                "Tipo Documento Autorizatorio": "DECRETO NOTIFICADO",
                "Nro. Documento": "76",
                "Fecha Documento": "24/05/2021",
                "Tipo Soporte": "Azotea",
                "Altura": "40",
                "Frecuencia": "3500",
                "Banda": "SHF",
                "Ancho Banda": "50000",
                "Tecnolog\u00eda": "5G(5G)",
                "Tipo Acceso": "OFDMA",
                "Latitud": "53\u00b0 9\u00b4 40.5\u00b4\u00b4",
                "Longitud": "70\u00b0 54\u00b4 25.400000000000002\u00b4\u00b4",
                "x": "-70,907",
                "y": "-53,161",
                "Latitud_Decimal": -53.161249999999995,
                "Longitud_Decimal": -70.90705555555556
            }
        },
        {
            "type": "Feature",
            "geometry": {
                "type": "Point",
                "coordinates": [
                    -70.90555555555557,
                    -53.164722222222224
                ]
            },
            "properties": {
                "C\u00f3digo Soporte": "18.595",
                "C\u00f3digo Elemento": "628.921",
                "Empresa": "ENTEL TELEFONIA LOCAL S.A.",
                "Nombre Comercial Tecnolog\u00eda": "5G",
                "Direcci\u00f3n": "PTE. JULIO ROCA 953, COMUNA DE PUNTA ARENAS, REGI\u00d3N DE MAGALLANES Y DE LA ANT\u00c1RTICA CHILENA",
                "Localidad": "",
                "Comuna": "Punta Arenas",
                "Regi\u00f3n": "Regi\u00f3n de Magallanes y de la Ant\u00e1rtica Chilena",
                "Tipo Documento Autorizatorio": "DECRETO NOTIFICADO",
                "Nro. Documento": "76",
                "Fecha Documento": "24/05/2021",
                "Tipo Soporte": "Monoposte",
                "Altura": "28,5",
                "Frecuencia": "3500",
                "Banda": "SHF",
                "Ancho Banda": "50000",
                "Tecnolog\u00eda": "5G(5G)",
                "Tipo Acceso": "OFDMA",
                "Latitud": "53\u00b0 9\u00b4 53\u00b4\u00b4",
                "Longitud": "70\u00b0 54\u00b4 20\u00b4\u00b4",
                "x": "-70,906",
                "y": "-53,165",
                "Latitud_Decimal": -53.164722222222224,
                "Longitud_Decimal": -70.90555555555557
            }
        },
        {
            "type": "Feature",
            "geometry": {
                "type": "Point",
                "coordinates": [
                    -70.94583333333334,
                    -53.19361111111111
                ]
            },
            "properties": {
                "C\u00f3digo Soporte": "14.914",
                "C\u00f3digo Elemento": "628.996",
                "Empresa": "ENTEL TELEFONIA LOCAL S.A.",
                "Nombre Comercial Tecnolog\u00eda": "5G",
                "Direcci\u00f3n": "SECTOR RIO LOS CIERVOS PUNTA ARENAS, COMUNA DE PUNTA ARENAS, REGI\u00d3N DE MAGALLANES Y DE LA ANT\u00c1RTICA CHILENA",
                "Localidad": "",
                "Comuna": "Punta Arenas",
                "Regi\u00f3n": "Regi\u00f3n de Magallanes y de la Ant\u00e1rtica Chilena",
                "Tipo Documento Autorizatorio": "DECRETO NOTIFICADO",
                "Nro. Documento": "76",
                "Fecha Documento": "24/05/2021",
                "Tipo Soporte": "Torre Ventada",
                "Altura": "60",
                "Frecuencia": "3500",
                "Banda": "SHF",
                "Ancho Banda": "50000",
                "Tecnolog\u00eda": "5G(5G)",
                "Tipo Acceso": "OFDMA",
                "Latitud": "53\u00b0 11\u00b4 37\u00b4\u00b4",
                "Longitud": "70\u00b0 56\u00b4 45\u00b4\u00b4",
                "x": "-70,946",
                "y": "-53,194",
                "Latitud_Decimal": -53.19361111111111,
                "Longitud_Decimal": -70.94583333333334
            }
        },
        {
            "type": "Feature",
            "geometry": {
                "type": "Point",
                "coordinates": [
                    -70.90555555555557,
                    -53.16444444444444
                ]
            },
            "properties": {
                "C\u00f3digo Soporte": "16.971",
                "C\u00f3digo Elemento": "630.115",
                "Empresa": "Wom",
                "Nombre Comercial Tecnolog\u00eda": "5G",
                "Direcci\u00f3n": "Pdte. Julio Roca N\u00b0 953, Punta Arenas, Magallanes Y La Ant\u00e1rtica Chilena",
                "Localidad": "",
                "Comuna": "Punta Arenas",
                "Regi\u00f3n": "Regi\u00f3n de Magallanes y de la Ant\u00e1rtica Chilena",
                "Tipo Documento Autorizatorio": "DECRETO NOTIFICADO",
                "Nro. Documento": "78",
                "Fecha Documento": "24/05/2021",
                "Tipo Soporte": "Monoposte",
                "Altura": "30",
                "Frecuencia": "3500",
                "Banda": "SHF",
                "Ancho Banda": "50000",
                "Tecnolog\u00eda": "5G(5G)",
                "Tipo Acceso": "OFDMA",
                "Latitud": "53\u00b0 9\u00b4 52\u00b4\u00b4",
                "Longitud": "70\u00b0 54\u00b4 20\u00b4\u00b4",
                "x": "-70,906",
                "y": "-53,164",
                "Latitud_Decimal": -53.16444444444444,
                "Longitud_Decimal": -70.90555555555557
            }
        },
        {
            "type": "Feature",
            "geometry": {
                "type": "Point",
                "coordinates": [
                    -70.9088888888889,
                    -53.132777777777775
                ]
            },
            "properties": {
                "C\u00f3digo Soporte": "17.004",
                "C\u00f3digo Elemento": "630.116",
                "Empresa": "Wom",
                "Nombre Comercial Tecnolog\u00eda": "5G",
                "Direcci\u00f3n": "Av. Presidente Eduardo Frei Montalva N\u00b0 0983, Punta Arenas, Magallanes Y La Ant\u00e1rtica Chilena",
                "Localidad": "",
                "Comuna": "Punta Arenas",
                "Regi\u00f3n": "Regi\u00f3n de Magallanes y de la Ant\u00e1rtica Chilena",
                "Tipo Documento Autorizatorio": "DECRETO NOTIFICADO",
                "Nro. Documento": "78",
                "Fecha Documento": "24/05/2021",
                "Tipo Soporte": "Torre Auto Soportada",
                "Altura": "30",
                "Frecuencia": "3500",
                "Banda": "SHF",
                "Ancho Banda": "50000",
                "Tecnolog\u00eda": "5G(5G)",
                "Tipo Acceso": "OFDMA",
                "Latitud": "53\u00b0 7\u00b4 58\u00b4\u00b4",
                "Longitud": "70\u00b0 54\u00b4 32\u00b4\u00b4",
                "x": "-70,909",
                "y": "-53,133",
                "Latitud_Decimal": -53.132777777777775,
                "Longitud_Decimal": -70.9088888888889
            }
        },
        {
            "type": "Feature",
            "geometry": {
                "type": "Point",
                "coordinates": [
                    -70.915,
                    -53.14888888888889
                ]
            },
            "properties": {
                "C\u00f3digo Soporte": "17.031",
                "C\u00f3digo Elemento": "630.156",
                "Empresa": "Wom",
                "Nombre Comercial Tecnolog\u00eda": "5G",
                "Direcci\u00f3n": "Calle General del Canto, esq Sargento Aldea, Punta Arenas, Magallanes Y La Ant\u00e1rtica Chilena",
                "Localidad": "",
                "Comuna": "Punta Arenas",
                "Regi\u00f3n": "Regi\u00f3n de Magallanes y de la Ant\u00e1rtica Chilena",
                "Tipo Documento Autorizatorio": "DECRETO NOTIFICADO",
                "Nro. Documento": "78",
                "Fecha Documento": "24/05/2021",
                "Tipo Soporte": "Torre Auto Soportada",
                "Altura": "30",
                "Frecuencia": "3500",
                "Banda": "SHF",
                "Ancho Banda": "50000",
                "Tecnolog\u00eda": "5G(5G)",
                "Tipo Acceso": "OFDMA",
                "Latitud": "53\u00b0 8\u00b4 56\u00b4\u00b4",
                "Longitud": "70\u00b0 54\u00b4 54\u00b4\u00b4",
                "x": "-70,915",
                "y": "-53,149",
                "Latitud_Decimal": -53.14888888888889,
                "Longitud_Decimal": -70.915
            }
        },
        {
            "type": "Feature",
            "geometry": {
                "type": "Point",
                "coordinates": [
                    -72.49388888888889,
                    -51.72638888888889
                ]
            },
            "properties": {
                "C\u00f3digo Soporte": "14.965",
                "C\u00f3digo Elemento": "633.226",
                "Empresa": "WILL",
                "Nombre Comercial Tecnolog\u00eda": "3G/5G",
                "Direcci\u00f3n": "Esmeralda\nN\u00b01096,  esquina\nBalmaceda",
                "Localidad": "",
                "Comuna": "Natales",
                "Regi\u00f3n": "Regi\u00f3n de Magallanes y de la Ant\u00e1rtica Chilena",
                "Tipo Documento Autorizatorio": "RESOLUCI\u00d3N MODIFICA CONCESI\u00d3N SERVICIOS P\u00daBLICOS NOTIFICADA",
                "Nro. Documento": "526",
                "Fecha Documento": "01/03/2022",
                "Tipo Soporte": "Torre Auto Soportada",
                "Altura": "24",
                "Frecuencia": "700",
                "Banda": "UHF",
                "Ancho Banda": "15000",
                "Tecnolog\u00eda": "UMTS(3G)/LTE Advanced Pro(5G)",
                "Tipo Acceso": "OFDMA",
                "Latitud": "51\u00b0 43\u00b4 35\u00b4\u00b4",
                "Longitud": "72\u00b0 29\u00b4 38\u00b4\u00b4",
                "x": "-72,494",
                "y": "-51,726",
                "Latitud_Decimal": -51.72638888888889,
                "Longitud_Decimal": -72.49388888888889
            }
        },
        {
            "type": "Feature",
            "geometry": {
                "type": "Point",
                "coordinates": [
                    -70.89416666666668,
                    -53.036944444444444
                ]
            },
            "properties": {
                "C\u00f3digo Soporte": "31.400",
                "C\u00f3digo Elemento": "637.140",
                "Empresa": "WILL",
                "Nombre Comercial Tecnolog\u00eda": "4G",
                "Direcci\u00f3n": "Parcela San\nSebasti\u00e1n, Lote\n39, Sector Ojo\nBueno",
                "Localidad": "",
                "Comuna": "Punta Arenas",
                "Regi\u00f3n": "Regi\u00f3n de Magallanes y de la Ant\u00e1rtica Chilena",
                "Tipo Documento Autorizatorio": "RESOLUCI\u00d3N MODIFICA CONCESI\u00d3N SERVICIOS P\u00daBLICOS NOTIFICADA",
                "Nro. Documento": "1562",
                "Fecha Documento": "19/05/2022",
                "Tipo Soporte": "Torre Ventada",
                "Altura": "60",
                "Frecuencia": "2600",
                "Banda": "UHF",
                "Ancho Banda": "20000",
                "Tecnolog\u00eda": "LTE(4G)",
                "Tipo Acceso": "FDD",
                "Latitud": "53\u00b0 2\u00b4 13\u00b4\u00b4",
                "Longitud": "70\u00b0 53\u00b4 39\u00b4\u00b4",
                "x": "-70,894",
                "y": "-53,037",
                "Latitud_Decimal": -53.036944444444444,
                "Longitud_Decimal": -70.89416666666668
            }
        },
        {
            "type": "Feature",
            "geometry": {
                "type": "Point",
                "coordinates": [
                    -69.22805555555556,
                    -53.73083333333334
                ]
            },
            "properties": {
                "C\u00f3digo Soporte": "21.980",
                "C\u00f3digo Elemento": "637.530",
                "Empresa": "TELEF\u00d3NICA M\u00d3VILES CHILE S.A.",
                "Nombre Comercial Tecnolog\u00eda": "4G",
                "Direcci\u00f3n": "RUTA Y-85 KM 81 HACIENDA CAMERON, TIMAUKEL ISLA GRANDE, TIERRA DEL FUEGO",
                "Localidad": "",
                "Comuna": "Timaukel",
                "Regi\u00f3n": "Regi\u00f3n de Magallanes y de la Ant\u00e1rtica Chilena",
                "Tipo Documento Autorizatorio": "RESOLUCI\u00d3N MODIFICA CONCESI\u00d3N SERVICIOS P\u00daBLICOS NOTIFICADA",
                "Nro. Documento": "1567",
                "Fecha Documento": "19/05/2022",
                "Tipo Soporte": "Torre Auto Soportada",
                "Altura": "60",
                "Frecuencia": "700",
                "Banda": "UHF",
                "Ancho Banda": "10000",
                "Tecnolog\u00eda": "LTE(4G)",
                "Tipo Acceso": "OFDMA",
                "Latitud": "53\u00b0 43\u00b4 51\u00b4\u00b4",
                "Longitud": "69\u00b0 13\u00b4 41\u00b4\u00b4",
                "x": "-69,228",
                "y": "-53,731",
                "Latitud_Decimal": -53.73083333333334,
                "Longitud_Decimal": -69.22805555555556
            }
        },
        {
            "type": "Feature",
            "geometry": {
                "type": "Point",
                "coordinates": [
                    -70.91744444444446,
                    -53.12852777777778
                ]
            },
            "properties": {
                "C\u00f3digo Soporte": "31.741",
                "C\u00f3digo Elemento": "641.755",
                "Empresa": "WILL",
                "Nombre Comercial Tecnolog\u00eda": "4G",
                "Direcci\u00f3n": "Silva Enr\u00edquez altura del 01895",
                "Localidad": "",
                "Comuna": "Punta Arenas",
                "Regi\u00f3n": "Regi\u00f3n de Magallanes y de la Ant\u00e1rtica Chilena",
                "Tipo Documento Autorizatorio": "RESOLUCI\u00d3N MODIFICA CONCESI\u00d3N SERVICIOS P\u00daBLICOS NOTIFICADA",
                "Nro. Documento": "1990",
                "Fecha Documento": "24/06/2022",
                "Tipo Soporte": "Poste de Concreto",
                "Altura": "12",
                "Frecuencia": "2600",
                "Banda": "UHF",
                "Ancho Banda": "40000",
                "Tecnolog\u00eda": "LTE(4G)",
                "Tipo Acceso": "OFDMA",
                "Latitud": "53\u00b0 7\u00b4 42.7\u00b4\u00b4",
                "Longitud": "70\u00b0 55\u00b4 2.8000000000000003\u00b4\u00b4",
                "x": "-70,917",
                "y": "-53,129",
                "Latitud_Decimal": -53.12852777777778,
                "Longitud_Decimal": -70.91744444444446
            }
        },
        {
            "type": "Feature",
            "geometry": {
                "type": "Point",
                "coordinates": [
                    -70.92333333333333,
                    -53.13472222222222
                ]
            },
            "properties": {
                "C\u00f3digo Soporte": "14.923",
                "C\u00f3digo Elemento": "682.187",
                "Empresa": "TELEF\u00d3NICA M\u00d3VILES CHILE S.A.",
                "Nombre Comercial Tecnolog\u00eda": "4G",
                "Direcci\u00f3n": "CORONEL JOSE DE LOS SANTOS MARDONES N\u00b0 1695",
                "Localidad": "",
                "Comuna": "Punta Arenas",
                "Regi\u00f3n": "Regi\u00f3n de Magallanes y de la Ant\u00e1rtica Chilena",
                "Tipo Documento Autorizatorio": "RESOLUCI\u00d3N MODIFICA CONCESI\u00d3N SERVICIOS P\u00daBLICOS NOTIFICADA",
                "Nro. Documento": "1322",
                "Fecha Documento": "06/08/2025",
                "Tipo Soporte": "Torre Auto Soportada",
                "Altura": "30",
                "Frecuencia": "700",
                "Banda": "UHF",
                "Ancho Banda": "20000",
                "Tecnolog\u00eda": "LTE(4G)",
                "Tipo Acceso": "OFDMA",
                "Latitud": "53\u00b0 8\u00b4 5\u00b4\u00b4",
                "Longitud": "70\u00b0 55\u00b4 24\u00b4\u00b4",
                "x": "-70,923",
                "y": "-53,135",
                "Latitud_Decimal": -53.13472222222222,
                "Longitud_Decimal": -70.92333333333333
            }
        },
        {
            "type": "Feature",
            "geometry": {
                "type": "Point",
                "coordinates": [
                    -70.88277777777778,
                    -53.08777777777778
                ]
            },
            "properties": {
                "C\u00f3digo Soporte": "14.932",
                "C\u00f3digo Elemento": "682.634",
                "Empresa": "TELEF\u00d3NICA M\u00d3VILES CHILE S.A.",
                "Nombre Comercial Tecnolog\u00eda": "4G",
                "Direcci\u00f3n": "KM 8,5 RUTA 9 NORTE N\u00b0 09606",
                "Localidad": "",
                "Comuna": "Punta Arenas",
                "Regi\u00f3n": "Regi\u00f3n de Magallanes y de la Ant\u00e1rtica Chilena",
                "Tipo Documento Autorizatorio": "RESOLUCI\u00d3N MODIFICA CONCESI\u00d3N SERVICIOS P\u00daBLICOS NOTIFICADA",
                "Nro. Documento": "1451",
                "Fecha Documento": "18/08/2025",
                "Tipo Soporte": "Torre Ventada",
                "Altura": "60",
                "Frecuencia": "2600",
                "Banda": "UHF",
                "Ancho Banda": "40000",
                "Tecnolog\u00eda": "LTE(4G)",
                "Tipo Acceso": "OFDMA",
                "Latitud": "53\u00b0 5\u00b4 16\u00b4\u00b4",
                "Longitud": "70\u00b0 52\u00b4 58\u00b4\u00b4",
                "x": "-70,883",
                "y": "-53,088",
                "Latitud_Decimal": -53.08777777777778,
                "Longitud_Decimal": -70.88277777777778
            }
        },
        {
            "type": "Feature",
            "geometry": {
                "type": "Point",
                "coordinates": [
                    -71.48222222222222,
                    -52.37638888888889
                ]
            },
            "properties": {
                "C\u00f3digo Soporte": "14.948",
                "C\u00f3digo Elemento": "7831",
                "Empresa": "ENTEL PCS",
                "Nombre Comercial Tecnolog\u00eda": "2G",
                "Direcci\u00f3n": "ESTANCIA TRES HERMANAS, SECTOR VILLA TEHUELCHES",
                "Localidad": "",
                "Comuna": "Laguna Blanca",
                "Regi\u00f3n": "Regi\u00f3n de Magallanes y de la Ant\u00e1rtica Chilena",
                "Tipo Documento Autorizatorio": "DECRETO EXENTO NOTIFICADO",
                "Nro. Documento": "540",
                "Fecha Documento": "14/08/2017",
                "Tipo Soporte": "Torre Ventada",
                "Altura": "36",
                "Frecuencia": "1900",
                "Banda": "UHF",
                "Ancho Banda": "30000",
                "Tecnolog\u00eda": "GSM(2G)",
                "Tipo Acceso": "TDMA",
                "Latitud": "52\u00b0 22\u00b4 35\u00b4\u00b4",
                "Longitud": "71\u00b0 28\u00b4 56\u00b4\u00b4",
                "x": "-71,482",
                "y": "-52,376",
                "Latitud_Decimal": -52.37638888888889,
                "Longitud_Decimal": -71.48222222222222
            }
        },
        {
            "type": "Feature",
            "geometry": {
                "type": "Point",
                "coordinates": [
                    -69.29083333333332,
                    -52.77472222222222
                ]
            },
            "properties": {
                "C\u00f3digo Soporte": "14.961",
                "C\u00f3digo Elemento": "7837",
                "Empresa": "ENTEL PCS",
                "Nombre Comercial Tecnolog\u00eda": "2G",
                "Direcci\u00f3n": "CERRO SOMBRERO, SECTOR RECINTO ENAP",
                "Localidad": "",
                "Comuna": "Primavera",
                "Regi\u00f3n": "Regi\u00f3n de Magallanes y de la Ant\u00e1rtica Chilena",
                "Tipo Documento Autorizatorio": "DECRETO NOTIFICADO",
                "Nro. Documento": "206",
                "Fecha Documento": "30/06/2005",
                "Tipo Soporte": "Torre Ventada",
                "Altura": "42",
                "Frecuencia": "1900",
                "Banda": "UHF",
                "Ancho Banda": "30000",
                "Tecnolog\u00eda": "GSM(2G)",
                "Tipo Acceso": "TDMA",
                "Latitud": "52\u00b0 46\u00b4 29\u00b4\u00b4",
                "Longitud": "69\u00b0 17\u00b4 27\u00b4\u00b4",
                "x": "-69,291",
                "y": "-52,775",
                "Latitud_Decimal": -52.77472222222222,
                "Longitud_Decimal": -69.29083333333332
            }
        },
        {
            "type": "Feature",
            "geometry": {
                "type": "Point",
                "coordinates": [
                    -70.9063888888889,
                    -53.159444444444446
                ]
            },
            "properties": {
                "C\u00f3digo Soporte": "16.505",
                "C\u00f3digo Elemento": "11.817",
                "Empresa": "MOVISTAR MOVIL",
                "Nombre Comercial Tecnolog\u00eda": "2G",
                "Direcci\u00f3n": "Col\u00f3n N\u00b0 680",
                "Localidad": "",
                "Comuna": "Punta Arenas",
                "Regi\u00f3n": "Regi\u00f3n de Magallanes y de la Ant\u00e1rtica Chilena",
                "Tipo Documento Autorizatorio": "DECRETO NOTIFICADO",
                "Nro. Documento": "89",
                "Fecha Documento": "22/02/2006",
                "Tipo Soporte": "Torre Ventada",
                "Altura": "36",
                "Frecuencia": "1900",
                "Banda": "UHF",
                "Ancho Banda": "10000",
                "Tecnolog\u00eda": "GSM(2G)",
                "Tipo Acceso": "TDMA",
                "Latitud": "53\u00b0 9\u00b4 34\u00b4\u00b4",
                "Longitud": "70\u00b0 54\u00b4 23\u00b4\u00b4",
                "x": "-70,906",
                "y": "-53,159",
                "Latitud_Decimal": -53.159444444444446,
                "Longitud_Decimal": -70.9063888888889
            }
        },
        {
            "type": "Feature",
            "geometry": {
                "type": "Point",
                "coordinates": [
                    -70.94638888888889,
                    -53.21805555555556
                ]
            },
            "properties": {
                "C\u00f3digo Soporte": "14.936",
                "C\u00f3digo Elemento": "47.770",
                "Empresa": "ENTEL PCS",
                "Nombre Comercial Tecnolog\u00eda": "2G",
                "Direcci\u00f3n": "SECTOR LE\u00d1ADURA KM. 6, RUTA A",
                "Localidad": "",
                "Comuna": "Punta Arenas",
                "Regi\u00f3n": "Regi\u00f3n de Magallanes y de la Ant\u00e1rtica Chilena",
                "Tipo Documento Autorizatorio": "DECRETO EXENTO NOTIFICADO",
                "Nro. Documento": "885",
                "Fecha Documento": "11/11/2009",
                "Tipo Soporte": "Torre Ventada",
                "Altura": "60",
                "Frecuencia": "1900",
                "Banda": "UHF",
                "Ancho Banda": "30000",
                "Tecnolog\u00eda": "GSM(2G)",
                "Tipo Acceso": "TDMA",
                "Latitud": "53\u00b0 13\u00b4 5\u00b4\u00b4",
                "Longitud": "70\u00b0 56\u00b4 47\u00b4\u00b4",
                "x": "-70,946",
                "y": "-53,218",
                "Latitud_Decimal": -53.21805555555556,
                "Longitud_Decimal": -70.94638888888889
            }
        },
        {
            "type": "Feature",
            "geometry": {
                "type": "Point",
                "coordinates": [
                    -70.89796940000001,
                    -53.1412472
                ]
            },
            "properties": {
                "C\u00f3digo Soporte": "11.411",
                "C\u00f3digo Elemento": "450.973",
                "Empresa": "Claro Serv. Empresariales",
                "Nombre Comercial Tecnolog\u00eda": "4G",
                "Direcci\u00f3n": "Dr. Oscar Munizaga S/N",
                "Localidad": "",
                "Comuna": "Punta Arenas",
                "Regi\u00f3n": "Regi\u00f3n de Magallanes y de la Ant\u00e1rtica Chilena",
                "Tipo Documento Autorizatorio": "RESOLUCI\u00d3N MODIFICA CONCESI\u00d3N SERVICIOS P\u00daBLICOS NOTIFICADA",
                "Nro. Documento": "3062",
                "Fecha Documento": "12/08/2013",
                "Tipo Soporte": "Monoposte",
                "Altura": "36",
                "Frecuencia": "2600",
                "Banda": "UHF",
                "Ancho Banda": "40000",
                "Tecnolog\u00eda": "LTE(4G)",
                "Tipo Acceso": "FDD",
                "Latitud": "53\u00b0 8\u00b4 28.489919999999998\u00b4\u00b4",
                "Longitud": "70\u00b0 53\u00b4 52.68984\u00b4\u00b4",
                "x": "-70,898",
                "y": "-53,141",
                "Latitud_Decimal": -53.1412472,
                "Longitud_Decimal": -70.89796940000001
            }
        },
        {
            "type": "Feature",
            "geometry": {
                "type": "Point",
                "coordinates": [
                    -70.9439167,
                    -53.1612778
                ]
            },
            "properties": {
                "C\u00f3digo Soporte": "11.431",
                "C\u00f3digo Elemento": "450.975",
                "Empresa": "Claro Serv. Empresariales",
                "Nombre Comercial Tecnolog\u00eda": "4G",
                "Direcci\u00f3n": "Gaspar Mar\u00edn",
                "Localidad": "",
                "Comuna": "Punta Arenas",
                "Regi\u00f3n": "Regi\u00f3n de Magallanes y de la Ant\u00e1rtica Chilena",
                "Tipo Documento Autorizatorio": "RESOLUCI\u00d3N MODIFICA CONCESI\u00d3N SERVICIOS P\u00daBLICOS NOTIFICADA",
                "Nro. Documento": "3062",
                "Fecha Documento": "12/08/2013",
                "Tipo Soporte": "Torre Auto Soportada",
                "Altura": "36",
                "Frecuencia": "2600",
                "Banda": "UHF",
                "Ancho Banda": "40000",
                "Tecnolog\u00eda": "LTE(4G)",
                "Tipo Acceso": "FDD",
                "Latitud": "53\u00b0 9\u00b4 40.60008\u00b4\u00b4",
                "Longitud": "70\u00b0 56\u00b4 38.10012\u00b4\u00b4",
                "x": "-70,944",
                "y": "-53,161",
                "Latitud_Decimal": -53.1612778,
                "Longitud_Decimal": -70.9439167
            }
        },
        {
            "type": "Feature",
            "geometry": {
                "type": "Point",
                "coordinates": [
                    -72.43777777777778,
                    -51.680277777777775
                ]
            },
            "properties": {
                "C\u00f3digo Soporte": "14.966",
                "C\u00f3digo Elemento": "456.639",
                "Empresa": "WILL",
                "Nombre Comercial Tecnolog\u00eda": "4G",
                "Direcci\u00f3n": "Cerro Dorotea",
                "Localidad": "",
                "Comuna": "Natales",
                "Regi\u00f3n": "Regi\u00f3n de Magallanes y de la Ant\u00e1rtica Chilena",
                "Tipo Documento Autorizatorio": "DECRETO NOTIFICADO",
                "Nro. Documento": "177",
                "Fecha Documento": "09/11/2012",
                "Tipo Soporte": "Torre Ventada",
                "Altura": "30",
                "Frecuencia": "2600",
                "Banda": "UHF",
                "Ancho Banda": "40000",
                "Tecnolog\u00eda": "LTE(4G)",
                "Tipo Acceso": "FDD",
                "Latitud": "51\u00b0 40\u00b4 49\u00b4\u00b4",
                "Longitud": "72\u00b0 26\u00b4 16\u00b4\u00b4",
                "x": "-72,438",
                "y": "-51,68",
                "Latitud_Decimal": -51.680277777777775,
                "Longitud_Decimal": -72.43777777777778
            }
        },
        {
            "type": "Feature",
            "geometry": {
                "type": "Point",
                "coordinates": [
                    -70.91638888888889,
                    -53.157777777777774
                ]
            },
            "properties": {
                "C\u00f3digo Soporte": "14.925",
                "C\u00f3digo Elemento": "456.642",
                "Empresa": "WILL",
                "Nombre Comercial Tecnolog\u00eda": "4G",
                "Direcci\u00f3n": "Jos\u00e9 Men\u00e9ndez N\u00ba 131",
                "Localidad": "",
                "Comuna": "Punta Arenas",
                "Regi\u00f3n": "Regi\u00f3n de Magallanes y de la Ant\u00e1rtica Chilena",
                "Tipo Documento Autorizatorio": "DECRETO NOTIFICADO",
                "Nro. Documento": "177",
                "Fecha Documento": "09/11/2012",
                "Tipo Soporte": "Torre Auto Soportada",
                "Altura": "36",
                "Frecuencia": "2600",
                "Banda": "UHF",
                "Ancho Banda": "40000",
                "Tecnolog\u00eda": "LTE(4G)",
                "Tipo Acceso": "FDD",
                "Latitud": "53\u00b0 9\u00b4 28\u00b4\u00b4",
                "Longitud": "70\u00b0 54\u00b4 59\u00b4\u00b4",
                "x": "-70,916",
                "y": "-53,158",
                "Latitud_Decimal": -53.157777777777774,
                "Longitud_Decimal": -70.91638888888889
            }
        },
        {
            "type": "Feature",
            "geometry": {
                "type": "Point",
                "coordinates": [
                    -67.60916666666667,
                    -54.93805555555555
                ]
            },
            "properties": {
                "C\u00f3digo Soporte": "17.832",
                "C\u00f3digo Elemento": "530.881",
                "Empresa": "MOVISTAR MOVIL",
                "Nombre Comercial Tecnolog\u00eda": "4G",
                "Direcci\u00f3n": "V\u00eda Tres",
                "Localidad": "",
                "Comuna": "CABO DE HORNOS",
                "Regi\u00f3n": "Regi\u00f3n de Magallanes y de la Ant\u00e1rtica Chilena",
                "Tipo Documento Autorizatorio": "DECRETO NOTIFICADO",
                "Nro. Documento": "71",
                "Fecha Documento": "06/05/2015",
                "Tipo Soporte": "Torre Ventada",
                "Altura": "24",
                "Frecuencia": "700",
                "Banda": "UHF",
                "Ancho Banda": "20000",
                "Tecnolog\u00eda": "LTE(4G)",
                "Tipo Acceso": "FDD",
                "Latitud": "54\u00b0 56\u00b4 17\u00b4\u00b4",
                "Longitud": "67\u00b0 36\u00b4 33\u00b4\u00b4",
                "x": "-67,609",
                "y": "-54,938",
                "Latitud_Decimal": -54.93805555555555,
                "Longitud_Decimal": -67.60916666666667
            }
        },
        {
            "type": "Feature",
            "geometry": {
                "type": "Point",
                "coordinates": [
                    -72.43758333333334,
                    -51.67988889
                ]
            },
            "properties": {
                "C\u00f3digo Soporte": "11.421",
                "C\u00f3digo Elemento": "570.410",
                "Empresa": "CLARO CHILE SPA.",
                "Nombre Comercial Tecnolog\u00eda": "3G",
                "Direcci\u00f3n": "Ruta Puerto Natales - Punta Arenas Km. 7,2, Sector Mirador Dorotea",
                "Localidad": "",
                "Comuna": "Natales",
                "Regi\u00f3n": "Regi\u00f3n de Magallanes y de la Ant\u00e1rtica Chilena",
                "Tipo Documento Autorizatorio": "RESOLUCI\u00d3N MODIFICA CONCESI\u00d3N SERVICIOS P\u00daBLICOS NOTIFICADA",
                "Nro. Documento": "2449",
                "Fecha Documento": "13/12/2017",
                "Tipo Soporte": "Torre Ventada",
                "Altura": "24",
                "Frecuencia": "1900",
                "Banda": "UHF",
                "Ancho Banda": "30000",
                "Tecnolog\u00eda": "UMTS(3G)",
                "Tipo Acceso": "WCDMA",
                "Latitud": "51\u00b0 40\u00b4 47.600004\u00b4\u00b4",
                "Longitud": "72\u00b0 26\u00b4 15.3\u00b4\u00b4",
                "x": "-72,438",
                "y": "-51,68",
                "Latitud_Decimal": -51.67988889,
                "Longitud_Decimal": -72.43758333333334
            }
        },
        {
            "type": "Feature",
            "geometry": {
                "type": "Point",
                "coordinates": [
                    -70.903,
                    -53.152277777777776
                ]
            },
            "properties": {
                "C\u00f3digo Soporte": "24.743",
                "C\u00f3digo Elemento": "599.446",
                "Empresa": "CLARO CHILE SPA.",
                "Nombre Comercial Tecnolog\u00eda": "",
                "Direcci\u00f3n": "Armando Sanhueza N\u00b0114",
                "Localidad": "",
                "Comuna": "Punta Arenas",
                "Regi\u00f3n": "Regi\u00f3n de Magallanes y de la Ant\u00e1rtica Chilena",
                "Tipo Documento Autorizatorio": "RESOLUCI\u00d3N MODIFICA CONCESI\u00d3N SERVICIOS P\u00daBLICOS NOTIFICADA",
                "Nro. Documento": "1490",
                "Fecha Documento": "02/08/2021",
                "Tipo Soporte": "Torre Auto Soportada",
                "Altura": "30",
                "Frecuencia": "2600",
                "Banda": "UHF",
                "Ancho Banda": "40000",
                "Tecnolog\u00eda": "LTE(4G)",
                "Tipo Acceso": "FDD",
                "Latitud": "53\u00b0 9\u00b4 8.2\u00b4\u00b4",
                "Longitud": "70\u00b0 54\u00b4 10.8\u00b4\u00b4",
                "x": "-70,903",
                "y": "-53,152",
                "Latitud_Decimal": -53.152277777777776,
                "Longitud_Decimal": -70.903
            }
        },
        {
            "type": "Feature",
            "geometry": {
                "type": "Point",
                "coordinates": [
                    -70.94777777777779,
                    -53.176944444444445
                ]
            },
            "properties": {
                "C\u00f3digo Soporte": "17.809",
                "C\u00f3digo Elemento": "603.553",
                "Empresa": "CLARO CHILE SPA.",
                "Nombre Comercial Tecnolog\u00eda": "",
                "Direcci\u00f3n": "Prolongaci\u00f3n Martinez de Aldunate, parcela 32  S/N",
                "Localidad": "",
                "Comuna": "Punta Arenas",
                "Regi\u00f3n": "Regi\u00f3n de Magallanes y de la Ant\u00e1rtica Chilena",
                "Tipo Documento Autorizatorio": "RESOLUCI\u00d3N MODIFICA CONCESI\u00d3N SERVICIOS P\u00daBLICOS NOTIFICADA",
                "Nro. Documento": "2004",
                "Fecha Documento": "22/10/2021",
                "Tipo Soporte": "Torre Auto Soportada",
                "Altura": "30",
                "Frecuencia": "2600",
                "Banda": "UHF",
                "Ancho Banda": "40000",
                "Tecnolog\u00eda": "LTE(4G)",
                "Tipo Acceso": "FDD",
                "Latitud": "53\u00b0 10\u00b4 37\u00b4\u00b4",
                "Longitud": "70\u00b0 56\u00b4 52\u00b4\u00b4",
                "x": "-70,948",
                "y": "-53,177",
                "Latitud_Decimal": -53.176944444444445,
                "Longitud_Decimal": -70.94777777777779
            }
        },
        {
            "type": "Feature",
            "geometry": {
                "type": "Point",
                "coordinates": [
                    -72.48804722222222,
                    -51.73758611111111
                ]
            },
            "properties": {
                "C\u00f3digo Soporte": "29.220",
                "C\u00f3digo Elemento": "616.451",
                "Empresa": "WILL",
                "Nombre Comercial Tecnolog\u00eda": "4G",
                "Direcci\u00f3n": "Calle San Martin frente al 820",
                "Localidad": "",
                "Comuna": "Natales",
                "Regi\u00f3n": "Regi\u00f3n de Magallanes y de la Ant\u00e1rtica Chilena",
                "Tipo Documento Autorizatorio": "RESOLUCI\u00d3N MODIFICA CONCESI\u00d3N SERVICIOS P\u00daBLICOS NOTIFICADA",
                "Nro. Documento": "577",
                "Fecha Documento": "18/03/2021",
                "Tipo Soporte": "Poste de Concreto",
                "Altura": "1",
                "Frecuencia": "2600",
                "Banda": "UHF",
                "Ancho Banda": "40000",
                "Tecnolog\u00eda": "LTE(4G)",
                "Tipo Acceso": "FDD",
                "Latitud": "51\u00b0 44\u00b4 15.31\u00b4\u00b4",
                "Longitud": "72\u00b0 29\u00b4 16.97\u00b4\u00b4",
                "x": "-72,488",
                "y": "-51,738",
                "Latitud_Decimal": -51.73758611111111,
                "Longitud_Decimal": -72.48804722222222
            }
        },
        {
            "type": "Feature",
            "geometry": {
                "type": "Point",
                "coordinates": [
                    -70.37722222222222,
                    -53.309999999999995
                ]
            },
            "properties": {
                "C\u00f3digo Soporte": "17.761",
                "C\u00f3digo Elemento": "626.616",
                "Empresa": "Wom",
                "Nombre Comercial Tecnolog\u00eda": "5G",
                "Direcci\u00f3n": "Av. San Martin, Mirador Porvenir, Porvenir, Magallanes Y La Ant\u00e1rtica Chilena",
                "Localidad": "",
                "Comuna": "Porvenir",
                "Regi\u00f3n": "Regi\u00f3n de Magallanes y de la Ant\u00e1rtica Chilena",
                "Tipo Documento Autorizatorio": "DECRETO NOTIFICADO",
                "Nro. Documento": "32",
                "Fecha Documento": "11/03/2021",
                "Tipo Soporte": "Torre Auto Soportada",
                "Altura": "60",
                "Frecuencia": "2100",
                "Banda": "UHF",
                "Ancho Banda": "30000",
                "Tecnolog\u00eda": "LTE Advanced Pro(5G)",
                "Tipo Acceso": "OFDMA",
                "Latitud": "53\u00b0 18\u00b4 36\u00b4\u00b4",
                "Longitud": "70\u00b0 22\u00b4 38\u00b4\u00b4",
                "x": "-70,377",
                "y": "-53,31",
                "Latitud_Decimal": -53.309999999999995,
                "Longitud_Decimal": -70.37722222222222
            }
        },
        {
            "type": "Feature",
            "geometry": {
                "type": "Point",
                "coordinates": [
                    -72.43777777777778,
                    -51.680277777777775
                ]
            },
            "properties": {
                "C\u00f3digo Soporte": "14.966",
                "C\u00f3digo Elemento": "628.282",
                "Empresa": "ENTEL TELEFONIA LOCAL S.A.",
                "Nombre Comercial Tecnolog\u00eda": "5G",
                "Direcci\u00f3n": "HIJUELA 14 - CERRO DOROTEA - PROV. ULTIMA ESPERANZA, COMUNA DE NATALES, REGI\u00d3N DE MAGALLANES Y DE LA ANT\u00c1RTICA CHILENA",
                "Localidad": "",
                "Comuna": "Natales",
                "Regi\u00f3n": "Regi\u00f3n de Magallanes y de la Ant\u00e1rtica Chilena",
                "Tipo Documento Autorizatorio": "DECRETO NOTIFICADO",
                "Nro. Documento": "76",
                "Fecha Documento": "24/05/2021",
                "Tipo Soporte": "Torre Ventada",
                "Altura": "30",
                "Frecuencia": "3500",
                "Banda": "SHF",
                "Ancho Banda": "50000",
                "Tecnolog\u00eda": "5G(5G)",
                "Tipo Acceso": "OFDMA",
                "Latitud": "51\u00b0 40\u00b4 49\u00b4\u00b4",
                "Longitud": "72\u00b0 26\u00b4 16\u00b4\u00b4",
                "x": "-72,438",
                "y": "-51,68",
                "Latitud_Decimal": -51.680277777777775,
                "Longitud_Decimal": -72.43777777777778
            }
        },
        {
            "type": "Feature",
            "geometry": {
                "type": "Point",
                "coordinates": [
                    -70.94408333333334,
                    -53.17199722222222
                ]
            },
            "properties": {
                "C\u00f3digo Soporte": "27.358",
                "C\u00f3digo Elemento": "630.161",
                "Empresa": "Wom",
                "Nombre Comercial Tecnolog\u00eda": "5G",
                "Direcci\u00f3n": "Pedro Aguirre Cerda N\u00b0 413, Punta Arenas, Magallanes Y La Ant\u00e1rtica Chilena",
                "Localidad": "",
                "Comuna": "Punta Arenas",
                "Regi\u00f3n": "Regi\u00f3n de Magallanes y de la Ant\u00e1rtica Chilena",
                "Tipo Documento Autorizatorio": "DECRETO NOTIFICADO",
                "Nro. Documento": "78",
                "Fecha Documento": "24/05/2021",
                "Tipo Soporte": "Azotea",
                "Altura": "3",
                "Frecuencia": "3500",
                "Banda": "SHF",
                "Ancho Banda": "50000",
                "Tecnolog\u00eda": "5G(5G)",
                "Tipo Acceso": "OFDMA",
                "Latitud": "53\u00b0 10\u00b4 19.19\u00b4\u00b4",
                "Longitud": "70\u00b0 56\u00b4 38.7\u00b4\u00b4",
                "x": "-70,944",
                "y": "-53,172",
                "Latitud_Decimal": -53.17199722222222,
                "Longitud_Decimal": -70.94408333333334
            }
        },
        {
            "type": "Feature",
            "geometry": {
                "type": "Point",
                "coordinates": [
                    -70.88277777777778,
                    -53.08777777777778
                ]
            },
            "properties": {
                "C\u00f3digo Soporte": "14.932",
                "C\u00f3digo Elemento": "633.233",
                "Empresa": "WILL",
                "Nombre Comercial Tecnolog\u00eda": "3G/5G",
                "Direcci\u00f3n": "Km.  8,5  Ruta  9\nNorte N\u00b0 09606",
                "Localidad": "",
                "Comuna": "Punta Arenas",
                "Regi\u00f3n": "Regi\u00f3n de Magallanes y de la Ant\u00e1rtica Chilena",
                "Tipo Documento Autorizatorio": "RESOLUCI\u00d3N MODIFICA CONCESI\u00d3N SERVICIOS P\u00daBLICOS NOTIFICADA",
                "Nro. Documento": "526",
                "Fecha Documento": "01/03/2022",
                "Tipo Soporte": "Torre Ventada",
                "Altura": "60",
                "Frecuencia": "700",
                "Banda": "UHF",
                "Ancho Banda": "15000",
                "Tecnolog\u00eda": "UMTS(3G)/LTE Advanced Pro(5G)",
                "Tipo Acceso": "OFDMA",
                "Latitud": "53\u00b0 5\u00b4 16\u00b4\u00b4",
                "Longitud": "70\u00b0 52\u00b4 58\u00b4\u00b4",
                "x": "-70,883",
                "y": "-53,088",
                "Latitud_Decimal": -53.08777777777778,
                "Longitud_Decimal": -70.88277777777778
            }
        },
        {
            "type": "Feature",
            "geometry": {
                "type": "Point",
                "coordinates": [
                    -70.95472222222223,
                    -53.141666666666666
                ]
            },
            "properties": {
                "C\u00f3digo Soporte": "14.933",
                "C\u00f3digo Elemento": "633.234",
                "Empresa": "WILL",
                "Nombre Comercial Tecnolog\u00eda": "3G/5G",
                "Direcci\u00f3n": "Parcela    N\u00b0    4, Mirador del Sur",
                "Localidad": "",
                "Comuna": "Punta Arenas",
                "Regi\u00f3n": "Regi\u00f3n de Magallanes y de la Ant\u00e1rtica Chilena",
                "Tipo Documento Autorizatorio": "RESOLUCI\u00d3N MODIFICA CONCESI\u00d3N SERVICIOS P\u00daBLICOS NOTIFICADA",
                "Nro. Documento": "526",
                "Fecha Documento": "01/03/2022",
                "Tipo Soporte": "Torre Ventada",
                "Altura": "30",
                "Frecuencia": "700",
                "Banda": "UHF",
                "Ancho Banda": "15000",
                "Tecnolog\u00eda": "UMTS(3G)/LTE Advanced Pro(5G)",
                "Tipo Acceso": "OFDMA",
                "Latitud": "53\u00b0 8\u00b4 30\u00b4\u00b4",
                "Longitud": "70\u00b0 57\u00b4 17\u00b4\u00b4",
                "x": "-70,955",
                "y": "-53,142",
                "Latitud_Decimal": -53.141666666666666,
                "Longitud_Decimal": -70.95472222222223
            }
        },
        {
            "type": "Feature",
            "geometry": {
                "type": "Point",
                "coordinates": [
                    -70.36555555555555,
                    -53.29997222222222
                ]
            },
            "properties": {
                "C\u00f3digo Soporte": "20.347",
                "C\u00f3digo Elemento": "637.294",
                "Empresa": "TELEF\u00d3NICA M\u00d3VILES CHILE S.A.",
                "Nombre Comercial Tecnolog\u00eda": "4G",
                "Direcci\u00f3n": "DAMIAN RIOBO 164",
                "Localidad": "",
                "Comuna": "Porvenir",
                "Regi\u00f3n": "Regi\u00f3n de Magallanes y de la Ant\u00e1rtica Chilena",
                "Tipo Documento Autorizatorio": "RESOLUCI\u00d3N MODIFICA CONCESI\u00d3N SERVICIOS P\u00daBLICOS NOTIFICADA",
                "Nro. Documento": "1529",
                "Fecha Documento": "18/05/2022",
                "Tipo Soporte": "Torre Auto Soportada",
                "Altura": "22",
                "Frecuencia": "2600",
                "Banda": "UHF",
                "Ancho Banda": "40000",
                "Tecnolog\u00eda": "LTE(4G)",
                "Tipo Acceso": "OFDMA",
                "Latitud": "53\u00b0 17\u00b4 59.9\u00b4\u00b4",
                "Longitud": "70\u00b0 21\u00b4 56\u00b4\u00b4",
                "x": "-70,366",
                "y": "-53,3",
                "Latitud_Decimal": -53.29997222222222,
                "Longitud_Decimal": -70.36555555555555
            }
        },
        {
            "type": "Feature",
            "geometry": {
                "type": "Point",
                "coordinates": [
                    -71.65458333333333,
                    -52.553638888888884
                ]
            },
            "properties": {
                "C\u00f3digo Soporte": "22.450",
                "C\u00f3digo Elemento": "637.529",
                "Empresa": "TELEF\u00d3NICA M\u00d3VILES CHILE S.A.",
                "Nombre Comercial Tecnolog\u00eda": "4G",
                "Direcci\u00f3n": "RUTA Y-50 ESTANCIA EL SALTO 1",
                "Localidad": "",
                "Comuna": "R\u00edo Verde",
                "Regi\u00f3n": "Regi\u00f3n de Magallanes y de la Ant\u00e1rtica Chilena",
                "Tipo Documento Autorizatorio": "RESOLUCI\u00d3N MODIFICA CONCESI\u00d3N SERVICIOS P\u00daBLICOS NOTIFICADA",
                "Nro. Documento": "1567",
                "Fecha Documento": "19/05/2022",
                "Tipo Soporte": "Torre Ventada",
                "Altura": "42",
                "Frecuencia": "700",
                "Banda": "UHF",
                "Ancho Banda": "10000",
                "Tecnolog\u00eda": "LTE(4G)",
                "Tipo Acceso": "OFDMA",
                "Latitud": "52\u00b0 33\u00b4 13.1\u00b4\u00b4",
                "Longitud": "71\u00b0 39\u00b4 16.5\u00b4\u00b4",
                "x": "-71,655",
                "y": "-52,554",
                "Latitud_Decimal": -52.553638888888884,
                "Longitud_Decimal": -71.65458333333333
            }
        },
        {
            "type": "Feature",
            "geometry": {
                "type": "Point",
                "coordinates": [
                    -70.90705555555556,
                    -53.161249999999995
                ]
            },
            "properties": {
                "C\u00f3digo Soporte": "32.106",
                "C\u00f3digo Elemento": "651.989",
                "Empresa": "WILL",
                "Nombre Comercial Tecnolog\u00eda": "4G",
                "Direcci\u00f3n": "Carlos Briones, esquina Jose Mendez",
                "Localidad": "",
                "Comuna": "Punta Arenas",
                "Regi\u00f3n": "Regi\u00f3n de Magallanes y de la Ant\u00e1rtica Chilena",
                "Tipo Documento Autorizatorio": "RESOLUCI\u00d3N MODIFICA CONCESI\u00d3N SERVICIOS P\u00daBLICOS NOTIFICADA",
                "Nro. Documento": "3453",
                "Fecha Documento": "25/10/2022",
                "Tipo Soporte": "Azotea",
                "Altura": "40",
                "Frecuencia": "2600",
                "Banda": "UHF",
                "Ancho Banda": "40000",
                "Tecnolog\u00eda": "LTE(4G)",
                "Tipo Acceso": "OFDMA",
                "Latitud": "53\u00b0 9\u00b4 40.5\u00b4\u00b4",
                "Longitud": "70\u00b0 54\u00b4 25.400000000000002\u00b4\u00b4",
                "x": "-70,907",
                "y": "-53,161",
                "Latitud_Decimal": -53.161249999999995,
                "Longitud_Decimal": -70.90705555555556
            }
        },
        {
            "type": "Feature",
            "geometry": {
                "type": "Point",
                "coordinates": [
                    -69.32277777777777,
                    -52.911944444444444
                ]
            },
            "properties": {
                "C\u00f3digo Soporte": "19.890",
                "C\u00f3digo Elemento": "654.154",
                "Empresa": "TELEF\u00d3NICA M\u00d3VILES CHILE S.A.",
                "Nombre Comercial Tecnolog\u00eda": "4G",
                "Direcci\u00f3n": "CAMPO CHILLANEJA DEL LOTE 60 DE LA SUBDIVISION SPRINGHILL",
                "Localidad": "",
                "Comuna": "Primavera",
                "Regi\u00f3n": "Regi\u00f3n de Magallanes y de la Ant\u00e1rtica Chilena",
                "Tipo Documento Autorizatorio": "RESOLUCI\u00d3N MODIFICA CONCESI\u00d3N SERVICIOS P\u00daBLICOS NOTIFICADA",
                "Nro. Documento": "488",
                "Fecha Documento": "14/03/2023",
                "Tipo Soporte": "Torre Ventada",
                "Altura": "30",
                "Frecuencia": "700",
                "Banda": "SHF",
                "Ancho Banda": "20000",
                "Tecnolog\u00eda": "LTE(4G)",
                "Tipo Acceso": "OFDMA",
                "Latitud": "52\u00b0 54\u00b4 43\u00b4\u00b4",
                "Longitud": "69\u00b0 19\u00b4 22\u00b4\u00b4",
                "x": "-69,323",
                "y": "-52,912",
                "Latitud_Decimal": -52.911944444444444,
                "Longitud_Decimal": -69.32277777777777
            }
        },
        {
            "type": "Feature",
            "geometry": {
                "type": "Point",
                "coordinates": [
                    -69.34527777777777,
                    -53.07277777777778
                ]
            },
            "properties": {
                "C\u00f3digo Soporte": "19.672",
                "C\u00f3digo Elemento": "654.155",
                "Empresa": "TELEF\u00d3NICA M\u00d3VILES CHILE S.A.",
                "Nombre Comercial Tecnolog\u00eda": "4G",
                "Direcci\u00f3n": "CALLE SIN N\u00daMERO A 32 KM DE CERRO SOMBRERO",
                "Localidad": "",
                "Comuna": "Porvenir",
                "Regi\u00f3n": "Regi\u00f3n de Magallanes y de la Ant\u00e1rtica Chilena",
                "Tipo Documento Autorizatorio": "RESOLUCI\u00d3N MODIFICA CONCESI\u00d3N SERVICIOS P\u00daBLICOS NOTIFICADA",
                "Nro. Documento": "484",
                "Fecha Documento": "14/03/2023",
                "Tipo Soporte": "Torre Ventada",
                "Altura": "64",
                "Frecuencia": "700",
                "Banda": "SHF",
                "Ancho Banda": "20000",
                "Tecnolog\u00eda": "LTE(4G)",
                "Tipo Acceso": "OFDMA",
                "Latitud": "53\u00b0 4\u00b4 22\u00b4\u00b4",
                "Longitud": "69\u00b0 20\u00b4 43\u00b4\u00b4",
                "x": "-69,345",
                "y": "-53,073",
                "Latitud_Decimal": -53.07277777777778,
                "Longitud_Decimal": -69.34527777777777
            }
        },
        {
            "type": "Feature",
            "geometry": {
                "type": "Point",
                "coordinates": [
                    -72.52780277777778,
                    -51.66663333333333
                ]
            },
            "properties": {
                "C\u00f3digo Soporte": "33.022",
                "C\u00f3digo Elemento": "662.000",
                "Empresa": "WILL",
                "Nombre Comercial Tecnolog\u00eda": "4G",
                "Direcci\u00f3n": "Ruta 9 Aeropuerto Julio Gallardo",
                "Localidad": "",
                "Comuna": "Natales",
                "Regi\u00f3n": "Regi\u00f3n de Magallanes y de la Ant\u00e1rtica Chilena",
                "Tipo Documento Autorizatorio": "DECRETO EXENTO NOTIFICADO",
                "Nro. Documento": "863",
                "Fecha Documento": "03/11/2023",
                "Tipo Soporte": "Torre Auto Soportada",
                "Altura": "24",
                "Frecuencia": "2600",
                "Banda": "UHF",
                "Ancho Banda": "20000",
                "Tecnolog\u00eda": "LTE(4G)",
                "Tipo Acceso": "WCDMA",
                "Latitud": "51\u00b0 39\u00b4 59.88\u00b4\u00b4",
                "Longitud": "72\u00b0 31\u00b4 40.09\u00b4\u00b4",
                "x": "-72,528",
                "y": "-51,667",
                "Latitud_Decimal": -51.66663333333333,
                "Longitud_Decimal": -72.52780277777778
            }
        },
        {
            "type": "Feature",
            "geometry": {
                "type": "Point",
                "coordinates": [
                    -72.65422222222223,
                    -51.609
                ]
            },
            "properties": {
                "C\u00f3digo Soporte": "20.909",
                "C\u00f3digo Elemento": "680.736",
                "Empresa": "CLARO CHILE SPA.",
                "Nombre Comercial Tecnolog\u00eda": "5G",
                "Direcci\u00f3n": "km 23 ruta Y-300 Lote 3",
                "Localidad": "",
                "Comuna": "Natales",
                "Regi\u00f3n": "Regi\u00f3n de Magallanes y de la Ant\u00e1rtica Chilena",
                "Tipo Documento Autorizatorio": "DECRETO NOTIFICADO",
                "Nro. Documento": "214",
                "Fecha Documento": "26/11/2024",
                "Tipo Soporte": "Torre Ventada",
                "Altura": "15",
                "Frecuencia": "3500",
                "Banda": "SHF",
                "Ancho Banda": "50000",
                "Tecnolog\u00eda": "5G(5G)",
                "Tipo Acceso": "",
                "Latitud": "51\u00b0 36\u00b4 32.4\u00b4\u00b4",
                "Longitud": "72\u00b0 39\u00b4 15.200000000000001\u00b4\u00b4",
                "x": "-72,654",
                "y": "-51,609",
                "Latitud_Decimal": -51.609,
                "Longitud_Decimal": -72.65422222222223
            }
        },
        {
            "type": "Feature",
            "geometry": {
                "type": "Point",
                "coordinates": [
                    -70.8962194,
                    -53.1630806
                ]
            },
            "properties": {
                "C\u00f3digo Soporte": "11.429",
                "C\u00f3digo Elemento": "681.047",
                "Empresa": "CLARO CHILE SPA.",
                "Nombre Comercial Tecnolog\u00eda": "5G",
                "Direcci\u00f3n": "Avenida Col\u00f3n N\u00b01290",
                "Localidad": "",
                "Comuna": "Punta Arenas",
                "Regi\u00f3n": "Regi\u00f3n de Magallanes y de la Ant\u00e1rtica Chilena",
                "Tipo Documento Autorizatorio": "DECRETO NOTIFICADO",
                "Nro. Documento": "214",
                "Fecha Documento": "26/11/2024",
                "Tipo Soporte": "Azotea",
                "Altura": "30",
                "Frecuencia": "3500",
                "Banda": "SHF",
                "Ancho Banda": "50000",
                "Tecnolog\u00eda": "5G(5G)",
                "Tipo Acceso": "",
                "Latitud": "53\u00b0 9\u00b4 47.09016\u00b4\u00b4",
                "Longitud": "70\u00b0 53\u00b4 46.38984\u00b4\u00b4",
                "x": "-70,896",
                "y": "-53,163",
                "Latitud_Decimal": -53.1630806,
                "Longitud_Decimal": -70.8962194
            }
        },
        {
            "type": "Feature",
            "geometry": {
                "type": "Point",
                "coordinates": [
                    -70.91591670000001,
                    -53.1568056
                ]
            },
            "properties": {
                "C\u00f3digo Soporte": "11.410",
                "C\u00f3digo Elemento": "681.255",
                "Empresa": "CLARO CHILE SPA.",
                "Nombre Comercial Tecnolog\u00eda": "5G",
                "Direcci\u00f3n": "Patagona N\u00b0 825",
                "Localidad": "",
                "Comuna": "Punta Arenas",
                "Regi\u00f3n": "Regi\u00f3n de Magallanes y de la Ant\u00e1rtica Chilena",
                "Tipo Documento Autorizatorio": "DECRETO NOTIFICADO",
                "Nro. Documento": "214",
                "Fecha Documento": "26/11/2024",
                "Tipo Soporte": "Torre Auto Soportada",
                "Altura": "34",
                "Frecuencia": "3500",
                "Banda": "SHF",
                "Ancho Banda": "50000",
                "Tecnolog\u00eda": "5G(5G)",
                "Tipo Acceso": "",
                "Latitud": "53\u00b0 9\u00b4 24.500159999999997\u00b4\u00b4",
                "Longitud": "70\u00b0 54\u00b4 57.30012\u00b4\u00b4",
                "x": "-70,916",
                "y": "-53,157",
                "Latitud_Decimal": -53.1568056,
                "Longitud_Decimal": -70.91591670000001
            }
        },
        {
            "type": "Feature",
            "geometry": {
                "type": "Point",
                "coordinates": [
                    -72.48811666666667,
                    -51.743008333333336
                ]
            },
            "properties": {
                "C\u00f3digo Soporte": "28.978",
                "C\u00f3digo Elemento": "682.190",
                "Empresa": "TELEF\u00d3NICA M\u00d3VILES CHILE S.A.",
                "Nombre Comercial Tecnolog\u00eda": "4G",
                "Direcci\u00f3n": "Parcela  1 LT 1 A 1 A 4 Colonia Isabel Riquelme (A 150 mts de la intersecci\u00f3n de calle Piloto Pardo con Avda. Alfredo Lorca Valencia, en direcci\u00f3n Sur)",
                "Localidad": "",
                "Comuna": "Natales",
                "Regi\u00f3n": "Regi\u00f3n de Magallanes y de la Ant\u00e1rtica Chilena",
                "Tipo Documento Autorizatorio": "RESOLUCI\u00d3N MODIFICA CONCESI\u00d3N SERVICIOS P\u00daBLICOS NOTIFICADA",
                "Nro. Documento": "1285",
                "Fecha Documento": "31/07/2025",
                "Tipo Soporte": "Monoposte",
                "Altura": "1",
                "Frecuencia": "2600",
                "Banda": "UHF",
                "Ancho Banda": "20000",
                "Tecnolog\u00eda": "LTE(4G)",
                "Tipo Acceso": "OFDMA",
                "Latitud": "51\u00b0 44\u00b4 34.83\u00b4\u00b4",
                "Longitud": "72\u00b0 29\u00b4 17.22\u00b4\u00b4",
                "x": "-72,488",
                "y": "-51,743",
                "Latitud_Decimal": -51.743008333333336,
                "Longitud_Decimal": -72.48811666666667
            }
        },
        {
            "type": "Feature",
            "geometry": {
                "type": "Point",
                "coordinates": [
                    -72.49111111111111,
                    -51.67944444444444
                ]
            },
            "properties": {
                "C\u00f3digo Soporte": "17.749",
                "C\u00f3digo Elemento": "683.388",
                "Empresa": "TELEF\u00d3NICA M\u00d3VILES CHILE S.A.",
                "Nombre Comercial Tecnolog\u00eda": "4G",
                "Direcci\u00f3n": "CERRO DOROTEA S/N (Cerro Dorotea, desde intersecci\u00f3n de Ruta 9 con Ruta Y-315, 2,8 Km en direcci\u00f3n Norte)",
                "Localidad": "",
                "Comuna": "Natales",
                "Regi\u00f3n": "Regi\u00f3n de Magallanes y de la Ant\u00e1rtica Chilena",
                "Tipo Documento Autorizatorio": "RESOLUCI\u00d3N MODIFICA CONCESI\u00d3N SERVICIOS P\u00daBLICOS NOTIFICADA",
                "Nro. Documento": "1660",
                "Fecha Documento": "15/09/2025",
                "Tipo Soporte": "Torre Auto Soportada",
                "Altura": "18",
                "Frecuencia": "700",
                "Banda": "UHF",
                "Ancho Banda": "20000",
                "Tecnolog\u00eda": "LTE(4G)",
                "Tipo Acceso": "OFDMA",
                "Latitud": "51\u00b0 40\u00b4 46\u00b4\u00b4",
                "Longitud": "72\u00b0 29\u00b4 28\u00b4\u00b4",
                "x": "-72,491",
                "y": "-51,679",
                "Latitud_Decimal": -51.67944444444444,
                "Longitud_Decimal": -72.49111111111111
            }
        },
        {
            "type": "Feature",
            "geometry": {
                "type": "Point",
                "coordinates": [
                    -70.37720833333333,
                    -53.310249999999996
                ]
            },
            "properties": {
                "C\u00f3digo Soporte": "20.379",
                "C\u00f3digo Elemento": "11.820",
                "Empresa": "MOVISTAR MOVIL",
                "Nombre Comercial Tecnolog\u00eda": "2G",
                "Direcci\u00f3n": "Predio Miramar s/n, sector Santa Mar\u00eda. Provincia Tierra del Fuego",
                "Localidad": "",
                "Comuna": "Porvenir",
                "Regi\u00f3n": "Regi\u00f3n de Magallanes y de la Ant\u00e1rtica Chilena",
                "Tipo Documento Autorizatorio": "DECRETO NOTIFICADO",
                "Nro. Documento": "89",
                "Fecha Documento": "22/02/2006",
                "Tipo Soporte": "Torre Auto Soportada",
                "Altura": "60",
                "Frecuencia": "1900",
                "Banda": "UHF",
                "Ancho Banda": "10000",
                "Tecnolog\u00eda": "GSM(2G)",
                "Tipo Acceso": "TDMA",
                "Latitud": "53\u00b0 18\u00b4 36.9\u00b4\u00b4",
                "Longitud": "70\u00b0 22\u00b4 37.95\u00b4\u00b4",
                "x": "-70,377",
                "y": "-53,31",
                "Latitud_Decimal": -53.310249999999996,
                "Longitud_Decimal": -70.37720833333333
            }
        },
        {
            "type": "Feature",
            "geometry": {
                "type": "Point",
                "coordinates": [
                    -71.04444444444444,
                    -53.157222222222224
                ]
            },
            "properties": {
                "C\u00f3digo Soporte": "17.493",
                "C\u00f3digo Elemento": "11.822",
                "Empresa": "MOVISTAR MOVIL",
                "Nombre Comercial Tecnolog\u00eda": "2G",
                "Direcci\u00f3n": "Cerro Mirador s/n, Club Andino",
                "Localidad": "",
                "Comuna": "Punta Arenas",
                "Regi\u00f3n": "Regi\u00f3n de Magallanes y de la Ant\u00e1rtica Chilena",
                "Tipo Documento Autorizatorio": "DECRETO NOTIFICADO",
                "Nro. Documento": "89",
                "Fecha Documento": "22/02/2006",
                "Tipo Soporte": "Torre Auto Soportada",
                "Altura": "42",
                "Frecuencia": "1900",
                "Banda": "UHF",
                "Ancho Banda": "10000",
                "Tecnolog\u00eda": "GSM(2G)",
                "Tipo Acceso": "TDMA",
                "Latitud": "53\u00b0 9\u00b4 26\u00b4\u00b4",
                "Longitud": "71\u00b0 2\u00b4 40\u00b4\u00b4",
                "x": "-71,044",
                "y": "-53,157",
                "Latitud_Decimal": -53.157222222222224,
                "Longitud_Decimal": -71.04444444444444
            }
        },
        {
            "type": "Feature",
            "geometry": {
                "type": "Point",
                "coordinates": [
                    -70.3778583,
                    -53.3101917
                ]
            },
            "properties": {
                "C\u00f3digo Soporte": "11.413",
                "C\u00f3digo Elemento": "440.785",
                "Empresa": "Claro Serv. Empresariales",
                "Nombre Comercial Tecnolog\u00eda": "4G",
                "Direcci\u00f3n": "Parcela A s/n",
                "Localidad": "",
                "Comuna": "Porvenir",
                "Regi\u00f3n": "Regi\u00f3n de Magallanes y de la Ant\u00e1rtica Chilena",
                "Tipo Documento Autorizatorio": "DECRETO NOTIFICADO",
                "Nro. Documento": "78",
                "Fecha Documento": "30/05/2013",
                "Tipo Soporte": "Torre Auto Soportada",
                "Altura": "60",
                "Frecuencia": "2600",
                "Banda": "UHF",
                "Ancho Banda": "40000",
                "Tecnolog\u00eda": "LTE(4G)",
                "Tipo Acceso": "FDD",
                "Latitud": "53\u00b0 18\u00b4 36.69012\u00b4\u00b4",
                "Longitud": "70\u00b0 22\u00b4 40.28988\u00b4\u00b4",
                "x": "-70,378",
                "y": "-53,31",
                "Latitud_Decimal": -53.3101917,
                "Longitud_Decimal": -70.3778583
            }
        },
        {
            "type": "Feature",
            "geometry": {
                "type": "Point",
                "coordinates": [
                    -70.94358333333334,
                    -53.11780556
                ]
            },
            "properties": {
                "C\u00f3digo Soporte": "11.436",
                "C\u00f3digo Elemento": "440.786",
                "Empresa": "Claro Serv. Empresariales",
                "Nombre Comercial Tecnolog\u00eda": "4G",
                "Direcci\u00f3n": "Prolongaci\u00f3n Calle Mardones s/n, Parcela 110, Sector Pampa Redonda",
                "Localidad": "",
                "Comuna": "Punta Arenas",
                "Regi\u00f3n": "Regi\u00f3n de Magallanes y de la Ant\u00e1rtica Chilena",
                "Tipo Documento Autorizatorio": "DECRETO NOTIFICADO",
                "Nro. Documento": "78",
                "Fecha Documento": "30/05/2013",
                "Tipo Soporte": "Torre Auto Soportada",
                "Altura": "36",
                "Frecuencia": "2600",
                "Banda": "UHF",
                "Ancho Banda": "40000",
                "Tecnolog\u00eda": "LTE(4G)",
                "Tipo Acceso": "FDD",
                "Latitud": "53\u00b0 7\u00b4 4.100016\u00b4\u00b4",
                "Longitud": "70\u00b0 56\u00b4 36.9\u00b4\u00b4",
                "x": "-70,944",
                "y": "-53,118",
                "Latitud_Decimal": -53.11780556,
                "Longitud_Decimal": -70.94358333333334
            }
        },
        {
            "type": "Feature",
            "geometry": {
                "type": "Point",
                "coordinates": [
                    -70.8914694,
                    -53.1554583
                ]
            },
            "properties": {
                "C\u00f3digo Soporte": "11.435",
                "C\u00f3digo Elemento": "450.976",
                "Empresa": "Claro Serv. Empresariales",
                "Nombre Comercial Tecnolog\u00eda": "4G",
                "Direcci\u00f3n": "R\u00f3mulo Correa",
                "Localidad": "",
                "Comuna": "Punta Arenas",
                "Regi\u00f3n": "Regi\u00f3n de Magallanes y de la Ant\u00e1rtica Chilena",
                "Tipo Documento Autorizatorio": "RESOLUCI\u00d3N MODIFICA CONCESI\u00d3N SERVICIOS P\u00daBLICOS NOTIFICADA",
                "Nro. Documento": "3062",
                "Fecha Documento": "12/08/2013",
                "Tipo Soporte": "Monoposte",
                "Altura": "24",
                "Frecuencia": "2600",
                "Banda": "UHF",
                "Ancho Banda": "40000",
                "Tecnolog\u00eda": "LTE(4G)",
                "Tipo Acceso": "FDD",
                "Latitud": "53\u00b0 9\u00b4 19.64988\u00b4\u00b4",
                "Longitud": "70\u00b0 53\u00b4 29.289839999999998\u00b4\u00b4",
                "x": "-70,891",
                "y": "-53,155",
                "Latitud_Decimal": -53.1554583,
                "Longitud_Decimal": -70.8914694
            }
        },
        {
            "type": "Feature",
            "geometry": {
                "type": "Point",
                "coordinates": [
                    -70.37802777777777,
                    -53.31044444444444
                ]
            },
            "properties": {
                "C\u00f3digo Soporte": "14.959",
                "C\u00f3digo Elemento": "456.640",
                "Empresa": "WILL",
                "Nombre Comercial Tecnolog\u00eda": "4G",
                "Direcci\u00f3n": "Predio Miramar s/n, Sector Santa Mar\u00eda",
                "Localidad": "",
                "Comuna": "Porvenir",
                "Regi\u00f3n": "Regi\u00f3n de Magallanes y de la Ant\u00e1rtica Chilena",
                "Tipo Documento Autorizatorio": "DECRETO NOTIFICADO",
                "Nro. Documento": "177",
                "Fecha Documento": "09/11/2012",
                "Tipo Soporte": "Torre Ventada",
                "Altura": "60",
                "Frecuencia": "2600",
                "Banda": "UHF",
                "Ancho Banda": "40000",
                "Tecnolog\u00eda": "LTE(4G)",
                "Tipo Acceso": "FDD",
                "Latitud": "53\u00b0 18\u00b4 37.6\u00b4\u00b4",
                "Longitud": "70\u00b0 22\u00b4 40.9\u00b4\u00b4",
                "x": "-70,378",
                "y": "-53,31",
                "Latitud_Decimal": -53.31044444444444,
                "Longitud_Decimal": -70.37802777777777
            }
        },
        {
            "type": "Feature",
            "geometry": {
                "type": "Point",
                "coordinates": [
                    -70.90378333333334,
                    -53.16361388888889
                ]
            },
            "properties": {
                "C\u00f3digo Soporte": "19.653",
                "C\u00f3digo Elemento": "491.473",
                "Empresa": "CLARO CHILE SPA.",
                "Nombre Comercial Tecnolog\u00eda": "4G",
                "Direcci\u00f3n": "Avenida O'Higgins 987",
                "Localidad": "",
                "Comuna": "Punta Arenas",
                "Regi\u00f3n": "Regi\u00f3n de Magallanes y de la Ant\u00e1rtica Chilena",
                "Tipo Documento Autorizatorio": "DECRETO EXENTO NOTIFICADO",
                "Nro. Documento": "516",
                "Fecha Documento": "28/07/2014",
                "Tipo Soporte": "Cielo Raso",
                "Altura": "3",
                "Frecuencia": "2600",
                "Banda": "UHF",
                "Ancho Banda": "40000",
                "Tecnolog\u00eda": "LTE(4G)",
                "Tipo Acceso": "FDD",
                "Latitud": "53\u00b0 9\u00b4 49.01\u00b4\u00b4",
                "Longitud": "70\u00b0 54\u00b4 13.620000000000001\u00b4\u00b4",
                "x": "-70,904",
                "y": "-53,164",
                "Latitud_Decimal": -53.16361388888889,
                "Longitud_Decimal": -70.90378333333334
            }
        },
        {
            "type": "Feature",
            "geometry": {
                "type": "Point",
                "coordinates": [
                    -70.42425,
                    -53.86872222
                ]
            },
            "properties": {
                "C\u00f3digo Soporte": "11.433",
                "C\u00f3digo Elemento": "530.184",
                "Empresa": "Claro Serv. Empresariales",
                "Nombre Comercial Tecnolog\u00eda": "4G",
                "Direcci\u00f3n": "Puerto Harris",
                "Localidad": "",
                "Comuna": "Punta Arenas",
                "Regi\u00f3n": "Regi\u00f3n de Magallanes y de la Ant\u00e1rtica Chilena",
                "Tipo Documento Autorizatorio": "DECRETO NOTIFICADO",
                "Nro. Documento": "65",
                "Fecha Documento": "21/04/2015",
                "Tipo Soporte": "Torre Auto Soportada",
                "Altura": "18",
                "Frecuencia": "700",
                "Banda": "UHF",
                "Ancho Banda": "20000",
                "Tecnolog\u00eda": "LTE(4G)",
                "Tipo Acceso": "FDD",
                "Latitud": "53\u00b0 52\u00b4 7.399991999999999\u00b4\u00b4",
                "Longitud": "70\u00b0 25\u00b4 27.3\u00b4\u00b4",
                "x": "-70,424",
                "y": "-53,869",
                "Latitud_Decimal": -53.86872222,
                "Longitud_Decimal": -70.42425
            }
        },
        {
            "type": "Feature",
            "geometry": {
                "type": "Point",
                "coordinates": [
                    -69.29083333333332,
                    -52.77472222222222
                ]
            },
            "properties": {
                "C\u00f3digo Soporte": "14.961",
                "C\u00f3digo Elemento": "530.874",
                "Empresa": "MOVISTAR MOVIL",
                "Nombre Comercial Tecnolog\u00eda": "4G",
                "Direcci\u00f3n": "Cerro Sombrero",
                "Localidad": "",
                "Comuna": "Primavera",
                "Regi\u00f3n": "Regi\u00f3n de Magallanes y de la Ant\u00e1rtica Chilena",
                "Tipo Documento Autorizatorio": "DECRETO EXENTO NOTIFICADO",
                "Nro. Documento": "72",
                "Fecha Documento": "09/02/2018",
                "Tipo Soporte": "Torre Ventada",
                "Altura": "42",
                "Frecuencia": "700",
                "Banda": "UHF",
                "Ancho Banda": "20000",
                "Tecnolog\u00eda": "LTE(4G)",
                "Tipo Acceso": "FDD",
                "Latitud": "52\u00b0 46\u00b4 29\u00b4\u00b4",
                "Longitud": "69\u00b0 17\u00b4 27\u00b4\u00b4",
                "x": "-69,291",
                "y": "-52,775",
                "Latitud_Decimal": -52.77472222222222,
                "Longitud_Decimal": -69.29083333333332
            }
        },
        {
            "type": "Feature",
            "geometry": {
                "type": "Point",
                "coordinates": [
                    -70.93194444444445,
                    -53.159444444444446
                ]
            },
            "properties": {
                "C\u00f3digo Soporte": "17.631",
                "C\u00f3digo Elemento": "580.988",
                "Empresa": "WILL",
                "Nombre Comercial Tecnolog\u00eda": "4G",
                "Direcci\u00f3n": "MARTINEZ DE ALDUNATE N\u00b01471 8va CIA BOMBEROS",
                "Localidad": "",
                "Comuna": "Punta Arenas",
                "Regi\u00f3n": "Regi\u00f3n de Magallanes y de la Ant\u00e1rtica Chilena",
                "Tipo Documento Autorizatorio": "RESOLUCI\u00d3N MODIFICA CONCESI\u00d3N SERVICIOS P\u00daBLICOS NOTIFICADA",
                "Nro. Documento": "1016",
                "Fecha Documento": "30/05/2018",
                "Tipo Soporte": "Torre Auto Soportada",
                "Altura": "36",
                "Frecuencia": "2600",
                "Banda": "UHF",
                "Ancho Banda": "40000",
                "Tecnolog\u00eda": "LTE(4G)",
                "Tipo Acceso": "WCDMA",
                "Latitud": "53\u00b0 9\u00b4 34\u00b4\u00b4",
                "Longitud": "70\u00b0 55\u00b4 55\u00b4\u00b4",
                "x": "-70,932",
                "y": "-53,159",
                "Latitud_Decimal": -53.159444444444446,
                "Longitud_Decimal": -70.93194444444445
            }
        },
        {
            "type": "Feature",
            "geometry": {
                "type": "Point",
                "coordinates": [
                    -70.94555555555556,
                    -53.19361111111111
                ]
            },
            "properties": {
                "C\u00f3digo Soporte": "24.338",
                "C\u00f3digo Elemento": "581.400",
                "Empresa": "Claro Serv. Empresariales",
                "Nombre Comercial Tecnolog\u00eda": "4G",
                "Direcci\u00f3n": "Camino a Fuerte Bulnes, Km. 4.5. Hijuela 31 A",
                "Localidad": "",
                "Comuna": "Punta Arenas",
                "Regi\u00f3n": "Regi\u00f3n de Magallanes y de la Ant\u00e1rtica Chilena",
                "Tipo Documento Autorizatorio": "RESOLUCI\u00d3N MODIFICA CONCESI\u00d3N SERVICIOS P\u00daBLICOS NOTIFICADA",
                "Nro. Documento": "1174",
                "Fecha Documento": "11/06/2018",
                "Tipo Soporte": "Torre Auto Soportada",
                "Altura": "60",
                "Frecuencia": "700",
                "Banda": "UHF",
                "Ancho Banda": "20000",
                "Tecnolog\u00eda": "LTE(4G)",
                "Tipo Acceso": "FDD",
                "Latitud": "53\u00b0 11\u00b4 37\u00b4\u00b4",
                "Longitud": "70\u00b0 56\u00b4 44\u00b4\u00b4",
                "x": "-70,946",
                "y": "-53,194",
                "Latitud_Decimal": -53.19361111111111,
                "Longitud_Decimal": -70.94555555555556
            }
        },
        {
            "type": "Feature",
            "geometry": {
                "type": "Point",
                "coordinates": [
                    -71.0409417,
                    -53.1569417
                ]
            },
            "properties": {
                "C\u00f3digo Soporte": "11.416",
                "C\u00f3digo Elemento": "586.659",
                "Empresa": "Claro Serv. Empresariales",
                "Nombre Comercial Tecnolog\u00eda": "4G",
                "Direcci\u00f3n": "Cerro Mirador S/N",
                "Localidad": "",
                "Comuna": "Punta Arenas",
                "Regi\u00f3n": "Regi\u00f3n de Magallanes y de la Ant\u00e1rtica Chilena",
                "Tipo Documento Autorizatorio": "RESOLUCI\u00d3N MODIFICA CONCESI\u00d3N SERVICIOS P\u00daBLICOS NOTIFICADA",
                "Nro. Documento": "244",
                "Fecha Documento": "03/02/2020",
                "Tipo Soporte": "Torre Auto Soportada",
                "Altura": "42",
                "Frecuencia": "700",
                "Banda": "UHF",
                "Ancho Banda": "20000",
                "Tecnolog\u00eda": "LTE(4G)",
                "Tipo Acceso": "FDD",
                "Latitud": "53\u00b0 9\u00b4 24.990119999999997\u00b4\u00b4",
                "Longitud": "71\u00b0 2\u00b4 27.39012\u00b4\u00b4",
                "x": "-71,041",
                "y": "-53,157",
                "Latitud_Decimal": -53.1569417,
                "Longitud_Decimal": -71.0409417
            }
        },
        {
            "type": "Feature",
            "geometry": {
                "type": "Point",
                "coordinates": [
                    -67.60944444444443,
                    -54.93805555555555
                ]
            },
            "properties": {
                "C\u00f3digo Soporte": "14.957",
                "C\u00f3digo Elemento": "613.751",
                "Empresa": "WILL",
                "Nombre Comercial Tecnolog\u00eda": "4G",
                "Direcci\u00f3n": "Calle V\u00eda Dos s/n, (Capdeville), Puerto Williams",
                "Localidad": "",
                "Comuna": "CABO DE HORNOS",
                "Regi\u00f3n": "Regi\u00f3n de Magallanes y de la Ant\u00e1rtica Chilena",
                "Tipo Documento Autorizatorio": "RESOLUCI\u00d3N MODIFICA CONCESI\u00d3N SERVICIOS P\u00daBLICOS NOTIFICADA",
                "Nro. Documento": "2053",
                "Fecha Documento": "02/11/2020",
                "Tipo Soporte": "Torre Ventada",
                "Altura": "48",
                "Frecuencia": "700",
                "Banda": "UHF",
                "Ancho Banda": "40000",
                "Tecnolog\u00eda": "LTE(4G)",
                "Tipo Acceso": "FDD",
                "Latitud": "54\u00b0 56\u00b4 17\u00b4\u00b4",
                "Longitud": "67\u00b0 36\u00b4 34\u00b4\u00b4",
                "x": "-67,609",
                "y": "-54,938",
                "Latitud_Decimal": -54.93805555555555,
                "Longitud_Decimal": -67.60944444444443
            }
        },
        {
            "type": "Feature",
            "geometry": {
                "type": "Point",
                "coordinates": [
                    -70.86944444444444,
                    -53.12583333333333
                ]
            },
            "properties": {
                "C\u00f3digo Soporte": "14.917",
                "C\u00f3digo Elemento": "618.294",
                "Empresa": "WILL",
                "Nombre Comercial Tecnolog\u00eda": "4G",
                "Direcci\u00f3n": "Av.Bulnes N\u00b004800",
                "Localidad": "",
                "Comuna": "Punta Arenas",
                "Regi\u00f3n": "Regi\u00f3n de Magallanes y de la Ant\u00e1rtica Chilena",
                "Tipo Documento Autorizatorio": "RESOLUCI\u00d3N MODIFICA CONCESI\u00d3N SERVICIOS P\u00daBLICOS NOTIFICADA",
                "Nro. Documento": "1686",
                "Fecha Documento": "31/08/2021",
                "Tipo Soporte": "Monoposte",
                "Altura": "36",
                "Frecuencia": "700",
                "Banda": "UHF",
                "Ancho Banda": "40000",
                "Tecnolog\u00eda": "LTE(4G)",
                "Tipo Acceso": "FDD",
                "Latitud": "53\u00b0 7\u00b4 33\u00b4\u00b4",
                "Longitud": "70\u00b0 52\u00b4 10\u00b4\u00b4",
                "x": "-70,869",
                "y": "-53,126",
                "Latitud_Decimal": -53.12583333333333,
                "Longitud_Decimal": -70.86944444444444
            }
        },
        {
            "type": "Feature",
            "geometry": {
                "type": "Point",
                "coordinates": [
                    -72.19555555555556,
                    -51.79749722222222
                ]
            },
            "properties": {
                "C\u00f3digo Soporte": "19.920",
                "C\u00f3digo Elemento": "628.600",
                "Empresa": "ENTEL TELEFONIA LOCAL S.A.",
                "Nombre Comercial Tecnolog\u00eda": "5G",
                "Direcci\u00f3n": "LOTE 1 RIO TRANQUILO, COMUNA DE NATALES, REGI\u00d3N DE MAGALLANES Y DE LA ANT\u00c1RTICA CHILENA",
                "Localidad": "",
                "Comuna": "Natales",
                "Regi\u00f3n": "Regi\u00f3n de Magallanes y de la Ant\u00e1rtica Chilena",
                "Tipo Documento Autorizatorio": "DECRETO NOTIFICADO",
                "Nro. Documento": "76",
                "Fecha Documento": "24/05/2021",
                "Tipo Soporte": "Monoposte",
                "Altura": "0",
                "Frecuencia": "3500",
                "Banda": "SHF",
                "Ancho Banda": "50000",
                "Tecnolog\u00eda": "5G(5G)",
                "Tipo Acceso": "OFDMA",
                "Latitud": "51\u00b0 47\u00b4 50.99\u00b4\u00b4",
                "Longitud": "72\u00b0 11\u00b4 44\u00b4\u00b4",
                "x": "-72,196",
                "y": "-51,797",
                "Latitud_Decimal": -51.79749722222222,
                "Longitud_Decimal": -72.19555555555556
            }
        },
        {
            "type": "Feature",
            "geometry": {
                "type": "Point",
                "coordinates": [
                    -70.9293888888889,
                    -53.14325
                ]
            },
            "properties": {
                "C\u00f3digo Soporte": "21.206",
                "C\u00f3digo Elemento": "630.154",
                "Empresa": "Wom",
                "Nombre Comercial Tecnolog\u00eda": "5G",
                "Direcci\u00f3n": "Parcela n\u00b0 10B Calle prolongaci\u00f3n General Estanislao del Canto, Punta Arenas, Magallanes Y La Ant\u00e1rtica Chilena",
                "Localidad": "",
                "Comuna": "Punta Arenas",
                "Regi\u00f3n": "Regi\u00f3n de Magallanes y de la Ant\u00e1rtica Chilena",
                "Tipo Documento Autorizatorio": "DECRETO NOTIFICADO",
                "Nro. Documento": "78",
                "Fecha Documento": "24/05/2021",
                "Tipo Soporte": "Monoposte",
                "Altura": "26",
                "Frecuencia": "3500",
                "Banda": "SHF",
                "Ancho Banda": "50000",
                "Tecnolog\u00eda": "5G(5G)",
                "Tipo Acceso": "OFDMA",
                "Latitud": "53\u00b0 8\u00b4 35.7\u00b4\u00b4",
                "Longitud": "70\u00b0 55\u00b4 45.800000000000004\u00b4\u00b4",
                "x": "-70,929",
                "y": "-53,143",
                "Latitud_Decimal": -53.14325,
                "Longitud_Decimal": -70.9293888888889
            }
        },
        {
            "type": "Feature",
            "geometry": {
                "type": "Point",
                "coordinates": [
                    -70.94583333333334,
                    -53.19361111111111
                ]
            },
            "properties": {
                "C\u00f3digo Soporte": "14.914",
                "C\u00f3digo Elemento": "633.227",
                "Empresa": "WILL",
                "Nombre Comercial Tecnolog\u00eda": "3G/5G",
                "Direcci\u00f3n": "Km  4,5  Sur  R\u00edo\nLos Ciervos",
                "Localidad": "",
                "Comuna": "Punta Arenas",
                "Regi\u00f3n": "Regi\u00f3n de Magallanes y de la Ant\u00e1rtica Chilena",
                "Tipo Documento Autorizatorio": "RESOLUCI\u00d3N MODIFICA CONCESI\u00d3N SERVICIOS P\u00daBLICOS NOTIFICADA",
                "Nro. Documento": "526",
                "Fecha Documento": "01/03/2022",
                "Tipo Soporte": "Torre Ventada",
                "Altura": "60",
                "Frecuencia": "700",
                "Banda": "UHF",
                "Ancho Banda": "15000",
                "Tecnolog\u00eda": "UMTS(3G)/LTE Advanced Pro(5G)",
                "Tipo Acceso": "OFDMA",
                "Latitud": "53\u00b0 11\u00b4 37\u00b4\u00b4",
                "Longitud": "70\u00b0 56\u00b4 45\u00b4\u00b4",
                "x": "-70,946",
                "y": "-53,194",
                "Latitud_Decimal": -53.19361111111111,
                "Longitud_Decimal": -70.94583333333334
            }
        },
        {
            "type": "Feature",
            "geometry": {
                "type": "Point",
                "coordinates": [
                    -70.88861111111112,
                    -53.13777777777778
                ]
            },
            "properties": {
                "C\u00f3digo Soporte": "14.911",
                "C\u00f3digo Elemento": "633.228",
                "Empresa": "WILL",
                "Nombre Comercial Tecnolog\u00eda": "3G/5G",
                "Direcci\u00f3n": "Avenida   Espa\u00f1a s/n",
                "Localidad": "",
                "Comuna": "Punta Arenas",
                "Regi\u00f3n": "Regi\u00f3n de Magallanes y de la Ant\u00e1rtica Chilena",
                "Tipo Documento Autorizatorio": "RESOLUCI\u00d3N MODIFICA CONCESI\u00d3N SERVICIOS P\u00daBLICOS NOTIFICADA",
                "Nro. Documento": "526",
                "Fecha Documento": "01/03/2022",
                "Tipo Soporte": "Torre Auto Soportada",
                "Altura": "36",
                "Frecuencia": "700",
                "Banda": "UHF",
                "Ancho Banda": "15000",
                "Tecnolog\u00eda": "UMTS(3G)/LTE Advanced Pro(5G)",
                "Tipo Acceso": "OFDMA",
                "Latitud": "53\u00b0 8\u00b4 16\u00b4\u00b4",
                "Longitud": "70\u00b0 53\u00b4 19\u00b4\u00b4",
                "x": "-70,889",
                "y": "-53,138",
                "Latitud_Decimal": -53.13777777777778,
                "Longitud_Decimal": -70.88861111111112
            }
        },
        {
            "type": "Feature",
            "geometry": {
                "type": "Point",
                "coordinates": [
                    -70.91407500000001,
                    -53.158563888888885
                ]
            },
            "properties": {
                "C\u00f3digo Soporte": "20.205",
                "C\u00f3digo Elemento": "633.229",
                "Empresa": "WILL",
                "Nombre Comercial Tecnolog\u00eda": "3G/5G",
                "Direcci\u00f3n": "Jos\u00e9   Menendez\nN\u00b0 131",
                "Localidad": "",
                "Comuna": "Punta Arenas",
                "Regi\u00f3n": "Regi\u00f3n de Magallanes y de la Ant\u00e1rtica Chilena",
                "Tipo Documento Autorizatorio": "RESOLUCI\u00d3N MODIFICA CONCESI\u00d3N SERVICIOS P\u00daBLICOS NOTIFICADA",
                "Nro. Documento": "526",
                "Fecha Documento": "01/03/2022",
                "Tipo Soporte": "Torre Auto Soportada",
                "Altura": "21",
                "Frecuencia": "700",
                "Banda": "UHF",
                "Ancho Banda": "15000",
                "Tecnolog\u00eda": "UMTS(3G)/LTE Advanced Pro(5G)",
                "Tipo Acceso": "OFDMA",
                "Latitud": "53\u00b0 9\u00b4 30.830000000000002\u00b4\u00b4",
                "Longitud": "70\u00b0 54\u00b4 50.67\u00b4\u00b4",
                "x": "-70,914",
                "y": "-53,159",
                "Latitud_Decimal": -53.158563888888885,
                "Longitud_Decimal": -70.91407500000001
            }
        },
        {
            "type": "Feature",
            "geometry": {
                "type": "Point",
                "coordinates": [
                    -70.94583333333334,
                    -53.19361111111111
                ]
            },
            "properties": {
                "C\u00f3digo Soporte": "14.914",
                "C\u00f3digo Elemento": "634.571",
                "Empresa": "WILL",
                "Nombre Comercial Tecnolog\u00eda": "4G",
                "Direcci\u00f3n": "Km 4,5 Sur Rio Los Ciervos",
                "Localidad": "",
                "Comuna": "Punta Arenas",
                "Regi\u00f3n": "Regi\u00f3n de Magallanes y de la Ant\u00e1rtica Chilena",
                "Tipo Documento Autorizatorio": "RESOLUCI\u00d3N MODIFICA CONCESI\u00d3N SERVICIOS P\u00daBLICOS NOTIFICADA",
                "Nro. Documento": "745",
                "Fecha Documento": "18/03/2022",
                "Tipo Soporte": "Torre Ventada",
                "Altura": "60",
                "Frecuencia": "2600",
                "Banda": "UHF",
                "Ancho Banda": "40000",
                "Tecnolog\u00eda": "LTE(4G)",
                "Tipo Acceso": "OFDMA",
                "Latitud": "53\u00b0 11\u00b4 37\u00b4\u00b4",
                "Longitud": "70\u00b0 56\u00b4 45\u00b4\u00b4",
                "x": "-70,946",
                "y": "-53,194",
                "Latitud_Decimal": -53.19361111111111,
                "Longitud_Decimal": -70.94583333333334
            }
        },
        {
            "type": "Feature",
            "geometry": {
                "type": "Point",
                "coordinates": [
                    -70.89594444444445,
                    -53.122083333333336
                ]
            },
            "properties": {
                "C\u00f3digo Soporte": "29.478",
                "C\u00f3digo Elemento": "637.849",
                "Empresa": "TELEF\u00d3NICA M\u00d3VILES CHILE S.A.",
                "Nombre Comercial Tecnolog\u00eda": "4G",
                "Direcci\u00f3n": "LOS FLAMENCOS ESQUINA EDUARDO FREI MONTALVA",
                "Localidad": "",
                "Comuna": "Punta Arenas",
                "Regi\u00f3n": "Regi\u00f3n de Magallanes y de la Ant\u00e1rtica Chilena",
                "Tipo Documento Autorizatorio": "RESOLUCI\u00d3N MODIFICA CONCESI\u00d3N SERVICIOS P\u00daBLICOS NOTIFICADA",
                "Nro. Documento": "1669",
                "Fecha Documento": "27/05/2022",
                "Tipo Soporte": "Azotea",
                "Altura": "0",
                "Frecuencia": "2600",
                "Banda": "UHF",
                "Ancho Banda": "20000",
                "Tecnolog\u00eda": "LTE(4G)",
                "Tipo Acceso": "OFDMA",
                "Latitud": "53\u00b0 7\u00b4 19.5\u00b4\u00b4",
                "Longitud": "70\u00b0 53\u00b4 45.4\u00b4\u00b4",
                "x": "-70,896",
                "y": "-53,122",
                "Latitud_Decimal": -53.122083333333336,
                "Longitud_Decimal": -70.89594444444445
            }
        },
        {
            "type": "Feature",
            "geometry": {
                "type": "Point",
                "coordinates": [
                    -69.32277777777777,
                    -52.911944444444444
                ]
            },
            "properties": {
                "C\u00f3digo Soporte": "19.890",
                "C\u00f3digo Elemento": "653.696",
                "Empresa": "TELEF\u00d3NICA M\u00d3VILES CHILE S.A.",
                "Nombre Comercial Tecnolog\u00eda": "5G",
                "Direcci\u00f3n": "ESTANCIA CHILLANEJA RUTA CERRO SOMBRERO ONAISI",
                "Localidad": "",
                "Comuna": "Primavera",
                "Regi\u00f3n": "Regi\u00f3n de Magallanes y de la Ant\u00e1rtica Chilena",
                "Tipo Documento Autorizatorio": "RESOLUCI\u00d3N MODIFICA CONCESI\u00d3N SERVICIOS P\u00daBLICOS NOTIFICADA",
                "Nro. Documento": "420",
                "Fecha Documento": "03/03/2023",
                "Tipo Soporte": "Torre Ventada",
                "Altura": "30",
                "Frecuencia": "3500",
                "Banda": "UHF",
                "Ancho Banda": "50000",
                "Tecnolog\u00eda": "5G(5G)",
                "Tipo Acceso": "OFDMA",
                "Latitud": "52\u00b0 54\u00b4 43\u00b4\u00b4",
                "Longitud": "69\u00b0 19\u00b4 22\u00b4\u00b4",
                "x": "-69,323",
                "y": "-52,912",
                "Latitud_Decimal": -52.911944444444444,
                "Longitud_Decimal": -69.32277777777777
            }
        },
        {
            "type": "Feature",
            "geometry": {
                "type": "Point",
                "coordinates": [
                    -68.66055555555556,
                    -53.322500000000005
                ]
            },
            "properties": {
                "C\u00f3digo Soporte": "32.549",
                "C\u00f3digo Elemento": "656.993",
                "Empresa": "TELEF\u00d3NICA M\u00d3VILES CHILE S.A.",
                "Nombre Comercial Tecnolog\u00eda": "4G",
                "Direcci\u00f3n": "Lote Fiscal N\u00b0 7 (Calle S/N a 3 Kms del paso fronterizo San Sebastian)",
                "Localidad": "",
                "Comuna": "Porvenir",
                "Regi\u00f3n": "Regi\u00f3n de Magallanes y de la Ant\u00e1rtica Chilena",
                "Tipo Documento Autorizatorio": "RESOLUCI\u00d3N MODIFICA CONCESI\u00d3N SERVICIOS P\u00daBLICOS NOTIFICADA",
                "Nro. Documento": "1240",
                "Fecha Documento": "02/06/2023",
                "Tipo Soporte": "Torre Ventada",
                "Altura": "42",
                "Frecuencia": "700",
                "Banda": "UHF",
                "Ancho Banda": "20000",
                "Tecnolog\u00eda": "LTE(4G)",
                "Tipo Acceso": "OFDMA",
                "Latitud": "53\u00b0 19\u00b4 21\u00b4\u00b4",
                "Longitud": "68\u00b0 39\u00b4 38\u00b4\u00b4",
                "x": "-68,661",
                "y": "-53,322",
                "Latitud_Decimal": -53.322500000000005,
                "Longitud_Decimal": -68.66055555555556
            }
        },
        {
            "type": "Feature",
            "geometry": {
                "type": "Point",
                "coordinates": [
                    -70.903,
                    -53.152277777777776
                ]
            },
            "properties": {
                "C\u00f3digo Soporte": "24.743",
                "C\u00f3digo Elemento": "680.640",
                "Empresa": "CLARO CHILE SPA.",
                "Nombre Comercial Tecnolog\u00eda": "5G",
                "Direcci\u00f3n": "Armando Sanhueza N\u00b0 114",
                "Localidad": "",
                "Comuna": "Punta Arenas",
                "Regi\u00f3n": "Regi\u00f3n de Magallanes y de la Ant\u00e1rtica Chilena",
                "Tipo Documento Autorizatorio": "DECRETO NOTIFICADO",
                "Nro. Documento": "214",
                "Fecha Documento": "26/11/2024",
                "Tipo Soporte": "Torre Auto Soportada",
                "Altura": "30",
                "Frecuencia": "3500",
                "Banda": "SHF",
                "Ancho Banda": "50000",
                "Tecnolog\u00eda": "5G(5G)",
                "Tipo Acceso": "",
                "Latitud": "53\u00b0 9\u00b4 8.2\u00b4\u00b4",
                "Longitud": "70\u00b0 54\u00b4 10.8\u00b4\u00b4",
                "x": "-70,903",
                "y": "-53,152",
                "Latitud_Decimal": -53.152277777777776,
                "Longitud_Decimal": -70.903
            }
        },
        {
            "type": "Feature",
            "geometry": {
                "type": "Point",
                "coordinates": [
                    -70.94622222222223,
                    -53.194055559999995
                ]
            },
            "properties": {
                "C\u00f3digo Soporte": "11.427",
                "C\u00f3digo Elemento": "681.522",
                "Empresa": "CLARO CHILE SPA.",
                "Nombre Comercial Tecnolog\u00eda": "5G",
                "Direcci\u00f3n": "Camino a Fuerte Bulnes, Km. 4.5. Hijuela 31 A",
                "Localidad": "",
                "Comuna": "Punta Arenas",
                "Regi\u00f3n": "Regi\u00f3n de Magallanes y de la Ant\u00e1rtica Chilena",
                "Tipo Documento Autorizatorio": "DECRETO NOTIFICADO",
                "Nro. Documento": "214",
                "Fecha Documento": "26/11/2024",
                "Tipo Soporte": "Torre Auto Soportada",
                "Altura": "60",
                "Frecuencia": "3500",
                "Banda": "SHF",
                "Ancho Banda": "50000",
                "Tecnolog\u00eda": "5G(5G)",
                "Tipo Acceso": "",
                "Latitud": "53\u00b0 11\u00b4 38.600016\u00b4\u00b4",
                "Longitud": "70\u00b0 56\u00b4 46.4\u00b4\u00b4",
                "x": "-70,946",
                "y": "-53,194",
                "Latitud_Decimal": -53.194055559999995,
                "Longitud_Decimal": -70.94622222222223
            }
        },
        {
            "type": "Feature",
            "geometry": {
                "type": "Point",
                "coordinates": [
                    -69.29083333333332,
                    -52.77472222222222
                ]
            },
            "properties": {
                "C\u00f3digo Soporte": "14.961",
                "C\u00f3digo Elemento": "11.818",
                "Empresa": "MOVISTAR MOVIL",
                "Nombre Comercial Tecnolog\u00eda": "2G",
                "Direcci\u00f3n": "Ruta 257 Km 211,5; Sitio 11 - Manzana H. Cerro Sombrero",
                "Localidad": "",
                "Comuna": "Primavera",
                "Regi\u00f3n": "Regi\u00f3n de Magallanes y de la Ant\u00e1rtica Chilena",
                "Tipo Documento Autorizatorio": "DECRETO NOTIFICADO",
                "Nro. Documento": "89",
                "Fecha Documento": "22/02/2006",
                "Tipo Soporte": "Torre Ventada",
                "Altura": "42",
                "Frecuencia": "1900",
                "Banda": "UHF",
                "Ancho Banda": "10000",
                "Tecnolog\u00eda": "GSM(2G)",
                "Tipo Acceso": "TDMA",
                "Latitud": "52\u00b0 46\u00b4 29\u00b4\u00b4",
                "Longitud": "69\u00b0 17\u00b4 27\u00b4\u00b4",
                "x": "-69,291",
                "y": "-52,775",
                "Latitud_Decimal": -52.77472222222222,
                "Longitud_Decimal": -69.29083333333332
            }
        },
        {
            "type": "Feature",
            "geometry": {
                "type": "Point",
                "coordinates": [
                    -71.45777777777778,
                    -52.647777777777776
                ]
            },
            "properties": {
                "C\u00f3digo Soporte": "18.004",
                "C\u00f3digo Elemento": "32.048",
                "Empresa": "MOVISTAR MOVIL",
                "Nombre Comercial Tecnolog\u00eda": "2G",
                "Direcci\u00f3n": "Estancia Las Charas",
                "Localidad": "",
                "Comuna": "R\u00edo Verde",
                "Regi\u00f3n": "Regi\u00f3n de Magallanes y de la Ant\u00e1rtica Chilena",
                "Tipo Documento Autorizatorio": "DECRETO NOTIFICADO",
                "Nro. Documento": "971",
                "Fecha Documento": "18/10/2007",
                "Tipo Soporte": "Torre Auto Soportada",
                "Altura": "54",
                "Frecuencia": "1900",
                "Banda": "UHF",
                "Ancho Banda": "20000",
                "Tecnolog\u00eda": "GSM(2G)",
                "Tipo Acceso": "TDMA",
                "Latitud": "52\u00b0 38\u00b4 52\u00b4\u00b4",
                "Longitud": "71\u00b0 27\u00b4 28\u00b4\u00b4",
                "x": "-71,458",
                "y": "-52,648",
                "Latitud_Decimal": -52.647777777777776,
                "Longitud_Decimal": -71.45777777777778
            }
        },
        {
            "type": "Feature",
            "geometry": {
                "type": "Point",
                "coordinates": [
                    -68.66055555555556,
                    -53.322500000000005
                ]
            },
            "properties": {
                "C\u00f3digo Soporte": "32.549",
                "C\u00f3digo Elemento": "424.435",
                "Empresa": "ENTEL PCS",
                "Nombre Comercial Tecnolog\u00eda": "2G",
                "Direcci\u00f3n": "Lote Fiscal N\u00b07",
                "Localidad": "",
                "Comuna": "Porvenir",
                "Regi\u00f3n": "Regi\u00f3n de Magallanes y de la Ant\u00e1rtica Chilena",
                "Tipo Documento Autorizatorio": "DECRETO EXENTO NOTIFICADO",
                "Nro. Documento": "801",
                "Fecha Documento": "31/12/2013",
                "Tipo Soporte": "Torre Ventada",
                "Altura": "42",
                "Frecuencia": "1900",
                "Banda": "UHF",
                "Ancho Banda": "60000",
                "Tecnolog\u00eda": "GSM(2G)",
                "Tipo Acceso": "TDMA",
                "Latitud": "53\u00b0 19\u00b4 21\u00b4\u00b4",
                "Longitud": "68\u00b0 39\u00b4 38\u00b4\u00b4",
                "x": "-68,661",
                "y": "-53,322",
                "Latitud_Decimal": -53.322500000000005,
                "Longitud_Decimal": -68.66055555555556
            }
        },
        {
            "type": "Feature",
            "geometry": {
                "type": "Point",
                "coordinates": [
                    -69.7542472,
                    -52.3825
                ]
            },
            "properties": {
                "C\u00f3digo Soporte": "11.417",
                "C\u00f3digo Elemento": "440.788",
                "Empresa": "Claro Serv. Empresariales",
                "Nombre Comercial Tecnolog\u00eda": "4G",
                "Direcci\u00f3n": "Ruta CH-255, Km 105, s/n",
                "Localidad": "",
                "Comuna": "San Gregorio",
                "Regi\u00f3n": "Regi\u00f3n de Magallanes y de la Ant\u00e1rtica Chilena",
                "Tipo Documento Autorizatorio": "DECRETO NOTIFICADO",
                "Nro. Documento": "78",
                "Fecha Documento": "30/05/2013",
                "Tipo Soporte": "Torre Auto Soportada",
                "Altura": "36",
                "Frecuencia": "2600",
                "Banda": "UHF",
                "Ancho Banda": "40000",
                "Tecnolog\u00eda": "LTE(4G)",
                "Tipo Acceso": "FDD",
                "Latitud": "52\u00b0 22\u00b4 57\u00b4\u00b4",
                "Longitud": "69\u00b0 45\u00b4 15.289919999999999\u00b4\u00b4",
                "x": "-69,754",
                "y": "-52,382",
                "Latitud_Decimal": -52.3825,
                "Longitud_Decimal": -69.7542472
            }
        },
        {
            "type": "Feature",
            "geometry": {
                "type": "Point",
                "coordinates": [
                    -70.8234167,
                    -53.0100556
                ]
            },
            "properties": {
                "C\u00f3digo Soporte": "11.412",
                "C\u00f3digo Elemento": "470.492",
                "Empresa": "Claro Serv. Empresariales",
                "Nombre Comercial Tecnolog\u00eda": "4G",
                "Direcci\u00f3n": "Hijuela Chacabunco,",
                "Localidad": "",
                "Comuna": "Punta Arenas",
                "Regi\u00f3n": "Regi\u00f3n de Magallanes y de la Ant\u00e1rtica Chilena",
                "Tipo Documento Autorizatorio": "RESOLUCI\u00d3N MODIFICA CONCESI\u00d3N SERVICIOS P\u00daBLICOS NOTIFICADA",
                "Nro. Documento": "4131",
                "Fecha Documento": "25/10/2013",
                "Tipo Soporte": "Torre Auto Soportada",
                "Altura": "33",
                "Frecuencia": "2600",
                "Banda": "UHF",
                "Ancho Banda": "40000",
                "Tecnolog\u00eda": "LTE(4G)",
                "Tipo Acceso": "FDD",
                "Latitud": "53\u00b0 0\u00b4 36.20016\u00b4\u00b4",
                "Longitud": "70\u00b0 49\u00b4 24.30012\u00b4\u00b4",
                "x": "-70,823",
                "y": "-53,01",
                "Latitud_Decimal": -53.0100556,
                "Longitud_Decimal": -70.8234167
            }
        },
        {
            "type": "Feature",
            "geometry": {
                "type": "Point",
                "coordinates": [
                    -70.34805555555555,
                    -52.56063888888889
                ]
            },
            "properties": {
                "C\u00f3digo Soporte": "26.281",
                "C\u00f3digo Elemento": "516.322",
                "Empresa": "MOVISTAR MOVIL",
                "Nombre Comercial Tecnolog\u00eda": "3G",
                "Direcci\u00f3n": "App 3 kms al sureste de San Gregorio.",
                "Localidad": "",
                "Comuna": "San Gregorio",
                "Regi\u00f3n": "Regi\u00f3n de Magallanes y de la Ant\u00e1rtica Chilena",
                "Tipo Documento Autorizatorio": "RES. NOTIFICADA",
                "Nro. Documento": "2543",
                "Fecha Documento": "18/03/2015",
                "Tipo Soporte": "Torre Ventada",
                "Altura": "1",
                "Frecuencia": "850",
                "Banda": "UHF",
                "Ancho Banda": "25000",
                "Tecnolog\u00eda": "UMTS(3G)",
                "Tipo Acceso": "WCDMA",
                "Latitud": "52\u00b0 33\u00b4 38.300000000000004\u00b4\u00b4",
                "Longitud": "70\u00b0 20\u00b4 53\u00b4\u00b4",
                "x": "-70,348",
                "y": "-52,561",
                "Latitud_Decimal": -52.56063888888889,
                "Longitud_Decimal": -70.34805555555555
            }
        },
        {
            "type": "Feature",
            "geometry": {
                "type": "Point",
                "coordinates": [
                    -71.45777777777778,
                    -52.647777777777776
                ]
            },
            "properties": {
                "C\u00f3digo Soporte": "18.004",
                "C\u00f3digo Elemento": "530.882",
                "Empresa": "MOVISTAR MOVIL",
                "Nombre Comercial Tecnolog\u00eda": "4G",
                "Direcci\u00f3n": "Estancia Las Charas",
                "Localidad": "",
                "Comuna": "R\u00edo Verde",
                "Regi\u00f3n": "Regi\u00f3n de Magallanes y de la Ant\u00e1rtica Chilena",
                "Tipo Documento Autorizatorio": "DECRETO NOTIFICADO",
                "Nro. Documento": "71",
                "Fecha Documento": "06/05/2015",
                "Tipo Soporte": "Torre Auto Soportada",
                "Altura": "54",
                "Frecuencia": "700",
                "Banda": "UHF",
                "Ancho Banda": "20000",
                "Tecnolog\u00eda": "LTE(4G)",
                "Tipo Acceso": "FDD",
                "Latitud": "52\u00b0 38\u00b4 52\u00b4\u00b4",
                "Longitud": "71\u00b0 27\u00b4 28\u00b4\u00b4",
                "x": "-71,458",
                "y": "-52,648",
                "Latitud_Decimal": -52.647777777777776,
                "Longitud_Decimal": -71.45777777777778
            }
        },
        {
            "type": "Feature",
            "geometry": {
                "type": "Point",
                "coordinates": [
                    -70.93527777777778,
                    -53.150555555555556
                ]
            },
            "properties": {
                "C\u00f3digo Soporte": "23.811",
                "C\u00f3digo Elemento": "581.820",
                "Empresa": "CLARO CHILE SPA.",
                "Nombre Comercial Tecnolog\u00eda": "4G",
                "Direcci\u00f3n": "Ignacio Carrera Pinto N\u00b00760",
                "Localidad": "",
                "Comuna": "Punta Arenas",
                "Regi\u00f3n": "Regi\u00f3n de Magallanes y de la Ant\u00e1rtica Chilena",
                "Tipo Documento Autorizatorio": "RESOLUCI\u00d3N MODIFICA CONCESI\u00d3N SERVICIOS P\u00daBLICOS NOTIFICADA",
                "Nro. Documento": "1096",
                "Fecha Documento": "04/06/2018",
                "Tipo Soporte": "Torre Auto Soportada",
                "Altura": "30",
                "Frecuencia": "2600",
                "Banda": "UHF",
                "Ancho Banda": "40000",
                "Tecnolog\u00eda": "LTE(4G)",
                "Tipo Acceso": "FDD",
                "Latitud": "53\u00b0 9\u00b4 2\u00b4\u00b4",
                "Longitud": "70\u00b0 56\u00b4 7\u00b4\u00b4",
                "x": "-70,935",
                "y": "-53,151",
                "Latitud_Decimal": -53.150555555555556,
                "Longitud_Decimal": -70.93527777777778
            }
        },
        {
            "type": "Feature",
            "geometry": {
                "type": "Point",
                "coordinates": [
                    -69.295,
                    -52.776580599999996
                ]
            },
            "properties": {
                "C\u00f3digo Soporte": "11.419",
                "C\u00f3digo Elemento": "586.271",
                "Empresa": "Claro Serv. Empresariales",
                "Nombre Comercial Tecnolog\u00eda": "4G",
                "Direcci\u00f3n": "Sitio 27,  Manzana A S/N",
                "Localidad": "",
                "Comuna": "Primavera",
                "Regi\u00f3n": "Regi\u00f3n de Magallanes y de la Ant\u00e1rtica Chilena",
                "Tipo Documento Autorizatorio": "RESOLUCI\u00d3N MODIFICA CONCESI\u00d3N SERVICIOS P\u00daBLICOS NOTIFICADA",
                "Nro. Documento": "1447",
                "Fecha Documento": "24/08/2020",
                "Tipo Soporte": "Torre Auto Soportada",
                "Altura": "60",
                "Frecuencia": "700",
                "Banda": "UHF",
                "Ancho Banda": "20000",
                "Tecnolog\u00eda": "LTE(4G)",
                "Tipo Acceso": "FDD",
                "Latitud": "52\u00b0 46\u00b4 35.69016\u00b4\u00b4",
                "Longitud": "69\u00b0 17\u00b4 42\u00b4\u00b4",
                "x": "-69,295",
                "y": "-52,777",
                "Latitud_Decimal": -52.776580599999996,
                "Longitud_Decimal": -69.295
            }
        },
        {
            "type": "Feature",
            "geometry": {
                "type": "Point",
                "coordinates": [
                    -70.9124694,
                    -53.1666083
                ]
            },
            "properties": {
                "C\u00f3digo Soporte": "11.418",
                "C\u00f3digo Elemento": "586.660",
                "Empresa": "Claro Serv. Empresariales",
                "Nombre Comercial Tecnolog\u00eda": "4G",
                "Direcci\u00f3n": "Boliviana N\u00b0738",
                "Localidad": "",
                "Comuna": "Punta Arenas",
                "Regi\u00f3n": "Regi\u00f3n de Magallanes y de la Ant\u00e1rtica Chilena",
                "Tipo Documento Autorizatorio": "RESOLUCI\u00d3N MODIFICA CONCESI\u00d3N SERVICIOS P\u00daBLICOS NOTIFICADA",
                "Nro. Documento": "244",
                "Fecha Documento": "03/02/2020",
                "Tipo Soporte": "Monoposte",
                "Altura": "30",
                "Frecuencia": "700",
                "Banda": "UHF",
                "Ancho Banda": "20000",
                "Tecnolog\u00eda": "LTE(4G)",
                "Tipo Acceso": "FDD",
                "Latitud": "53\u00b0 9\u00b4 59.78988\u00b4\u00b4",
                "Longitud": "70\u00b0 54\u00b4 44.88984\u00b4\u00b4",
                "x": "-70,912",
                "y": "-53,167",
                "Latitud_Decimal": -53.1666083,
                "Longitud_Decimal": -70.9124694
            }
        },
        {
            "type": "Feature",
            "geometry": {
                "type": "Point",
                "coordinates": [
                    -70.87844444444444,
                    -53.120694444444446
                ]
            },
            "properties": {
                "C\u00f3digo Soporte": "28.976",
                "C\u00f3digo Elemento": "615.037",
                "Empresa": "TELEF\u00d3NICA M\u00d3VILES CHILE S.A.",
                "Nombre Comercial Tecnolog\u00eda": "4G",
                "Direcci\u00f3n": "DEL ARRIERO 05872",
                "Localidad": "",
                "Comuna": "Primavera",
                "Regi\u00f3n": "Regi\u00f3n de Magallanes y de la Ant\u00e1rtica Chilena",
                "Tipo Documento Autorizatorio": "RESOLUCI\u00d3N MODIFICA CONCESI\u00d3N SERVICIOS P\u00daBLICOS NOTIFICADA",
                "Nro. Documento": "291",
                "Fecha Documento": "10/02/2023",
                "Tipo Soporte": "Monoposte",
                "Altura": "18",
                "Frecuencia": "2600",
                "Banda": "UHF",
                "Ancho Banda": "40000",
                "Tecnolog\u00eda": "LTE(4G)",
                "Tipo Acceso": "FDD",
                "Latitud": "53\u00b0 7\u00b4 14.5\u00b4\u00b4",
                "Longitud": "70\u00b0 52\u00b4 42.4\u00b4\u00b4",
                "x": "-70,878",
                "y": "-53,121",
                "Latitud_Decimal": -53.120694444444446,
                "Longitud_Decimal": -70.87844444444444
            }
        },
        {
            "type": "Feature",
            "geometry": {
                "type": "Point",
                "coordinates": [
                    -71.04427777777778,
                    -53.15719444444444
                ]
            },
            "properties": {
                "C\u00f3digo Soporte": "18.599",
                "C\u00f3digo Elemento": "625.416",
                "Empresa": "Wom",
                "Nombre Comercial Tecnolog\u00eda": "5G",
                "Direcci\u00f3n": "Cerro Mirador, Punta Arenas, Magallanes y La Ant\u00e1rtica Chilena",
                "Localidad": "",
                "Comuna": "Punta Arenas",
                "Regi\u00f3n": "Regi\u00f3n de Magallanes y de la Ant\u00e1rtica Chilena",
                "Tipo Documento Autorizatorio": "DECRETO NOTIFICADO",
                "Nro. Documento": "19",
                "Fecha Documento": "09/03/2021",
                "Tipo Soporte": "Torre Ventada",
                "Altura": "35",
                "Frecuencia": "700",
                "Banda": "UHF",
                "Ancho Banda": "20000",
                "Tecnolog\u00eda": "LTE Advanced Pro(5G)",
                "Tipo Acceso": "OFDMA",
                "Latitud": "53\u00b0 9\u00b4 25.900000000000002\u00b4\u00b4",
                "Longitud": "71\u00b0 2\u00b4 39.4\u00b4\u00b4",
                "x": "-71,044",
                "y": "-53,157",
                "Latitud_Decimal": -53.15719444444444,
                "Longitud_Decimal": -71.04427777777778
            }
        },
        {
            "type": "Feature",
            "geometry": {
                "type": "Point",
                "coordinates": [
                    -70.8234167,
                    -53.0100556
                ]
            },
            "properties": {
                "C\u00f3digo Soporte": "11.412",
                "C\u00f3digo Elemento": "626.612",
                "Empresa": "Wom",
                "Nombre Comercial Tecnolog\u00eda": "",
                "Direcci\u00f3n": "Ruta 9 Norte S/N, Sector Aeropuerto",
                "Localidad": "",
                "Comuna": "Punta Arenas",
                "Regi\u00f3n": "Regi\u00f3n de Magallanes y de la Ant\u00e1rtica Chilena",
                "Tipo Documento Autorizatorio": "DECRETO EXENTO NOTIFICADO",
                "Nro. Documento": "774",
                "Fecha Documento": "26/09/2022",
                "Tipo Soporte": "Torre Auto Soportada",
                "Altura": "33",
                "Frecuencia": "2100",
                "Banda": "UHF",
                "Ancho Banda": "30000",
                "Tecnolog\u00eda": "LTE Advanced Pro(5G)",
                "Tipo Acceso": "OFDMA",
                "Latitud": "53\u00b0 0\u00b4 36.20016\u00b4\u00b4",
                "Longitud": "70\u00b0 49\u00b4 24.30012\u00b4\u00b4",
                "x": "-70,823",
                "y": "-53,01",
                "Latitud_Decimal": -53.0100556,
                "Longitud_Decimal": -70.8234167
            }
        },
        {
            "type": "Feature",
            "geometry": {
                "type": "Point",
                "coordinates": [
                    -70.8261111111111,
                    -53.01027777777778
                ]
            },
            "properties": {
                "C\u00f3digo Soporte": "14.913",
                "C\u00f3digo Elemento": "628.141",
                "Empresa": "ENTEL TELEFONIA LOCAL S.A.",
                "Nombre Comercial Tecnolog\u00eda": "5G",
                "Direcci\u00f3n": "INTERIOR BASE AREA FACH S E 570 P.ARENAS, COMUNA DE PUNTA ARENAS, REGI\u00d3N DE MAGALLANES Y DE LA ANT\u00c1RTICA CHILENA",
                "Localidad": "",
                "Comuna": "Punta Arenas",
                "Regi\u00f3n": "Regi\u00f3n de Magallanes y de la Ant\u00e1rtica Chilena",
                "Tipo Documento Autorizatorio": "DECRETO NOTIFICADO",
                "Nro. Documento": "76",
                "Fecha Documento": "24/05/2021",
                "Tipo Soporte": "Torre Ventada",
                "Altura": "30",
                "Frecuencia": "3500",
                "Banda": "SHF",
                "Ancho Banda": "50000",
                "Tecnolog\u00eda": "5G(5G)",
                "Tipo Acceso": "OFDMA",
                "Latitud": "53\u00b0 0\u00b4 37\u00b4\u00b4",
                "Longitud": "70\u00b0 49\u00b4 34\u00b4\u00b4",
                "x": "-70,826",
                "y": "-53,01",
                "Latitud_Decimal": -53.01027777777778,
                "Longitud_Decimal": -70.8261111111111
            }
        },
        {
            "type": "Feature",
            "geometry": {
                "type": "Point",
                "coordinates": [
                    -70.90611111111112,
                    -53.12166666666667
                ]
            },
            "properties": {
                "C\u00f3digo Soporte": "14.931",
                "C\u00f3digo Elemento": "628.294",
                "Empresa": "ENTEL TELEFONIA LOCAL S.A.",
                "Nombre Comercial Tecnolog\u00eda": "5G",
                "Direcci\u00f3n": "LOS FLAMENCOS 0845 BARRIO HORTICOLA, COMUNA DE PUNTA ARENAS, REGI\u00d3N DE MAGALLANES Y DE LA ANT\u00c1RTICA CHILENA",
                "Localidad": "",
                "Comuna": "Punta Arenas",
                "Regi\u00f3n": "Regi\u00f3n de Magallanes y de la Ant\u00e1rtica Chilena",
                "Tipo Documento Autorizatorio": "DECRETO NOTIFICADO",
                "Nro. Documento": "76",
                "Fecha Documento": "24/05/2021",
                "Tipo Soporte": "Torre Ventada",
                "Altura": "36",
                "Frecuencia": "3500",
                "Banda": "SHF",
                "Ancho Banda": "50000",
                "Tecnolog\u00eda": "5G(5G)",
                "Tipo Acceso": "OFDMA",
                "Latitud": "53\u00b0 7\u00b4 18\u00b4\u00b4",
                "Longitud": "70\u00b0 54\u00b4 22\u00b4\u00b4",
                "x": "-70,906",
                "y": "-53,122",
                "Latitud_Decimal": -53.12166666666667,
                "Longitud_Decimal": -70.90611111111112
            }
        },
        {
            "type": "Feature",
            "geometry": {
                "type": "Point",
                "coordinates": [
                    -71.18401944444444,
                    -52.78543888888888
                ]
            },
            "properties": {
                "C\u00f3digo Soporte": "22.189",
                "C\u00f3digo Elemento": "636.074",
                "Empresa": "TELEF\u00d3NICA M\u00d3VILES CHILE S.A.",
                "Nombre Comercial Tecnolog\u00eda": "4G",
                "Direcci\u00f3n": "ESTANCIA EDUARDO PARCELA 29",
                "Localidad": "",
                "Comuna": "Punta Arenas",
                "Regi\u00f3n": "Regi\u00f3n de Magallanes y de la Ant\u00e1rtica Chilena",
                "Tipo Documento Autorizatorio": "RESOLUCI\u00d3N MODIFICA CONCESI\u00d3N SERVICIOS P\u00daBLICOS NOTIFICADA",
                "Nro. Documento": "1270",
                "Fecha Documento": "22/04/2022",
                "Tipo Soporte": "Torre Ventada",
                "Altura": "54",
                "Frecuencia": "700",
                "Banda": "UHF",
                "Ancho Banda": "10000",
                "Tecnolog\u00eda": "LTE(4G)",
                "Tipo Acceso": "OFDMA",
                "Latitud": "52\u00b0 47\u00b4 7.58\u00b4\u00b4",
                "Longitud": "71\u00b0 11\u00b4 2.47\u00b4\u00b4",
                "x": "-71,184",
                "y": "-52,785",
                "Latitud_Decimal": -52.78543888888888,
                "Longitud_Decimal": -71.18401944444444
            }
        },
        {
            "type": "Feature",
            "geometry": {
                "type": "Point",
                "coordinates": [
                    -70.36555555555555,
                    -53.29997222222222
                ]
            },
            "properties": {
                "C\u00f3digo Soporte": "20.347",
                "C\u00f3digo Elemento": "637.049",
                "Empresa": "WILL",
                "Nombre Comercial Tecnolog\u00eda": "4G",
                "Direcci\u00f3n": "Dami\u00e1n\nRiob\u00f3 N\u00b0 164",
                "Localidad": "",
                "Comuna": "Porvenir",
                "Regi\u00f3n": "Regi\u00f3n de Magallanes y de la Ant\u00e1rtica Chilena",
                "Tipo Documento Autorizatorio": "RESOLUCI\u00d3N MODIFICA CONCESI\u00d3N SERVICIOS P\u00daBLICOS NOTIFICADA",
                "Nro. Documento": "1494",
                "Fecha Documento": "13/05/2022",
                "Tipo Soporte": "Torre Auto Soportada",
                "Altura": "22",
                "Frecuencia": "2600",
                "Banda": "UHF",
                "Ancho Banda": "20000",
                "Tecnolog\u00eda": "LTE(4G)",
                "Tipo Acceso": "FDD",
                "Latitud": "53\u00b0 17\u00b4 59.9\u00b4\u00b4",
                "Longitud": "70\u00b0 21\u00b4 56\u00b4\u00b4",
                "x": "-70,366",
                "y": "-53,3",
                "Latitud_Decimal": -53.29997222222222,
                "Longitud_Decimal": -70.36555555555555
            }
        },
        {
            "type": "Feature",
            "geometry": {
                "type": "Point",
                "coordinates": [
                    -70.3778583,
                    -53.3101917
                ]
            },
            "properties": {
                "C\u00f3digo Soporte": "11.413",
                "C\u00f3digo Elemento": "681.227",
                "Empresa": "CLARO CHILE SPA.",
                "Nombre Comercial Tecnolog\u00eda": "5G",
                "Direcci\u00f3n": "Parcela A s/n",
                "Localidad": "",
                "Comuna": "Porvenir",
                "Regi\u00f3n": "Regi\u00f3n de Magallanes y de la Ant\u00e1rtica Chilena",
                "Tipo Documento Autorizatorio": "DECRETO NOTIFICADO",
                "Nro. Documento": "214",
                "Fecha Documento": "26/11/2024",
                "Tipo Soporte": "Torre Auto Soportada",
                "Altura": "60",
                "Frecuencia": "3500",
                "Banda": "SHF",
                "Ancho Banda": "50000",
                "Tecnolog\u00eda": "5G(5G)",
                "Tipo Acceso": "",
                "Latitud": "53\u00b0 18\u00b4 36.69012\u00b4\u00b4",
                "Longitud": "70\u00b0 22\u00b4 40.28988\u00b4\u00b4",
                "x": "-70,378",
                "y": "-53,31",
                "Latitud_Decimal": -53.3101917,
                "Longitud_Decimal": -70.3778583
            }
        },
        {
            "type": "Feature",
            "geometry": {
                "type": "Point",
                "coordinates": [
                    -70.9124694,
                    -53.1666083
                ]
            },
            "properties": {
                "C\u00f3digo Soporte": "11.418",
                "C\u00f3digo Elemento": "681.234",
                "Empresa": "CLARO CHILE SPA.",
                "Nombre Comercial Tecnolog\u00eda": "5G",
                "Direcci\u00f3n": "Boliviana N\u00ba 738",
                "Localidad": "",
                "Comuna": "Punta Arenas",
                "Regi\u00f3n": "Regi\u00f3n de Magallanes y de la Ant\u00e1rtica Chilena",
                "Tipo Documento Autorizatorio": "DECRETO NOTIFICADO",
                "Nro. Documento": "214",
                "Fecha Documento": "26/11/2024",
                "Tipo Soporte": "Monoposte",
                "Altura": "30",
                "Frecuencia": "3500",
                "Banda": "SHF",
                "Ancho Banda": "50000",
                "Tecnolog\u00eda": "5G(5G)",
                "Tipo Acceso": "",
                "Latitud": "53\u00b0 9\u00b4 59.78988\u00b4\u00b4",
                "Longitud": "70\u00b0 54\u00b4 44.88984\u00b4\u00b4",
                "x": "-70,912",
                "y": "-53,167",
                "Latitud_Decimal": -53.1666083,
                "Longitud_Decimal": -70.9124694
            }
        },
        {
            "type": "Feature",
            "geometry": {
                "type": "Point",
                "coordinates": [
                    -72.47683333333333,
                    -52.20902777777778
                ]
            },
            "properties": {
                "C\u00f3digo Soporte": "27.006",
                "C\u00f3digo Elemento": "681.327",
                "Empresa": "CLARO CHILE SPA.",
                "Nombre Comercial Tecnolog\u00eda": "5G",
                "Direcci\u00f3n": "Ruta Y-340, Sector R\u00edo Primero S/N",
                "Localidad": "",
                "Comuna": "Natales",
                "Regi\u00f3n": "Regi\u00f3n de Magallanes y de la Ant\u00e1rtica Chilena",
                "Tipo Documento Autorizatorio": "DECRETO NOTIFICADO",
                "Nro. Documento": "214",
                "Fecha Documento": "26/11/2024",
                "Tipo Soporte": "Torre Auto Soportada",
                "Altura": "30",
                "Frecuencia": "3500",
                "Banda": "SHF",
                "Ancho Banda": "50000",
                "Tecnolog\u00eda": "5G(5G)",
                "Tipo Acceso": "",
                "Latitud": "52\u00b0 12\u00b4 32.5\u00b4\u00b4",
                "Longitud": "72\u00b0 28\u00b4 36.6\u00b4\u00b4",
                "x": "-72,477",
                "y": "-52,209",
                "Latitud_Decimal": -52.20902777777778,
                "Longitud_Decimal": -72.47683333333333
            }
        },
        {
            "type": "Feature",
            "geometry": {
                "type": "Point",
                "coordinates": [
                    -70.915,
                    -53.14888888888889
                ]
            },
            "properties": {
                "C\u00f3digo Soporte": "17.031",
                "C\u00f3digo Elemento": "6909",
                "Empresa": "MOVISTAR MOVIL",
                "Nombre Comercial Tecnolog\u00eda": "2G",
                "Direcci\u00f3n": "General del Canto N\u00b0 0299, esq. Sgto. Aldea",
                "Localidad": "",
                "Comuna": "Punta Arenas",
                "Regi\u00f3n": "Regi\u00f3n de Magallanes y de la Ant\u00e1rtica Chilena",
                "Tipo Documento Autorizatorio": "DECRETO NOTIFICADO",
                "Nro. Documento": "319",
                "Fecha Documento": "04/08/2005",
                "Tipo Soporte": "Torre Auto Soportada",
                "Altura": "30",
                "Frecuencia": "1900",
                "Banda": "UHF",
                "Ancho Banda": "10000",
                "Tecnolog\u00eda": "GSM(2G)",
                "Tipo Acceso": "TDMA",
                "Latitud": "53\u00b0 8\u00b4 56\u00b4\u00b4",
                "Longitud": "70\u00b0 54\u00b4 54\u00b4\u00b4",
                "x": "-70,915",
                "y": "-53,149",
                "Latitud_Decimal": -53.14888888888889,
                "Longitud_Decimal": -70.915
            }
        },
        {
            "type": "Feature",
            "geometry": {
                "type": "Point",
                "coordinates": [
                    -72.49111111111111,
                    -51.67944444444444
                ]
            },
            "properties": {
                "C\u00f3digo Soporte": "17.749",
                "C\u00f3digo Elemento": "11.821",
                "Empresa": "MOVISTAR MOVIL",
                "Nombre Comercial Tecnolog\u00eda": "2G",
                "Direcci\u00f3n": "Cerro Dorotea s/n",
                "Localidad": "",
                "Comuna": "Natales",
                "Regi\u00f3n": "Regi\u00f3n de Magallanes y de la Ant\u00e1rtica Chilena",
                "Tipo Documento Autorizatorio": "DECRETO NOTIFICADO",
                "Nro. Documento": "89",
                "Fecha Documento": "22/02/2006",
                "Tipo Soporte": "Torre Auto Soportada",
                "Altura": "18",
                "Frecuencia": "1900",
                "Banda": "UHF",
                "Ancho Banda": "10000",
                "Tecnolog\u00eda": "GSM(2G)",
                "Tipo Acceso": "TDMA",
                "Latitud": "51\u00b0 40\u00b4 46\u00b4\u00b4",
                "Longitud": "72\u00b0 29\u00b4 28\u00b4\u00b4",
                "x": "-72,491",
                "y": "-51,679",
                "Latitud_Decimal": -51.67944444444444,
                "Longitud_Decimal": -72.49111111111111
            }
        },
        {
            "type": "Feature",
            "geometry": {
                "type": "Point",
                "coordinates": [
                    -70.94194444444445,
                    -53.17805555555555
                ]
            },
            "properties": {
                "C\u00f3digo Soporte": "30.975",
                "C\u00f3digo Elemento": "57.688",
                "Empresa": "ENTEL PCS",
                "Nombre Comercial Tecnolog\u00eda": "",
                "Direcci\u00f3n": "JORGE ALESSANDRI N\u00ba 076",
                "Localidad": "",
                "Comuna": "Punta Arenas",
                "Regi\u00f3n": "Regi\u00f3n de Magallanes y de la Ant\u00e1rtica Chilena",
                "Tipo Documento Autorizatorio": "DECRETO EXENTO NOTIFICADO",
                "Nro. Documento": "262",
                "Fecha Documento": "21/02/2011",
                "Tipo Soporte": "Sin Info",
                "Altura": "0",
                "Frecuencia": "1900",
                "Banda": "UHF",
                "Ancho Banda": "60000",
                "Tecnolog\u00eda": "GSM",
                "Tipo Acceso": "TDMA",
                "Latitud": "53\u00b0 10\u00b4 41\u00b4\u00b4",
                "Longitud": "70\u00b0 56\u00b4 31\u00b4\u00b4",
                "x": "-70,942",
                "y": "-53,178",
                "Latitud_Decimal": -53.17805555555555,
                "Longitud_Decimal": -70.94194444444445
            }
        },
        {
            "type": "Feature",
            "geometry": {
                "type": "Point",
                "coordinates": [
                    -72.19555555555556,
                    -51.79749722222222
                ]
            },
            "properties": {
                "C\u00f3digo Soporte": "19.920",
                "C\u00f3digo Elemento": "58.526",
                "Empresa": "ENTEL PCS",
                "Nombre Comercial Tecnolog\u00eda": "2G",
                "Direcci\u00f3n": "LOTE 1 TRANQUILO ESTANCUA LOS BAQUEANO",
                "Localidad": "",
                "Comuna": "Natales",
                "Regi\u00f3n": "Regi\u00f3n de Magallanes y de la Ant\u00e1rtica Chilena",
                "Tipo Documento Autorizatorio": "DECRETO EXENTO NOTIFICADO",
                "Nro. Documento": "985",
                "Fecha Documento": "01/07/2011",
                "Tipo Soporte": "Monoposte",
                "Altura": "0",
                "Frecuencia": "1900",
                "Banda": "UHF",
                "Ancho Banda": "60000",
                "Tecnolog\u00eda": "GSM(2G)",
                "Tipo Acceso": "TDMA",
                "Latitud": "51\u00b0 47\u00b4 50.99\u00b4\u00b4",
                "Longitud": "72\u00b0 11\u00b4 44\u00b4\u00b4",
                "x": "-72,196",
                "y": "-51,797",
                "Latitud_Decimal": -51.79749722222222,
                "Longitud_Decimal": -72.19555555555556
            }
        },
        {
            "type": "Feature",
            "geometry": {
                "type": "Point",
                "coordinates": [
                    -69.32277777777777,
                    -52.911944444444444
                ]
            },
            "properties": {
                "C\u00f3digo Soporte": "19.890",
                "C\u00f3digo Elemento": "424.439",
                "Empresa": "ENTEL PCS",
                "Nombre Comercial Tecnolog\u00eda": "2G",
                "Direcci\u00f3n": "Campo Chillaneja del Loteo 60 de La Subdivisi\u00f3n Springhill",
                "Localidad": "",
                "Comuna": "Primavera",
                "Regi\u00f3n": "Regi\u00f3n de Magallanes y de la Ant\u00e1rtica Chilena",
                "Tipo Documento Autorizatorio": "DECRETO EXENTO NOTIFICADO",
                "Nro. Documento": "801",
                "Fecha Documento": "31/12/2013",
                "Tipo Soporte": "Torre Ventada",
                "Altura": "30",
                "Frecuencia": "1900",
                "Banda": "UHF",
                "Ancho Banda": "60000",
                "Tecnolog\u00eda": "GSM(2G)",
                "Tipo Acceso": "TDMA",
                "Latitud": "52\u00b0 54\u00b4 43\u00b4\u00b4",
                "Longitud": "69\u00b0 19\u00b4 22\u00b4\u00b4",
                "x": "-69,323",
                "y": "-52,912",
                "Latitud_Decimal": -52.911944444444444,
                "Longitud_Decimal": -69.32277777777777
            }
        },
        {
            "type": "Feature",
            "geometry": {
                "type": "Point",
                "coordinates": [
                    -70.90775000000001,
                    -53.14213888888889
                ]
            },
            "properties": {
                "C\u00f3digo Soporte": "19.668",
                "C\u00f3digo Elemento": "490.389",
                "Empresa": "ENTEL PCS",
                "Nombre Comercial Tecnolog\u00eda": "2G/3G",
                "Direcci\u00f3n": "CORONEL JOSE DE LOS SANTOS MARDONES  0495",
                "Localidad": "",
                "Comuna": "Punta Arenas",
                "Regi\u00f3n": "Regi\u00f3n de Magallanes y de la Ant\u00e1rtica Chilena",
                "Tipo Documento Autorizatorio": "DECRETO EXENTO NOTIFICADO",
                "Nro. Documento": "397",
                "Fecha Documento": "12/06/2014",
                "Tipo Soporte": "Monoposte",
                "Altura": "15",
                "Frecuencia": "1900",
                "Banda": "UHF",
                "Ancho Banda": "60000",
                "Tecnolog\u00eda": "GSM(2G)/UMTS(3G)",
                "Tipo Acceso": "TDMA/WCDMA",
                "Latitud": "53\u00b0 8\u00b4 31.7\u00b4\u00b4",
                "Longitud": "70\u00b0 54\u00b4 27.900000000000002\u00b4\u00b4",
                "x": "-70,908",
                "y": "-53,142",
                "Latitud_Decimal": -53.14213888888889,
                "Longitud_Decimal": -70.90775000000001
            }
        },
        {
            "type": "Feature",
            "geometry": {
                "type": "Point",
                "coordinates": [
                    -70.3778583,
                    -53.3101917
                ]
            },
            "properties": {
                "C\u00f3digo Soporte": "11.413",
                "C\u00f3digo Elemento": "530.181",
                "Empresa": "Claro Serv. Empresariales",
                "Nombre Comercial Tecnolog\u00eda": "4G",
                "Direcci\u00f3n": "Parcela A s/n",
                "Localidad": "",
                "Comuna": "Porvenir",
                "Regi\u00f3n": "Regi\u00f3n de Magallanes y de la Ant\u00e1rtica Chilena",
                "Tipo Documento Autorizatorio": "DECRETO NOTIFICADO",
                "Nro. Documento": "65",
                "Fecha Documento": "21/04/2015",
                "Tipo Soporte": "Torre Auto Soportada",
                "Altura": "60",
                "Frecuencia": "700",
                "Banda": "UHF",
                "Ancho Banda": "20000",
                "Tecnolog\u00eda": "LTE(4G)",
                "Tipo Acceso": "FDD",
                "Latitud": "53\u00b0 18\u00b4 36.69012\u00b4\u00b4",
                "Longitud": "70\u00b0 22\u00b4 40.28988\u00b4\u00b4",
                "x": "-70,378",
                "y": "-53,31",
                "Latitud_Decimal": -53.3101917,
                "Longitud_Decimal": -70.3778583
            }
        },
        {
            "type": "Feature",
            "geometry": {
                "type": "Point",
                "coordinates": [
                    -71.4823056,
                    -52.3761917
                ]
            },
            "properties": {
                "C\u00f3digo Soporte": "11.420",
                "C\u00f3digo Elemento": "530.182",
                "Empresa": "Claro Serv. Empresariales",
                "Nombre Comercial Tecnolog\u00eda": "4G",
                "Direcci\u00f3n": "Ruta 9 Punta Arenas - Puerto Natales s/n. Sector Las Nieves. Estancia Tres Hermanas",
                "Localidad": "",
                "Comuna": "Laguna Blanca",
                "Regi\u00f3n": "Regi\u00f3n de Magallanes y de la Ant\u00e1rtica Chilena",
                "Tipo Documento Autorizatorio": "DECRETO NOTIFICADO",
                "Nro. Documento": "65",
                "Fecha Documento": "21/04/2015",
                "Tipo Soporte": "Torre Ventada",
                "Altura": "48",
                "Frecuencia": "700",
                "Banda": "UHF",
                "Ancho Banda": "20000",
                "Tecnolog\u00eda": "LTE(4G)",
                "Tipo Acceso": "FDD",
                "Latitud": "52\u00b0 22\u00b4 34.29012\u00b4\u00b4",
                "Longitud": "71\u00b0 28\u00b4 56.30016\u00b4\u00b4",
                "x": "-71,482",
                "y": "-52,376",
                "Latitud_Decimal": -52.3761917,
                "Longitud_Decimal": -71.4823056
            }
        },
        {
            "type": "Feature",
            "geometry": {
                "type": "Point",
                "coordinates": [
                    -72.490925,
                    -51.72815833333333
                ]
            },
            "properties": {
                "C\u00f3digo Soporte": "22.670",
                "C\u00f3digo Elemento": "530.876",
                "Empresa": "MOVISTAR MOVIL",
                "Nombre Comercial Tecnolog\u00eda": "4G",
                "Direcci\u00f3n": "O\u2019Higgins N\u00b0 1247",
                "Localidad": "",
                "Comuna": "Natales",
                "Regi\u00f3n": "Regi\u00f3n de Magallanes y de la Ant\u00e1rtica Chilena",
                "Tipo Documento Autorizatorio": "DECRETO NOTIFICADO",
                "Nro. Documento": "71",
                "Fecha Documento": "06/05/2015",
                "Tipo Soporte": "Torre Auto Soportada",
                "Altura": "42",
                "Frecuencia": "700",
                "Banda": "UHF",
                "Ancho Banda": "20000",
                "Tecnolog\u00eda": "LTE(4G)",
                "Tipo Acceso": "FDD",
                "Latitud": "51\u00b0 43\u00b4 41.37\u00b4\u00b4",
                "Longitud": "72\u00b0 29\u00b4 27.330000000000002\u00b4\u00b4",
                "x": "-72,491",
                "y": "-51,728",
                "Latitud_Decimal": -51.72815833333333,
                "Longitud_Decimal": -72.490925
            }
        },
        {
            "type": "Feature",
            "geometry": {
                "type": "Point",
                "coordinates": [
                    -70.89472222222223,
                    -53.05305555555555
                ]
            },
            "properties": {
                "C\u00f3digo Soporte": "17.582",
                "C\u00f3digo Elemento": "530.877",
                "Empresa": "MOVISTAR MOVIL",
                "Nombre Comercial Tecnolog\u00eda": "4G",
                "Direcci\u00f3n": "Ruta 9 Norte Km 13.5 Parcela 36",
                "Localidad": "",
                "Comuna": "Punta Arenas",
                "Regi\u00f3n": "Regi\u00f3n de Magallanes y de la Ant\u00e1rtica Chilena",
                "Tipo Documento Autorizatorio": "DECRETO NOTIFICADO",
                "Nro. Documento": "71",
                "Fecha Documento": "06/05/2015",
                "Tipo Soporte": "Torre Auto Soportada",
                "Altura": "30",
                "Frecuencia": "700",
                "Banda": "UHF",
                "Ancho Banda": "20000",
                "Tecnolog\u00eda": "LTE(4G)",
                "Tipo Acceso": "FDD",
                "Latitud": "53\u00b0 3\u00b4 11\u00b4\u00b4",
                "Longitud": "70\u00b0 53\u00b4 41\u00b4\u00b4",
                "x": "-70,895",
                "y": "-53,053",
                "Latitud_Decimal": -53.05305555555555,
                "Longitud_Decimal": -70.89472222222223
            }
        },
        {
            "type": "Feature",
            "geometry": {
                "type": "Point",
                "coordinates": [
                    -71.48275,
                    -52.37678611111111
                ]
            },
            "properties": {
                "C\u00f3digo Soporte": "18.323",
                "C\u00f3digo Elemento": "530.884",
                "Empresa": "MOVISTAR MOVIL",
                "Nombre Comercial Tecnolog\u00eda": "4G",
                "Direcci\u00f3n": "Ruta 9 Km 100",
                "Localidad": "",
                "Comuna": "Laguna Blanca",
                "Regi\u00f3n": "Regi\u00f3n de Magallanes y de la Ant\u00e1rtica Chilena",
                "Tipo Documento Autorizatorio": "DECRETO EXENTO NOTIFICADO",
                "Nro. Documento": "72",
                "Fecha Documento": "09/02/2018",
                "Tipo Soporte": "Torre Auto Soportada",
                "Altura": "36",
                "Frecuencia": "700",
                "Banda": "UHF",
                "Ancho Banda": "20000",
                "Tecnolog\u00eda": "LTE(4G)",
                "Tipo Acceso": "FDD",
                "Latitud": "52\u00b0 22\u00b4 36.43\u00b4\u00b4",
                "Longitud": "71\u00b0 28\u00b4 57.9\u00b4\u00b4",
                "x": "-71,483",
                "y": "-52,377",
                "Latitud_Decimal": -52.37678611111111,
                "Longitud_Decimal": -71.48275
            }
        },
        {
            "type": "Feature",
            "geometry": {
                "type": "Point",
                "coordinates": [
                    -70.9293888888889,
                    -53.14325
                ]
            },
            "properties": {
                "C\u00f3digo Soporte": "21.206",
                "C\u00f3digo Elemento": "550.737",
                "Empresa": "Wom",
                "Nombre Comercial Tecnolog\u00eda": "4G/3G",
                "Direcci\u00f3n": "Parcela n\u00b0 10B Calle prolongaci\u00f3n general estanislao del Canto",
                "Localidad": "",
                "Comuna": "Punta Arenas",
                "Regi\u00f3n": "Regi\u00f3n de Magallanes y de la Ant\u00e1rtica Chilena",
                "Tipo Documento Autorizatorio": "RESOLUCI\u00d3N MODIFICA CONCESI\u00d3N SERVICIOS P\u00daBLICOS NOTIFICADA",
                "Nro. Documento": "1213",
                "Fecha Documento": "11/06/2019",
                "Tipo Soporte": "Monoposte",
                "Altura": "26",
                "Frecuencia": "2100",
                "Banda": "UHF",
                "Ancho Banda": "60000",
                "Tecnolog\u00eda": "UMTS(3G)/LTE(4G)",
                "Tipo Acceso": "FDD",
                "Latitud": "53\u00b0 8\u00b4 35.7\u00b4\u00b4",
                "Longitud": "70\u00b0 55\u00b4 45.800000000000004\u00b4\u00b4",
                "x": "-70,929",
                "y": "-53,143",
                "Latitud_Decimal": -53.14325,
                "Longitud_Decimal": -70.9293888888889
            }
        },
        {
            "type": "Feature",
            "geometry": {
                "type": "Point",
                "coordinates": [
                    -70.3778583,
                    -53.3101917
                ]
            },
            "properties": {
                "C\u00f3digo Soporte": "11.413",
                "C\u00f3digo Elemento": "570.322",
                "Empresa": "CLARO CHILE SPA.",
                "Nombre Comercial Tecnolog\u00eda": "3G",
                "Direcci\u00f3n": "Predio Mirador Santa Mar\u00eda",
                "Localidad": "",
                "Comuna": "Porvenir",
                "Regi\u00f3n": "Regi\u00f3n de Magallanes y de la Ant\u00e1rtica Chilena",
                "Tipo Documento Autorizatorio": "RESOLUCI\u00d3N MODIFICA CONCESI\u00d3N SERVICIOS P\u00daBLICOS NOTIFICADA",
                "Nro. Documento": "2433",
                "Fecha Documento": "13/12/2017",
                "Tipo Soporte": "Torre Auto Soportada",
                "Altura": "60",
                "Frecuencia": "1900",
                "Banda": "UHF",
                "Ancho Banda": "30000",
                "Tecnolog\u00eda": "UMTS(3G)",
                "Tipo Acceso": "WCDMA",
                "Latitud": "53\u00b0 18\u00b4 36.69012\u00b4\u00b4",
                "Longitud": "70\u00b0 22\u00b4 40.28988\u00b4\u00b4",
                "x": "-70,378",
                "y": "-53,31",
                "Latitud_Decimal": -53.3101917,
                "Longitud_Decimal": -70.3778583
            }
        },
        {
            "type": "Feature",
            "geometry": {
                "type": "Point",
                "coordinates": [
                    -70.20972222222223,
                    -52.63638888888889
                ]
            },
            "properties": {
                "C\u00f3digo Soporte": "14.953",
                "C\u00f3digo Elemento": "586.269",
                "Empresa": "Claro Serv. Empresariales",
                "Nombre Comercial Tecnolog\u00eda": "4G",
                "Direcci\u00f3n": "Ruta 255, Sector San Gregorio S/N",
                "Localidad": "",
                "Comuna": "San Gregorio",
                "Regi\u00f3n": "Regi\u00f3n de Magallanes y de la Ant\u00e1rtica Chilena",
                "Tipo Documento Autorizatorio": "RESOLUCI\u00d3N MODIFICA CONCESI\u00d3N SERVICIOS P\u00daBLICOS NOTIFICADA",
                "Nro. Documento": "1447",
                "Fecha Documento": "24/08/2020",
                "Tipo Soporte": "Torre Ventada",
                "Altura": "43",
                "Frecuencia": "700",
                "Banda": "UHF",
                "Ancho Banda": "20000",
                "Tecnolog\u00eda": "LTE(4G)",
                "Tipo Acceso": "FDD",
                "Latitud": "52\u00b0 38\u00b4 11\u00b4\u00b4",
                "Longitud": "70\u00b0 12\u00b4 35\u00b4\u00b4",
                "x": "-70,21",
                "y": "-52,636",
                "Latitud_Decimal": -52.63638888888889,
                "Longitud_Decimal": -70.20972222222223
            }
        },
        {
            "type": "Feature",
            "geometry": {
                "type": "Point",
                "coordinates": [
                    -70.90441666666668,
                    -53.14661111111111
                ]
            },
            "properties": {
                "C\u00f3digo Soporte": "27.070",
                "C\u00f3digo Elemento": "598.248",
                "Empresa": "Wom",
                "Nombre Comercial Tecnolog\u00eda": "",
                "Direcci\u00f3n": "Calle Capitan Guillermos n\u00b05/ Antonio Kairis n\u00b0 036",
                "Localidad": "",
                "Comuna": "Punta Arenas",
                "Regi\u00f3n": "Regi\u00f3n de Magallanes y de la Ant\u00e1rtica Chilena",
                "Tipo Documento Autorizatorio": "RESOLUCI\u00d3N MODIFICA CONCESI\u00d3N SERVICIOS P\u00daBLICOS NOTIFICADA",
                "Nro. Documento": "123",
                "Fecha Documento": "23/01/2024",
                "Tipo Soporte": "Azotea",
                "Altura": "2",
                "Frecuencia": "2100",
                "Banda": "UHF",
                "Ancho Banda": "60000",
                "Tecnolog\u00eda": "UMTS(3G)/LTE(4G)",
                "Tipo Acceso": "FDD",
                "Latitud": "53\u00b0 8\u00b4 47.800000000000004\u00b4\u00b4",
                "Longitud": "70\u00b0 54\u00b4 15.9\u00b4\u00b4",
                "x": "-70,904",
                "y": "-53,147",
                "Latitud_Decimal": -53.14661111111111,
                "Longitud_Decimal": -70.90441666666668
            }
        },
        {
            "type": "Feature",
            "geometry": {
                "type": "Point",
                "coordinates": [
                    -72.49388888888889,
                    -51.72638888888889
                ]
            },
            "properties": {
                "C\u00f3digo Soporte": "14.965",
                "C\u00f3digo Elemento": "623.689",
                "Empresa": "WILL",
                "Nombre Comercial Tecnolog\u00eda": "",
                "Direcci\u00f3n": "ESMERALDA 1096",
                "Localidad": "",
                "Comuna": "Natales",
                "Regi\u00f3n": "Regi\u00f3n de Magallanes y de la Ant\u00e1rtica Chilena",
                "Tipo Documento Autorizatorio": "RESOLUCI\u00d3N MODIFICA CONCESI\u00d3N SERVICIOS P\u00daBLICOS NOTIFICADA",
                "Nro. Documento": "2288",
                "Fecha Documento": "26/11/2021",
                "Tipo Soporte": "Torre Auto Soportada",
                "Altura": "24",
                "Frecuencia": "2600",
                "Banda": "UHF",
                "Ancho Banda": "40000",
                "Tecnolog\u00eda": "",
                "Tipo Acceso": "OFDMA",
                "Latitud": "51\u00b0 43\u00b4 35\u00b4\u00b4",
                "Longitud": "72\u00b0 29\u00b4 38\u00b4\u00b4",
                "x": "-72,494",
                "y": "-51,726",
                "Latitud_Decimal": -51.72638888888889,
                "Longitud_Decimal": -72.49388888888889
            }
        },
        {
            "type": "Feature",
            "geometry": {
                "type": "Point",
                "coordinates": [
                    -70.90555555555557,
                    -53.16444444444444
                ]
            },
            "properties": {
                "C\u00f3digo Soporte": "16.971",
                "C\u00f3digo Elemento": "626.585",
                "Empresa": "Wom",
                "Nombre Comercial Tecnolog\u00eda": "5G",
                "Direcci\u00f3n": "Pdte. Julio Roca N\u00b0 953, Punta Arenas, Magallanes Y La Ant\u00e1rtica Chilena",
                "Localidad": "",
                "Comuna": "Punta Arenas",
                "Regi\u00f3n": "Regi\u00f3n de Magallanes y de la Ant\u00e1rtica Chilena",
                "Tipo Documento Autorizatorio": "DECRETO NOTIFICADO",
                "Nro. Documento": "32",
                "Fecha Documento": "11/03/2021",
                "Tipo Soporte": "Monoposte",
                "Altura": "30",
                "Frecuencia": "2100",
                "Banda": "UHF",
                "Ancho Banda": "30000",
                "Tecnolog\u00eda": "LTE Advanced Pro(5G)",
                "Tipo Acceso": "OFDMA",
                "Latitud": "53\u00b0 9\u00b4 52\u00b4\u00b4",
                "Longitud": "70\u00b0 54\u00b4 20\u00b4\u00b4",
                "x": "-70,906",
                "y": "-53,164",
                "Latitud_Decimal": -53.16444444444444,
                "Longitud_Decimal": -70.90555555555557
            }
        },
        {
            "type": "Feature",
            "geometry": {
                "type": "Point",
                "coordinates": [
                    -70.81972222222223,
                    -52.94333333333333
                ]
            },
            "properties": {
                "C\u00f3digo Soporte": "14.916",
                "C\u00f3digo Elemento": "628.633",
                "Empresa": "ENTEL TELEFONIA LOCAL S.A.",
                "Nombre Comercial Tecnolog\u00eda": "5G",
                "Direcci\u00f3n": "RECINTO ENAP SECTOR CABO NEGRO, COMUNA DE PUNTA ARENAS, REGI\u00d3N DE MAGALLANES Y DE LA ANT\u00c1RTICA CHILENA",
                "Localidad": "",
                "Comuna": "Punta Arenas",
                "Regi\u00f3n": "Regi\u00f3n de Magallanes y de la Ant\u00e1rtica Chilena",
                "Tipo Documento Autorizatorio": "DECRETO NOTIFICADO",
                "Nro. Documento": "76",
                "Fecha Documento": "24/05/2021",
                "Tipo Soporte": "Torre Auto Soportada",
                "Altura": "42",
                "Frecuencia": "3500",
                "Banda": "SHF",
                "Ancho Banda": "50000",
                "Tecnolog\u00eda": "5G(5G)",
                "Tipo Acceso": "OFDMA",
                "Latitud": "52\u00b0 56\u00b4 36\u00b4\u00b4",
                "Longitud": "70\u00b0 49\u00b4 11\u00b4\u00b4",
                "x": "-70,82",
                "y": "-52,943",
                "Latitud_Decimal": -52.94333333333333,
                "Longitud_Decimal": -70.81972222222223
            }
        },
        {
            "type": "Feature",
            "geometry": {
                "type": "Point",
                "coordinates": [
                    -70.89194444444445,
                    -53.15472222222222
                ]
            },
            "properties": {
                "C\u00f3digo Soporte": "14.922",
                "C\u00f3digo Elemento": "633.230",
                "Empresa": "WILL",
                "Nombre Comercial Tecnolog\u00eda": "3G/5G",
                "Direcci\u00f3n": "Romulo    Correa\nN\u00b0 1108",
                "Localidad": "",
                "Comuna": "Punta Arenas",
                "Regi\u00f3n": "Regi\u00f3n de Magallanes y de la Ant\u00e1rtica Chilena",
                "Tipo Documento Autorizatorio": "RESOLUCI\u00d3N MODIFICA CONCESI\u00d3N SERVICIOS P\u00daBLICOS NOTIFICADA",
                "Nro. Documento": "526",
                "Fecha Documento": "01/03/2022",
                "Tipo Soporte": "Monoposte",
                "Altura": "30",
                "Frecuencia": "700",
                "Banda": "UHF",
                "Ancho Banda": "15000",
                "Tecnolog\u00eda": "UMTS(3G)/LTE Advanced Pro(5G)",
                "Tipo Acceso": "OFDMA",
                "Latitud": "53\u00b0 9\u00b4 17\u00b4\u00b4",
                "Longitud": "70\u00b0 53\u00b4 31\u00b4\u00b4",
                "x": "-70,892",
                "y": "-53,155",
                "Latitud_Decimal": -53.15472222222222,
                "Longitud_Decimal": -70.89194444444445
            }
        },
        {
            "type": "Feature",
            "geometry": {
                "type": "Point",
                "coordinates": [
                    -72.31972222222223,
                    -51.611111111111114
                ]
            },
            "properties": {
                "C\u00f3digo Soporte": "14.967",
                "C\u00f3digo Elemento": "636.004",
                "Empresa": "TELEF\u00d3NICA M\u00d3VILES CHILE S.A.",
                "Nombre Comercial Tecnolog\u00eda": "4G",
                "Direcci\u00f3n": "HIJUELAS 32, DOROTEA",
                "Localidad": "",
                "Comuna": "Natales",
                "Regi\u00f3n": "Regi\u00f3n de Magallanes y de la Ant\u00e1rtica Chilena",
                "Tipo Documento Autorizatorio": "RESOLUCI\u00d3N MODIFICA CONCESI\u00d3N SERVICIOS P\u00daBLICOS NOTIFICADA",
                "Nro. Documento": "1262",
                "Fecha Documento": "22/04/2022",
                "Tipo Soporte": "Torre Ventada",
                "Altura": "60",
                "Frecuencia": "700",
                "Banda": "UHF",
                "Ancho Banda": "10000",
                "Tecnolog\u00eda": "LTE(4G)",
                "Tipo Acceso": "OFDMA",
                "Latitud": "51\u00b0 36\u00b4 40\u00b4\u00b4",
                "Longitud": "72\u00b0 19\u00b4 11\u00b4\u00b4",
                "x": "-72,32",
                "y": "-51,611",
                "Latitud_Decimal": -51.611111111111114,
                "Longitud_Decimal": -72.31972222222223
            }
        },
        {
            "type": "Feature",
            "geometry": {
                "type": "Point",
                "coordinates": [
                    -68.89483333333334,
                    -52.268166666666666
                ]
            },
            "properties": {
                "C\u00f3digo Soporte": "31.826",
                "C\u00f3digo Elemento": "643.239",
                "Empresa": "TELEF\u00d3NICA M\u00d3VILES CHILE S.A.",
                "Nombre Comercial Tecnolog\u00eda": "",
                "Direcci\u00f3n": "RECINTO ENAP, SECTOR POSESI\u00d3N",
                "Localidad": "",
                "Comuna": "San Gregorio",
                "Regi\u00f3n": "Regi\u00f3n de Magallanes y de la Ant\u00e1rtica Chilena",
                "Tipo Documento Autorizatorio": "RESOLUCI\u00d3N MODIFICA CONCESI\u00d3N SERVICIOS P\u00daBLICOS NOTIFICADA",
                "Nro. Documento": "2538",
                "Fecha Documento": "08/08/2022",
                "Tipo Soporte": "Torre Auto Soportada",
                "Altura": "38",
                "Frecuencia": "700",
                "Banda": "SHF",
                "Ancho Banda": "20",
                "Tecnolog\u00eda": "LTE",
                "Tipo Acceso": "OFDMA",
                "Latitud": "52\u00b0 16\u00b4 5.4\u00b4\u00b4",
                "Longitud": "68\u00b0 53\u00b4 41.4\u00b4\u00b4",
                "x": "-68,895",
                "y": "-52,268",
                "Latitud_Decimal": -52.268166666666666,
                "Longitud_Decimal": -68.89483333333334
            }
        },
        {
            "type": "Feature",
            "geometry": {
                "type": "Point",
                "coordinates": [
                    -70.24922222222223,
                    -53.450250000000004
                ]
            },
            "properties": {
                "C\u00f3digo Soporte": "31.660",
                "C\u00f3digo Elemento": "644.302",
                "Empresa": "WILL",
                "Nombre Comercial Tecnolog\u00eda": "4G",
                "Direcci\u00f3n": "Estancia Boquer\u00f3n Km. 20, Sector Bah\u00eda In\u00fatil",
                "Localidad": "",
                "Comuna": "Porvenir",
                "Regi\u00f3n": "Regi\u00f3n de Magallanes y de la Ant\u00e1rtica Chilena",
                "Tipo Documento Autorizatorio": "RESOLUCI\u00d3N MODIFICA CONCESI\u00d3N SERVICIOS P\u00daBLICOS NOTIFICADA",
                "Nro. Documento": "2496",
                "Fecha Documento": "03/08/2022",
                "Tipo Soporte": "Torre Ventada",
                "Altura": "60",
                "Frecuencia": "2600",
                "Banda": "UHF",
                "Ancho Banda": "20000",
                "Tecnolog\u00eda": "LTE(4G)",
                "Tipo Acceso": "FDD",
                "Latitud": "53\u00b0 27\u00b4 0.9\u00b4\u00b4",
                "Longitud": "70\u00b0 14\u00b4 57.2\u00b4\u00b4",
                "x": "-70,249",
                "y": "-53,45",
                "Latitud_Decimal": -53.450250000000004,
                "Longitud_Decimal": -70.24922222222223
            }
        },
        {
            "type": "Feature",
            "geometry": {
                "type": "Point",
                "coordinates": [
                    -72.50378611111111,
                    -51.72616666666667
                ]
            },
            "properties": {
                "C\u00f3digo Soporte": "32.086",
                "C\u00f3digo Elemento": "648.911",
                "Empresa": "TELEF\u00d3NICA M\u00d3VILES CHILE S.A.",
                "Nombre Comercial Tecnolog\u00eda": "4G",
                "Direcci\u00f3n": "Blanco Encalada",
                "Localidad": "",
                "Comuna": "Natales",
                "Regi\u00f3n": "Regi\u00f3n de Magallanes y de la Ant\u00e1rtica Chilena",
                "Tipo Documento Autorizatorio": "DECRETO EXENTO NOTIFICADO",
                "Nro. Documento": "283",
                "Fecha Documento": "19/04/2023",
                "Tipo Soporte": "Torre Auto Soportada",
                "Altura": "18",
                "Frecuencia": "2600",
                "Banda": "UHF",
                "Ancho Banda": "40000",
                "Tecnolog\u00eda": "LTE(4G)",
                "Tipo Acceso": "OFDMA",
                "Latitud": "51\u00b0 43\u00b4 34.2\u00b4\u00b4",
                "Longitud": "72\u00b0 30\u00b4 13.63\u00b4\u00b4",
                "x": "-72,504",
                "y": "-51,726",
                "Latitud_Decimal": -51.72616666666667,
                "Longitud_Decimal": -72.50378611111111
            }
        },
        {
            "type": "Feature",
            "geometry": {
                "type": "Point",
                "coordinates": [
                    -70.8234167,
                    -53.0100556
                ]
            },
            "properties": {
                "C\u00f3digo Soporte": "11.412",
                "C\u00f3digo Elemento": "652.769",
                "Empresa": "Wom",
                "Nombre Comercial Tecnolog\u00eda": "",
                "Direcci\u00f3n": "9 Norte, Sector Aeropuerto",
                "Localidad": "",
                "Comuna": "Punta Arenas",
                "Regi\u00f3n": "Regi\u00f3n de Magallanes y de la Ant\u00e1rtica Chilena",
                "Tipo Documento Autorizatorio": "RESOLUCI\u00d3N MODIFICA CONCESI\u00d3N SERVICIOS P\u00daBLICOS NOTIFICADA",
                "Nro. Documento": "2258",
                "Fecha Documento": "19/12/2024",
                "Tipo Soporte": "Torre Auto Soportada",
                "Altura": "33",
                "Frecuencia": "700",
                "Banda": "UHF",
                "Ancho Banda": "20000",
                "Tecnolog\u00eda": "LTE Advanced Pro(5G)",
                "Tipo Acceso": "FDD",
                "Latitud": "53\u00b0 0\u00b4 36.20016\u00b4\u00b4",
                "Longitud": "70\u00b0 49\u00b4 24.30012\u00b4\u00b4",
                "x": "-70,823",
                "y": "-53,01",
                "Latitud_Decimal": -53.0100556,
                "Longitud_Decimal": -70.8234167
            }
        },
        {
            "type": "Feature",
            "geometry": {
                "type": "Point",
                "coordinates": [
                    -70.90441666666668,
                    -53.15838889
                ]
            },
            "properties": {
                "C\u00f3digo Soporte": "23.496",
                "C\u00f3digo Elemento": "653.087",
                "Empresa": "Wom",
                "Nombre Comercial Tecnolog\u00eda": "",
                "Direcci\u00f3n": "Gobernador Bories",
                "Localidad": "",
                "Comuna": "Punta Arenas",
                "Regi\u00f3n": "Regi\u00f3n de Magallanes y de la Ant\u00e1rtica Chilena",
                "Tipo Documento Autorizatorio": "RESOLUCI\u00d3N MODIFICA CONCESI\u00d3N SERVICIOS P\u00daBLICOS NOTIFICADA",
                "Nro. Documento": "536",
                "Fecha Documento": "02/04/2025",
                "Tipo Soporte": "Azotea",
                "Altura": "13",
                "Frecuencia": "2100",
                "Banda": "UHF",
                "Ancho Banda": "30000",
                "Tecnolog\u00eda": "LTE(4G)",
                "Tipo Acceso": "TDMA",
                "Latitud": "53\u00b0 9\u00b4 30.200004\u00b4\u00b4",
                "Longitud": "70\u00b0 54\u00b4 15.9\u00b4\u00b4",
                "x": "-70,904",
                "y": "-53,158",
                "Latitud_Decimal": -53.15838889,
                "Longitud_Decimal": -70.90441666666668
            }
        },
        {
            "type": "Feature",
            "geometry": {
                "type": "Point",
                "coordinates": [
                    -69.34527777777777,
                    -53.07277777777778
                ]
            },
            "properties": {
                "C\u00f3digo Soporte": "19.672",
                "C\u00f3digo Elemento": "653.705",
                "Empresa": "TELEF\u00d3NICA M\u00d3VILES CHILE S.A.",
                "Nombre Comercial Tecnolog\u00eda": "5G",
                "Direcci\u00f3n": "CALLE SIN N\u00daMERO A 32 KM DE CERRO SOMBRERO",
                "Localidad": "",
                "Comuna": "Porvenir",
                "Regi\u00f3n": "Regi\u00f3n de Magallanes y de la Ant\u00e1rtica Chilena",
                "Tipo Documento Autorizatorio": "RESOLUCI\u00d3N MODIFICA CONCESI\u00d3N SERVICIOS P\u00daBLICOS NOTIFICADA",
                "Nro. Documento": "419",
                "Fecha Documento": "03/03/2023",
                "Tipo Soporte": "Torre Ventada",
                "Altura": "64",
                "Frecuencia": "3500",
                "Banda": "UHF",
                "Ancho Banda": "50000",
                "Tecnolog\u00eda": "5G(5G)",
                "Tipo Acceso": "OFDMA",
                "Latitud": "53\u00b0 4\u00b4 22\u00b4\u00b4",
                "Longitud": "69\u00b0 20\u00b4 43\u00b4\u00b4",
                "x": "-69,345",
                "y": "-53,073",
                "Latitud_Decimal": -53.07277777777778,
                "Longitud_Decimal": -69.34527777777777
            }
        },
        {
            "type": "Feature",
            "geometry": {
                "type": "Point",
                "coordinates": [
                    -67.60891699999999,
                    -54.933916999999994
                ]
            },
            "properties": {
                "C\u00f3digo Soporte": "11.423",
                "C\u00f3digo Elemento": "681.253",
                "Empresa": "CLARO CHILE SPA.",
                "Nombre Comercial Tecnolog\u00eda": "5G",
                "Direcci\u00f3n": "Base Naval Puerto Williams s/n",
                "Localidad": "",
                "Comuna": "CABO DE HORNOS",
                "Regi\u00f3n": "Regi\u00f3n de Magallanes y de la Ant\u00e1rtica Chilena",
                "Tipo Documento Autorizatorio": "DECRETO NOTIFICADO",
                "Nro. Documento": "214",
                "Fecha Documento": "26/11/2024",
                "Tipo Soporte": "Monoposte",
                "Altura": "42",
                "Frecuencia": "3500",
                "Banda": "SHF",
                "Ancho Banda": "50000",
                "Tecnolog\u00eda": "5G(5G)",
                "Tipo Acceso": "",
                "Latitud": "54\u00b0 56\u00b4 2.1012\u00b4\u00b4",
                "Longitud": "67\u00b0 36\u00b4 32.1012\u00b4\u00b4",
                "x": "-67,609",
                "y": "-54,934",
                "Latitud_Decimal": -54.933916999999994,
                "Longitud_Decimal": -67.60891699999999
            }
        },
        {
            "type": "Feature",
            "geometry": {
                "type": "Point",
                "coordinates": [
                    -70.915,
                    -53.14888888888889
                ]
            },
            "properties": {
                "C\u00f3digo Soporte": "17.031",
                "C\u00f3digo Elemento": "682.017",
                "Empresa": "TELEF\u00d3NICA M\u00d3VILES CHILE S.A.",
                "Nombre Comercial Tecnolog\u00eda": "4G",
                "Direcci\u00f3n": "GENERAL DEL CANTON\u00b0 0299 ESQ.SARGENTO ALDEA",
                "Localidad": "",
                "Comuna": "Punta Arenas",
                "Regi\u00f3n": "Regi\u00f3n de Magallanes y de la Ant\u00e1rtica Chilena",
                "Tipo Documento Autorizatorio": "RESOLUCI\u00d3N MODIFICA CONCESI\u00d3N SERVICIOS P\u00daBLICOS NOTIFICADA",
                "Nro. Documento": "1448",
                "Fecha Documento": "18/08/2025",
                "Tipo Soporte": "Torre Auto Soportada",
                "Altura": "30",
                "Frecuencia": "2600",
                "Banda": "UHF",
                "Ancho Banda": "40000",
                "Tecnolog\u00eda": "LTE(4G)",
                "Tipo Acceso": "OFDMA",
                "Latitud": "53\u00b0 8\u00b4 56\u00b4\u00b4",
                "Longitud": "70\u00b0 54\u00b4 54\u00b4\u00b4",
                "x": "-70,915",
                "y": "-53,149",
                "Latitud_Decimal": -53.14888888888889,
                "Longitud_Decimal": -70.915
            }
        },
        {
            "type": "Feature",
            "geometry": {
                "type": "Point",
                "coordinates": [
                    -70.92333333333333,
                    -53.13472222222222
                ]
            },
            "properties": {
                "C\u00f3digo Soporte": "14.923",
                "C\u00f3digo Elemento": "682.189",
                "Empresa": "TELEF\u00d3NICA M\u00d3VILES CHILE S.A.",
                "Nombre Comercial Tecnolog\u00eda": "4G",
                "Direcci\u00f3n": "CORONEL JOSE DE LOS SANTOS MARDONES N\u00b0 1695",
                "Localidad": "",
                "Comuna": "Punta Arenas",
                "Regi\u00f3n": "Regi\u00f3n de Magallanes y de la Ant\u00e1rtica Chilena",
                "Tipo Documento Autorizatorio": "RESOLUCI\u00d3N MODIFICA CONCESI\u00d3N SERVICIOS P\u00daBLICOS NOTIFICADA",
                "Nro. Documento": "1285",
                "Fecha Documento": "31/07/2025",
                "Tipo Soporte": "Torre Auto Soportada",
                "Altura": "30",
                "Frecuencia": "2600",
                "Banda": "UHF",
                "Ancho Banda": "20000",
                "Tecnolog\u00eda": "LTE(4G)",
                "Tipo Acceso": "OFDMA",
                "Latitud": "53\u00b0 8\u00b4 5\u00b4\u00b4",
                "Longitud": "70\u00b0 55\u00b4 24\u00b4\u00b4",
                "x": "-70,923",
                "y": "-53,135",
                "Latitud_Decimal": -53.13472222222222,
                "Longitud_Decimal": -70.92333333333333
            }
        },
        {
            "type": "Feature",
            "geometry": {
                "type": "Point",
                "coordinates": [
                    -70.90277777777779,
                    -53.15222222222222
                ]
            },
            "properties": {
                "C\u00f3digo Soporte": "17.803",
                "C\u00f3digo Elemento": "60.810",
                "Empresa": "MOVISTAR MOVIL",
                "Nombre Comercial Tecnolog\u00eda": "2G",
                "Direcci\u00f3n": "Armando Sanhueza N\u00ba 110 - 114",
                "Localidad": "",
                "Comuna": "Punta Arenas",
                "Regi\u00f3n": "Regi\u00f3n de Magallanes y de la Ant\u00e1rtica Chilena",
                "Tipo Documento Autorizatorio": "RES. NOTIFICADA",
                "Nro. Documento": "60",
                "Fecha Documento": "10/01/2007",
                "Tipo Soporte": "Torre Auto Soportada",
                "Altura": "30",
                "Frecuencia": "1900",
                "Banda": "UHF",
                "Ancho Banda": "10000",
                "Tecnolog\u00eda": "GSM(2G)",
                "Tipo Acceso": "TDMA",
                "Latitud": "53\u00b0 9\u00b4 8\u00b4\u00b4",
                "Longitud": "70\u00b0 54\u00b4 10\u00b4\u00b4",
                "x": "-70,903",
                "y": "-53,152",
                "Latitud_Decimal": -53.15222222222222,
                "Longitud_Decimal": -70.90277777777779
            }
        },
        {
            "type": "Feature",
            "geometry": {
                "type": "Point",
                "coordinates": [
                    -70.90749720000001,
                    -53.1613889
                ]
            },
            "properties": {
                "C\u00f3digo Soporte": "11.430",
                "C\u00f3digo Elemento": "470.496",
                "Empresa": "Claro Serv. Empresariales",
                "Nombre Comercial Tecnolog\u00eda": "4G",
                "Direcci\u00f3n": "Gobernador Carlos Bories",
                "Localidad": "",
                "Comuna": "Punta Arenas",
                "Regi\u00f3n": "Regi\u00f3n de Magallanes y de la Ant\u00e1rtica Chilena",
                "Tipo Documento Autorizatorio": "RESOLUCI\u00d3N MODIFICA CONCESI\u00d3N SERVICIOS P\u00daBLICOS NOTIFICADA",
                "Nro. Documento": "4131",
                "Fecha Documento": "25/10/2013",
                "Tipo Soporte": "Monoposte",
                "Altura": "27",
                "Frecuencia": "2600",
                "Banda": "UHF",
                "Ancho Banda": "40000",
                "Tecnolog\u00eda": "LTE(4G)",
                "Tipo Acceso": "FDD",
                "Latitud": "53\u00b0 9\u00b4 41.00004\u00b4\u00b4",
                "Longitud": "70\u00b0 54\u00b4 26.989919999999998\u00b4\u00b4",
                "x": "-70,907",
                "y": "-53,161",
                "Latitud_Decimal": -53.1613889,
                "Longitud_Decimal": -70.90749720000001
            }
        },
        {
            "type": "Feature",
            "geometry": {
                "type": "Point",
                "coordinates": [
                    -70.90555555555557,
                    -53.164722222222224
                ]
            },
            "properties": {
                "C\u00f3digo Soporte": "18.595",
                "C\u00f3digo Elemento": "483.007",
                "Empresa": "MOVISTAR MOVIL",
                "Nombre Comercial Tecnolog\u00eda": "4G",
                "Direcci\u00f3n": "Julio Roca N\u00b0953",
                "Localidad": "",
                "Comuna": "Punta Arenas",
                "Regi\u00f3n": "Regi\u00f3n de Magallanes y de la Ant\u00e1rtica Chilena",
                "Tipo Documento Autorizatorio": "RESOLUCI\u00d3N MODIFICA CONCESI\u00d3N SERVICIOS P\u00daBLICOS NOTIFICADA",
                "Nro. Documento": "4309",
                "Fecha Documento": "08/11/2013",
                "Tipo Soporte": "Monoposte",
                "Altura": "28,5",
                "Frecuencia": "2600",
                "Banda": "UHF",
                "Ancho Banda": "40000",
                "Tecnolog\u00eda": "LTE(4G)",
                "Tipo Acceso": "FDD",
                "Latitud": "53\u00b0 9\u00b4 53\u00b4\u00b4",
                "Longitud": "70\u00b0 54\u00b4 20\u00b4\u00b4",
                "x": "-70,906",
                "y": "-53,165",
                "Latitud_Decimal": -53.164722222222224,
                "Longitud_Decimal": -70.90555555555557
            }
        },
        {
            "type": "Feature",
            "geometry": {
                "type": "Point",
                "coordinates": [
                    -70.93944444444445,
                    -53.14555555555555
                ]
            },
            "properties": {
                "C\u00f3digo Soporte": "17.053",
                "C\u00f3digo Elemento": "530.875",
                "Empresa": "MOVISTAR MOVIL",
                "Nombre Comercial Tecnolog\u00eda": "4G",
                "Direcci\u00f3n": "Manuel Aguilar N\u00ba 01776",
                "Localidad": "",
                "Comuna": "Punta Arenas",
                "Regi\u00f3n": "Regi\u00f3n de Magallanes y de la Ant\u00e1rtica Chilena",
                "Tipo Documento Autorizatorio": "DECRETO NOTIFICADO",
                "Nro. Documento": "71",
                "Fecha Documento": "06/05/2015",
                "Tipo Soporte": "Monoposte",
                "Altura": "30",
                "Frecuencia": "700",
                "Banda": "UHF",
                "Ancho Banda": "20000",
                "Tecnolog\u00eda": "LTE(4G)",
                "Tipo Acceso": "FDD",
                "Latitud": "53\u00b0 8\u00b4 44\u00b4\u00b4",
                "Longitud": "70\u00b0 56\u00b4 22\u00b4\u00b4",
                "x": "-70,939",
                "y": "-53,146",
                "Latitud_Decimal": -53.14555555555555,
                "Longitud_Decimal": -70.93944444444445
            }
        },
        {
            "type": "Feature",
            "geometry": {
                "type": "Point",
                "coordinates": [
                    -69.755,
                    -52.38361111111111
                ]
            },
            "properties": {
                "C\u00f3digo Soporte": "17.660",
                "C\u00f3digo Elemento": "530.878",
                "Empresa": "MOVISTAR MOVIL",
                "Nombre Comercial Tecnolog\u00eda": "4G",
                "Direcci\u00f3n": "Cerro Kimiriake R-Ch255 Km 106",
                "Localidad": "",
                "Comuna": "San Gregorio",
                "Regi\u00f3n": "Regi\u00f3n de Magallanes y de la Ant\u00e1rtica Chilena",
                "Tipo Documento Autorizatorio": "DECRETO NOTIFICADO",
                "Nro. Documento": "71",
                "Fecha Documento": "06/05/2015",
                "Tipo Soporte": "Torre Auto Soportada",
                "Altura": "42",
                "Frecuencia": "700",
                "Banda": "UHF",
                "Ancho Banda": "20000",
                "Tecnolog\u00eda": "LTE(4G)",
                "Tipo Acceso": "FDD",
                "Latitud": "52\u00b0 23\u00b4 1\u00b4\u00b4",
                "Longitud": "69\u00b0 45\u00b4 18\u00b4\u00b4",
                "x": "-69,755",
                "y": "-52,384",
                "Latitud_Decimal": -52.38361111111111,
                "Longitud_Decimal": -69.755
            }
        },
        {
            "type": "Feature",
            "geometry": {
                "type": "Point",
                "coordinates": [
                    -72.45283055555556,
                    -51.735147222222224
                ]
            },
            "properties": {
                "C\u00f3digo Soporte": "19.873",
                "C\u00f3digo Elemento": "530.883",
                "Empresa": "MOVISTAR MOVIL",
                "Nombre Comercial Tecnolog\u00eda": "4G",
                "Direcci\u00f3n": "Parcela 14, Sector Villa Cari\u00f1o,  Lote 2-0",
                "Localidad": "",
                "Comuna": "Natales",
                "Regi\u00f3n": "Regi\u00f3n de Magallanes y de la Ant\u00e1rtica Chilena",
                "Tipo Documento Autorizatorio": "DECRETO NOTIFICADO",
                "Nro. Documento": "71",
                "Fecha Documento": "06/05/2015",
                "Tipo Soporte": "Monoposte",
                "Altura": "3",
                "Frecuencia": "700",
                "Banda": "UHF",
                "Ancho Banda": "20000",
                "Tecnolog\u00eda": "LTE(4G)",
                "Tipo Acceso": "FDD",
                "Latitud": "51\u00b0 44\u00b4 6.53\u00b4\u00b4",
                "Longitud": "72\u00b0 27\u00b4 10.19\u00b4\u00b4",
                "x": "-72,453",
                "y": "-51,735",
                "Latitud_Decimal": -51.735147222222224,
                "Longitud_Decimal": -72.45283055555556
            }
        },
        {
            "type": "Feature",
            "geometry": {
                "type": "Point",
                "coordinates": [
                    -70.87805555555555,
                    -53.11361111111111
                ]
            },
            "properties": {
                "C\u00f3digo Soporte": "14.938",
                "C\u00f3digo Elemento": "561.178",
                "Empresa": "WILL",
                "Nombre Comercial Tecnolog\u00eda": "4G",
                "Direcci\u00f3n": "JUAN WILLIAMS N\u00b006503",
                "Localidad": "",
                "Comuna": "Punta Arenas",
                "Regi\u00f3n": "Regi\u00f3n de Magallanes y de la Ant\u00e1rtica Chilena",
                "Tipo Documento Autorizatorio": "RESOLUCI\u00d3N MODIFICA CONCESI\u00d3N SERVICIOS P\u00daBLICOS NOTIFICADA",
                "Nro. Documento": "1768",
                "Fecha Documento": "04/09/2017",
                "Tipo Soporte": "Torre Auto Soportada",
                "Altura": "36",
                "Frecuencia": "700",
                "Banda": "UHF",
                "Ancho Banda": "30000",
                "Tecnolog\u00eda": "LTE(4G)",
                "Tipo Acceso": "FDD",
                "Latitud": "53\u00b0 6\u00b4 49\u00b4\u00b4",
                "Longitud": "70\u00b0 52\u00b4 41\u00b4\u00b4",
                "x": "-70,878",
                "y": "-53,114",
                "Latitud_Decimal": -53.11361111111111,
                "Longitud_Decimal": -70.87805555555555
            }
        },
        {
            "type": "Feature",
            "geometry": {
                "type": "Point",
                "coordinates": [
                    -70.90775000000001,
                    -53.14213888888889
                ]
            },
            "properties": {
                "C\u00f3digo Soporte": "19.668",
                "C\u00f3digo Elemento": "561.179",
                "Empresa": "WILL",
                "Nombre Comercial Tecnolog\u00eda": "4G",
                "Direcci\u00f3n": "CORONEL JOSE DE LOS SANTOS MARDONES N\u00b00495",
                "Localidad": "",
                "Comuna": "Punta Arenas",
                "Regi\u00f3n": "Regi\u00f3n de Magallanes y de la Ant\u00e1rtica Chilena",
                "Tipo Documento Autorizatorio": "RESOLUCI\u00d3N MODIFICA CONCESI\u00d3N SERVICIOS P\u00daBLICOS NOTIFICADA",
                "Nro. Documento": "1768",
                "Fecha Documento": "04/09/2017",
                "Tipo Soporte": "Monoposte",
                "Altura": "15",
                "Frecuencia": "700",
                "Banda": "UHF",
                "Ancho Banda": "30000",
                "Tecnolog\u00eda": "LTE(4G)",
                "Tipo Acceso": "FDD",
                "Latitud": "53\u00b0 8\u00b4 31.7\u00b4\u00b4",
                "Longitud": "70\u00b0 54\u00b4 27.900000000000002\u00b4\u00b4",
                "x": "-70,908",
                "y": "-53,142",
                "Latitud_Decimal": -53.14213888888889,
                "Longitud_Decimal": -70.90775000000001
            }
        },
        {
            "type": "Feature",
            "geometry": {
                "type": "Point",
                "coordinates": [
                    -70.93527777777778,
                    -53.150555555555556
                ]
            },
            "properties": {
                "C\u00f3digo Soporte": "23.811",
                "C\u00f3digo Elemento": "574.527",
                "Empresa": "CLARO CHILE SPA.",
                "Nombre Comercial Tecnolog\u00eda": "3G",
                "Direcci\u00f3n": "Ignacio Carrera Pinto",
                "Localidad": "",
                "Comuna": "Punta Arenas",
                "Regi\u00f3n": "Regi\u00f3n de Magallanes y de la Ant\u00e1rtica Chilena",
                "Tipo Documento Autorizatorio": "RESOLUCI\u00d3N MODIFICA CONCESI\u00d3N SERVICIOS P\u00daBLICOS NOTIFICADA",
                "Nro. Documento": "387",
                "Fecha Documento": "16/02/2018",
                "Tipo Soporte": "Torre Auto Soportada",
                "Altura": "30",
                "Frecuencia": "850",
                "Banda": "UHF",
                "Ancho Banda": "25000",
                "Tecnolog\u00eda": "UMTS(3G)",
                "Tipo Acceso": "WCDMA",
                "Latitud": "53\u00b0 9\u00b4 2\u00b4\u00b4",
                "Longitud": "70\u00b0 56\u00b4 7\u00b4\u00b4",
                "x": "-70,935",
                "y": "-53,151",
                "Latitud_Decimal": -53.150555555555556,
                "Longitud_Decimal": -70.93527777777778
            }
        },
        {
            "type": "Feature",
            "geometry": {
                "type": "Point",
                "coordinates": [
                    -70.90749720000001,
                    -53.1613889
                ]
            },
            "properties": {
                "C\u00f3digo Soporte": "11.430",
                "C\u00f3digo Elemento": "583.455",
                "Empresa": "CLARO CHILE SPA.",
                "Nombre Comercial Tecnolog\u00eda": "3G",
                "Direcci\u00f3n": "Gobernador Carlos Bories N\u00b0911",
                "Localidad": "",
                "Comuna": "Punta Arenas",
                "Regi\u00f3n": "Regi\u00f3n de Magallanes y de la Ant\u00e1rtica Chilena",
                "Tipo Documento Autorizatorio": "RESOLUCI\u00d3N MODIFICA CONCESI\u00d3N SERVICIOS P\u00daBLICOS NOTIFICADA",
                "Nro. Documento": "2628",
                "Fecha Documento": "11/12/2018",
                "Tipo Soporte": "Monoposte",
                "Altura": "27",
                "Frecuencia": "850",
                "Banda": "UHF",
                "Ancho Banda": "25000",
                "Tecnolog\u00eda": "UMTS(3G)",
                "Tipo Acceso": "FDD",
                "Latitud": "53\u00b0 9\u00b4 41.00004\u00b4\u00b4",
                "Longitud": "70\u00b0 54\u00b4 26.989919999999998\u00b4\u00b4",
                "x": "-70,907",
                "y": "-53,161",
                "Latitud_Decimal": -53.1613889,
                "Longitud_Decimal": -70.90749720000001
            }
        },
        {
            "type": "Feature",
            "geometry": {
                "type": "Point",
                "coordinates": [
                    -70.93194444444445,
                    -53.159444444444446
                ]
            },
            "properties": {
                "C\u00f3digo Soporte": "17.631",
                "C\u00f3digo Elemento": "584.174",
                "Empresa": "MOVISTAR MOVIL",
                "Nombre Comercial Tecnolog\u00eda": "4G",
                "Direcci\u00f3n": "MARTINEZ DE ALDUNATE N\u00b01471",
                "Localidad": "",
                "Comuna": "Punta Arenas",
                "Regi\u00f3n": "Regi\u00f3n de Magallanes y de la Ant\u00e1rtica Chilena",
                "Tipo Documento Autorizatorio": "RESOLUCI\u00d3N MODIFICA CONCESI\u00d3N SERVICIOS P\u00daBLICOS NOTIFICADA",
                "Nro. Documento": "1259",
                "Fecha Documento": "19/06/2019",
                "Tipo Soporte": "Torre Auto Soportada",
                "Altura": "36",
                "Frecuencia": "2600",
                "Banda": "UHF",
                "Ancho Banda": "40000",
                "Tecnolog\u00eda": "LTE(4G)",
                "Tipo Acceso": "WCDMA",
                "Latitud": "53\u00b0 9\u00b4 34\u00b4\u00b4",
                "Longitud": "70\u00b0 55\u00b4 55\u00b4\u00b4",
                "x": "-70,932",
                "y": "-53,159",
                "Latitud_Decimal": -53.159444444444446,
                "Longitud_Decimal": -70.93194444444445
            }
        },
        {
            "type": "Feature",
            "geometry": {
                "type": "Point",
                "coordinates": [
                    -70.94358333333334,
                    -53.11780556
                ]
            },
            "properties": {
                "C\u00f3digo Soporte": "11.436",
                "C\u00f3digo Elemento": "586.283",
                "Empresa": "CLARO CHILE SPA.",
                "Nombre Comercial Tecnolog\u00eda": "",
                "Direcci\u00f3n": "Prolongaci\u00f3n Calle Mardones, Parcela 110, Sector Pampa Redonda  S/N",
                "Localidad": "",
                "Comuna": "Punta Arenas",
                "Regi\u00f3n": "Regi\u00f3n de Magallanes y de la Ant\u00e1rtica Chilena",
                "Tipo Documento Autorizatorio": "RESOLUCI\u00d3N MODIFICA CONCESI\u00d3N SERVICIOS P\u00daBLICOS NOTIFICADA",
                "Nro. Documento": "2624",
                "Fecha Documento": "18/08/2022",
                "Tipo Soporte": "Torre Auto Soportada",
                "Altura": "36",
                "Frecuencia": "700",
                "Banda": "UHF",
                "Ancho Banda": "20000",
                "Tecnolog\u00eda": "LTE(4G)",
                "Tipo Acceso": "FDD",
                "Latitud": "53\u00b0 7\u00b4 4.100016\u00b4\u00b4",
                "Longitud": "70\u00b0 56\u00b4 36.9\u00b4\u00b4",
                "x": "-70,944",
                "y": "-53,118",
                "Latitud_Decimal": -53.11780556,
                "Longitud_Decimal": -70.94358333333334
            }
        },
        {
            "type": "Feature",
            "geometry": {
                "type": "Point",
                "coordinates": [
                    -69.2911111111111,
                    -52.77583333333333
                ]
            },
            "properties": {
                "C\u00f3digo Soporte": "16.827",
                "C\u00f3digo Elemento": "597.384",
                "Empresa": "MOVISTAR MOVIL",
                "Nombre Comercial Tecnolog\u00eda": "4G",
                "Direcci\u00f3n": "Cerro Sombrero, Ruta 257, Km 211.5.",
                "Localidad": "",
                "Comuna": "Primavera",
                "Regi\u00f3n": "Regi\u00f3n de Magallanes y de la Ant\u00e1rtica Chilena",
                "Tipo Documento Autorizatorio": "RESOLUCI\u00d3N MODIFICA CONCESI\u00d3N SERVICIOS P\u00daBLICOS NOTIFICADA",
                "Nro. Documento": "1207",
                "Fecha Documento": "10/06/2019",
                "Tipo Soporte": "Torre Auto Soportada",
                "Altura": "36",
                "Frecuencia": "2600",
                "Banda": "UHF",
                "Ancho Banda": "40000",
                "Tecnolog\u00eda": "LTE(4G)",
                "Tipo Acceso": "FDD",
                "Latitud": "52\u00b0 46\u00b4 33\u00b4\u00b4",
                "Longitud": "69\u00b0 17\u00b4 28\u00b4\u00b4",
                "x": "-69,291",
                "y": "-52,776",
                "Latitud_Decimal": -52.77583333333333,
                "Longitud_Decimal": -69.2911111111111
            }
        },
        {
            "type": "Feature",
            "geometry": {
                "type": "Point",
                "coordinates": [
                    -72.48005555555555,
                    -51.71461111111111
                ]
            },
            "properties": {
                "C\u00f3digo Soporte": "18.598",
                "C\u00f3digo Elemento": "626.586",
                "Empresa": "Wom",
                "Nombre Comercial Tecnolog\u00eda": "5G",
                "Direcci\u00f3n": "Camino Dorotea Km 3, s/n, Natales, Magallanes Y La Ant\u00e1rtica Chilena",
                "Localidad": "",
                "Comuna": "Natales",
                "Regi\u00f3n": "Regi\u00f3n de Magallanes y de la Ant\u00e1rtica Chilena",
                "Tipo Documento Autorizatorio": "DECRETO NOTIFICADO",
                "Nro. Documento": "32",
                "Fecha Documento": "11/03/2021",
                "Tipo Soporte": "Torre Auto Soportada",
                "Altura": "25",
                "Frecuencia": "2100",
                "Banda": "UHF",
                "Ancho Banda": "30000",
                "Tecnolog\u00eda": "LTE Advanced Pro(5G)",
                "Tipo Acceso": "OFDMA",
                "Latitud": "51\u00b0 42\u00b4 52.6\u00b4\u00b4",
                "Longitud": "72\u00b0 28\u00b4 48.2\u00b4\u00b4",
                "x": "-72,48",
                "y": "-51,715",
                "Latitud_Decimal": -51.71461111111111,
                "Longitud_Decimal": -72.48005555555555
            }
        },
        {
            "type": "Feature",
            "geometry": {
                "type": "Point",
                "coordinates": [
                    -70.93194444444445,
                    -53.16027777777778
                ]
            },
            "properties": {
                "C\u00f3digo Soporte": "18.597",
                "C\u00f3digo Elemento": "630.117",
                "Empresa": "Wom",
                "Nombre Comercial Tecnolog\u00eda": "5G",
                "Direcci\u00f3n": "Cancha Rayada N\u00b0 375, Punta Arenas, Magallanes Y La Ant\u00e1rtica Chilena",
                "Localidad": "",
                "Comuna": "Punta Arenas",
                "Regi\u00f3n": "Regi\u00f3n de Magallanes y de la Ant\u00e1rtica Chilena",
                "Tipo Documento Autorizatorio": "DECRETO NOTIFICADO",
                "Nro. Documento": "78",
                "Fecha Documento": "24/05/2021",
                "Tipo Soporte": "Monoposte",
                "Altura": "29",
                "Frecuencia": "3500",
                "Banda": "SHF",
                "Ancho Banda": "50000",
                "Tecnolog\u00eda": "5G(5G)",
                "Tipo Acceso": "OFDMA",
                "Latitud": "53\u00b0 9\u00b4 37\u00b4\u00b4",
                "Longitud": "70\u00b0 55\u00b4 55\u00b4\u00b4",
                "x": "-70,932",
                "y": "-53,16",
                "Latitud_Decimal": -53.16027777777778,
                "Longitud_Decimal": -70.93194444444445
            }
        },
        {
            "type": "Feature",
            "geometry": {
                "type": "Point",
                "coordinates": [
                    -70.89653055555556,
                    -53.16308055555555
                ]
            },
            "properties": {
                "C\u00f3digo Soporte": "25.920",
                "C\u00f3digo Elemento": "630.159",
                "Empresa": "Wom",
                "Nombre Comercial Tecnolog\u00eda": "5G",
                "Direcci\u00f3n": "Av. Cristobal Colon N\u00b0 1290, Punta Arenas, Magallanes Y La Ant\u00e1rtica Chilena",
                "Localidad": "",
                "Comuna": "Punta Arenas",
                "Regi\u00f3n": "Regi\u00f3n de Magallanes y de la Ant\u00e1rtica Chilena",
                "Tipo Documento Autorizatorio": "DECRETO NOTIFICADO",
                "Nro. Documento": "78",
                "Fecha Documento": "24/05/2021",
                "Tipo Soporte": "Azotea",
                "Altura": "30",
                "Frecuencia": "3500",
                "Banda": "SHF",
                "Ancho Banda": "50000",
                "Tecnolog\u00eda": "5G(5G)",
                "Tipo Acceso": "OFDMA",
                "Latitud": "53\u00b0 9\u00b4 47.09\u00b4\u00b4",
                "Longitud": "70\u00b0 53\u00b4 47.51\u00b4\u00b4",
                "x": "-70,897",
                "y": "-53,163",
                "Latitud_Decimal": -53.16308055555555,
                "Longitud_Decimal": -70.89653055555556
            }
        },
        {
            "type": "Feature",
            "geometry": {
                "type": "Point",
                "coordinates": [
                    -70.9088888888889,
                    -53.132777777777775
                ]
            },
            "properties": {
                "C\u00f3digo Soporte": "14.937",
                "C\u00f3digo Elemento": "633.232",
                "Empresa": "WILL",
                "Nombre Comercial Tecnolog\u00eda": "3G/5G",
                "Direcci\u00f3n": "Presidente\nEduardo        Frei\nMontalva         N\u00b0\n0983",
                "Localidad": "",
                "Comuna": "Punta Arenas",
                "Regi\u00f3n": "Regi\u00f3n de Magallanes y de la Ant\u00e1rtica Chilena",
                "Tipo Documento Autorizatorio": "RESOLUCI\u00d3N MODIFICA CONCESI\u00d3N SERVICIOS P\u00daBLICOS NOTIFICADA",
                "Nro. Documento": "526",
                "Fecha Documento": "01/03/2022",
                "Tipo Soporte": "Torre Auto Soportada",
                "Altura": "30",
                "Frecuencia": "700",
                "Banda": "UHF",
                "Ancho Banda": "15000",
                "Tecnolog\u00eda": "UMTS(3G)/LTE Advanced Pro(5G)",
                "Tipo Acceso": "OFDMA",
                "Latitud": "53\u00b0 7\u00b4 58\u00b4\u00b4",
                "Longitud": "70\u00b0 54\u00b4 32\u00b4\u00b4",
                "x": "-70,909",
                "y": "-53,133",
                "Latitud_Decimal": -53.132777777777775,
                "Longitud_Decimal": -70.9088888888889
            }
        },
        {
            "type": "Feature",
            "geometry": {
                "type": "Point",
                "coordinates": [
                    -72.19555555555556,
                    -51.79749722222222
                ]
            },
            "properties": {
                "C\u00f3digo Soporte": "19.920",
                "C\u00f3digo Elemento": "634.577",
                "Empresa": "WILL",
                "Nombre Comercial Tecnolog\u00eda": "4G",
                "Direcci\u00f3n": "Lote 1 Rio Tranquilo Estancia Los Baqueano",
                "Localidad": "",
                "Comuna": "Natales",
                "Regi\u00f3n": "Regi\u00f3n de Magallanes y de la Ant\u00e1rtica Chilena",
                "Tipo Documento Autorizatorio": "RESOLUCI\u00d3N MODIFICA CONCESI\u00d3N SERVICIOS P\u00daBLICOS NOTIFICADA",
                "Nro. Documento": "745",
                "Fecha Documento": "18/03/2022",
                "Tipo Soporte": "Monoposte",
                "Altura": "0",
                "Frecuencia": "2600",
                "Banda": "UHF",
                "Ancho Banda": "40000",
                "Tecnolog\u00eda": "LTE(4G)",
                "Tipo Acceso": "OFDMA",
                "Latitud": "51\u00b0 47\u00b4 50.99\u00b4\u00b4",
                "Longitud": "72\u00b0 11\u00b4 44\u00b4\u00b4",
                "x": "-72,196",
                "y": "-51,797",
                "Latitud_Decimal": -51.79749722222222,
                "Longitud_Decimal": -72.19555555555556
            }
        },
        {
            "type": "Feature",
            "geometry": {
                "type": "Point",
                "coordinates": [
                    -70.81972222222223,
                    -52.94333333333333
                ]
            },
            "properties": {
                "C\u00f3digo Soporte": "14.916",
                "C\u00f3digo Elemento": "635.086",
                "Empresa": "WILL",
                "Nombre Comercial Tecnolog\u00eda": "4G",
                "Direcci\u00f3n": "Recinto Enap, Cabo Negro",
                "Localidad": "",
                "Comuna": "Punta Arenas",
                "Regi\u00f3n": "Regi\u00f3n de Magallanes y de la Ant\u00e1rtica Chilena",
                "Tipo Documento Autorizatorio": "RESOLUCI\u00d3N MODIFICA CONCESI\u00d3N SERVICIOS P\u00daBLICOS NOTIFICADA",
                "Nro. Documento": "1012",
                "Fecha Documento": "31/03/2022",
                "Tipo Soporte": "Torre Auto Soportada",
                "Altura": "42",
                "Frecuencia": "2600",
                "Banda": "UHF",
                "Ancho Banda": "40000",
                "Tecnolog\u00eda": "LTE(4G)",
                "Tipo Acceso": "OFDMA",
                "Latitud": "52\u00b0 56\u00b4 36\u00b4\u00b4",
                "Longitud": "70\u00b0 49\u00b4 11\u00b4\u00b4",
                "x": "-70,82",
                "y": "-52,943",
                "Latitud_Decimal": -52.94333333333333,
                "Longitud_Decimal": -70.81972222222223
            }
        },
        {
            "type": "Feature",
            "geometry": {
                "type": "Point",
                "coordinates": [
                    -70.90555555555557,
                    -53.16444444444444
                ]
            },
            "properties": {
                "C\u00f3digo Soporte": "16.971",
                "C\u00f3digo Elemento": "641.616",
                "Empresa": "WILL",
                "Nombre Comercial Tecnolog\u00eda": "4G",
                "Direcci\u00f3n": "Calle Roca N\u00b0\n953",
                "Localidad": "",
                "Comuna": "Punta Arenas",
                "Regi\u00f3n": "Regi\u00f3n de Magallanes y de la Ant\u00e1rtica Chilena",
                "Tipo Documento Autorizatorio": "RESOLUCI\u00d3N MODIFICA CONCESI\u00d3N SERVICIOS P\u00daBLICOS NOTIFICADA",
                "Nro. Documento": "1957",
                "Fecha Documento": "22/06/2022",
                "Tipo Soporte": "Monoposte",
                "Altura": "30",
                "Frecuencia": "2600",
                "Banda": "UHF",
                "Ancho Banda": "20000",
                "Tecnolog\u00eda": "LTE(4G)",
                "Tipo Acceso": "FDD",
                "Latitud": "53\u00b0 9\u00b4 52\u00b4\u00b4",
                "Longitud": "70\u00b0 54\u00b4 20\u00b4\u00b4",
                "x": "-70,906",
                "y": "-53,164",
                "Latitud_Decimal": -53.16444444444444,
                "Longitud_Decimal": -70.90555555555557
            }
        },
        {
            "type": "Feature",
            "geometry": {
                "type": "Point",
                "coordinates": [
                    -72.31972222222223,
                    -51.611111111111114
                ]
            },
            "properties": {
                "C\u00f3digo Soporte": "14.967",
                "C\u00f3digo Elemento": "644.486",
                "Empresa": "Wom",
                "Nombre Comercial Tecnolog\u00eda": "",
                "Direcci\u00f3n": "Hijuela 32, Dorotea",
                "Localidad": "",
                "Comuna": "Natales",
                "Regi\u00f3n": "Regi\u00f3n de Magallanes y de la Ant\u00e1rtica Chilena",
                "Tipo Documento Autorizatorio": "RESOLUCI\u00d3N MODIFICA CONCESI\u00d3N SERVICIOS P\u00daBLICOS NOTIFICADA",
                "Nro. Documento": "983",
                "Fecha Documento": "18/06/2025",
                "Tipo Soporte": "Torre Ventada",
                "Altura": "60",
                "Frecuencia": "2100",
                "Banda": "SHF",
                "Ancho Banda": "60000",
                "Tecnolog\u00eda": "LTE(4G)",
                "Tipo Acceso": "OFDMA",
                "Latitud": "51\u00b0 36\u00b4 40\u00b4\u00b4",
                "Longitud": "72\u00b0 19\u00b4 11\u00b4\u00b4",
                "x": "-72,32",
                "y": "-51,611",
                "Latitud_Decimal": -51.611111111111114,
                "Longitud_Decimal": -72.31972222222223
            }
        },
        {
            "type": "Feature",
            "geometry": {
                "type": "Point",
                "coordinates": [
                    -70.89653055555556,
                    -53.16308055555555
                ]
            },
            "properties": {
                "C\u00f3digo Soporte": "25.920",
                "C\u00f3digo Elemento": "654.392",
                "Empresa": "Wom",
                "Nombre Comercial Tecnolog\u00eda": "",
                "Direcci\u00f3n": "Cristobal Col\u00f3n",
                "Localidad": "",
                "Comuna": "Punta Arenas",
                "Regi\u00f3n": "Regi\u00f3n de Magallanes y de la Ant\u00e1rtica Chilena",
                "Tipo Documento Autorizatorio": "RESOLUCI\u00d3N MODIFICA CONCESI\u00d3N SERVICIOS P\u00daBLICOS NOTIFICADA",
                "Nro. Documento": "982",
                "Fecha Documento": "18/06/2025",
                "Tipo Soporte": "Azotea",
                "Altura": "30",
                "Frecuencia": "2100",
                "Banda": "",
                "Ancho Banda": "30000",
                "Tecnolog\u00eda": "LTE Advanced Pro(5G)",
                "Tipo Acceso": "OFDMA",
                "Latitud": "53\u00b0 9\u00b4 47.09\u00b4\u00b4",
                "Longitud": "70\u00b0 53\u00b4 47.51\u00b4\u00b4",
                "x": "-70,897",
                "y": "-53,163",
                "Latitud_Decimal": -53.16308055555555,
                "Longitud_Decimal": -70.89653055555556
            }
        },
        {
            "type": "Feature",
            "geometry": {
                "type": "Point",
                "coordinates": [
                    -70.94191666666667,
                    -53.15436111111111
                ]
            },
            "properties": {
                "C\u00f3digo Soporte": "31.979",
                "C\u00f3digo Elemento": "660.227",
                "Empresa": "WILL",
                "Nombre Comercial Tecnolog\u00eda": "4G",
                "Direcci\u00f3n": "Bah\u00eda Lomas S/N, al costado de Islote Snipe N\u00b001143",
                "Localidad": "",
                "Comuna": "Punta Arenas",
                "Regi\u00f3n": "Regi\u00f3n de Magallanes y de la Ant\u00e1rtica Chilena",
                "Tipo Documento Autorizatorio": "RESOLUCI\u00d3N MODIFICA CONCESI\u00d3N SERVICIOS P\u00daBLICOS NOTIFICADA",
                "Nro. Documento": "1456",
                "Fecha Documento": "05/07/2023",
                "Tipo Soporte": "Poste de Concreto",
                "Altura": "12",
                "Frecuencia": "2600",
                "Banda": "SHF",
                "Ancho Banda": "40000",
                "Tecnolog\u00eda": "LTE(4G)",
                "Tipo Acceso": "OFDMA",
                "Latitud": "53\u00b0 9\u00b4 15.700000000000001\u00b4\u00b4",
                "Longitud": "70\u00b0 56\u00b4 30.900000000000002\u00b4\u00b4",
                "x": "-70,942",
                "y": "-53,154",
                "Latitud_Decimal": -53.15436111111111,
                "Longitud_Decimal": -70.94191666666667
            }
        },
        {
            "type": "Feature",
            "geometry": {
                "type": "Point",
                "coordinates": [
                    -67.60891699999999,
                    -54.933916999999994
                ]
            },
            "properties": {
                "C\u00f3digo Soporte": "11.423",
                "C\u00f3digo Elemento": "680.208",
                "Empresa": "CLARO CHILE SPA.",
                "Nombre Comercial Tecnolog\u00eda": "4G",
                "Direcci\u00f3n": "Base Naval Puerto Williams",
                "Localidad": "",
                "Comuna": "CABO DE HORNOS",
                "Regi\u00f3n": "Regi\u00f3n de Magallanes y de la Ant\u00e1rtica Chilena",
                "Tipo Documento Autorizatorio": "RESOLUCI\u00d3N MODIFICA CONCESI\u00d3N SERVICIOS P\u00daBLICOS NOTIFICADA",
                "Nro. Documento": "888",
                "Fecha Documento": "06/06/2025",
                "Tipo Soporte": "Monoposte",
                "Altura": "42",
                "Frecuencia": "700",
                "Banda": "UHF",
                "Ancho Banda": "10000",
                "Tecnolog\u00eda": "LTE(4G)",
                "Tipo Acceso": "FDD",
                "Latitud": "54\u00b0 56\u00b4 2.1012\u00b4\u00b4",
                "Longitud": "67\u00b0 36\u00b4 32.1012\u00b4\u00b4",
                "x": "-67,609",
                "y": "-54,934",
                "Latitud_Decimal": -54.933916999999994,
                "Longitud_Decimal": -67.60891699999999
            }
        },
        {
            "type": "Feature",
            "geometry": {
                "type": "Point",
                "coordinates": [
                    -70.89796940000001,
                    -53.1412472
                ]
            },
            "properties": {
                "C\u00f3digo Soporte": "11.411",
                "C\u00f3digo Elemento": "681.049",
                "Empresa": "CLARO CHILE SPA.",
                "Nombre Comercial Tecnolog\u00eda": "5G",
                "Direcci\u00f3n": "Dr. Oscar Munizaga, S/N",
                "Localidad": "",
                "Comuna": "Punta Arenas",
                "Regi\u00f3n": "Regi\u00f3n de Magallanes y de la Ant\u00e1rtica Chilena",
                "Tipo Documento Autorizatorio": "DECRETO NOTIFICADO",
                "Nro. Documento": "214",
                "Fecha Documento": "26/11/2024",
                "Tipo Soporte": "Monoposte",
                "Altura": "36",
                "Frecuencia": "3500",
                "Banda": "SHF",
                "Ancho Banda": "50000",
                "Tecnolog\u00eda": "5G(5G)",
                "Tipo Acceso": "",
                "Latitud": "53\u00b0 8\u00b4 28.489919999999998\u00b4\u00b4",
                "Longitud": "70\u00b0 53\u00b4 52.68984\u00b4\u00b4",
                "x": "-70,898",
                "y": "-53,141",
                "Latitud_Decimal": -53.1412472,
                "Longitud_Decimal": -70.89796940000001
            }
        },
        {
            "type": "Feature",
            "geometry": {
                "type": "Point",
                "coordinates": [
                    -72.13258055555555,
                    -51.924388888888885
                ]
            },
            "properties": {
                "C\u00f3digo Soporte": "34.263",
                "C\u00f3digo Elemento": "681.230",
                "Empresa": "CLARO CHILE SPA.",
                "Nombre Comercial Tecnolog\u00eda": "5G",
                "Direcci\u00f3n": "Predio denominado Prolongaci\u00f3n Estancia Wimmy, Parcela N\u00b010",
                "Localidad": "",
                "Comuna": "Natales",
                "Regi\u00f3n": "Regi\u00f3n de Magallanes y de la Ant\u00e1rtica Chilena",
                "Tipo Documento Autorizatorio": "DECRETO NOTIFICADO",
                "Nro. Documento": "214",
                "Fecha Documento": "26/11/2024",
                "Tipo Soporte": "Torre Ventada",
                "Altura": "17",
                "Frecuencia": "3500",
                "Banda": "SHF",
                "Ancho Banda": "50000",
                "Tecnolog\u00eda": "5G(5G)",
                "Tipo Acceso": "",
                "Latitud": "51\u00b0 55\u00b4 27.8\u00b4\u00b4",
                "Longitud": "72\u00b0 7\u00b4 57.29\u00b4\u00b4",
                "x": "-72,133",
                "y": "-51,924",
                "Latitud_Decimal": -51.924388888888885,
                "Longitud_Decimal": -72.13258055555555
            }
        },
        {
            "type": "Feature",
            "geometry": {
                "type": "Point",
                "coordinates": [
                    -72.4868583,
                    -51.7299694
                ]
            },
            "properties": {
                "C\u00f3digo Soporte": "11.414",
                "C\u00f3digo Elemento": "681.251",
                "Empresa": "CLARO CHILE SPA.",
                "Nombre Comercial Tecnolog\u00eda": "5G",
                "Direcci\u00f3n": "Sim\u00f3n Bol\u00edvar N\u00ba 1455",
                "Localidad": "",
                "Comuna": "Natales",
                "Regi\u00f3n": "Regi\u00f3n de Magallanes y de la Ant\u00e1rtica Chilena",
                "Tipo Documento Autorizatorio": "DECRETO NOTIFICADO",
                "Nro. Documento": "214",
                "Fecha Documento": "26/11/2024",
                "Tipo Soporte": "Monoposte",
                "Altura": "30",
                "Frecuencia": "3500",
                "Banda": "SHF",
                "Ancho Banda": "50000",
                "Tecnolog\u00eda": "5G(5G)",
                "Tipo Acceso": "",
                "Latitud": "51\u00b0 43\u00b4 47.88984\u00b4\u00b4",
                "Longitud": "72\u00b0 29\u00b4 12.689879999999999\u00b4\u00b4",
                "x": "-72,487",
                "y": "-51,73",
                "Latitud_Decimal": -51.7299694,
                "Longitud_Decimal": -72.4868583
            }
        },
        {
            "type": "Feature",
            "geometry": {
                "type": "Point",
                "coordinates": [
                    -72.43819444444445,
                    -51.68058333333333
                ]
            },
            "properties": {
                "C\u00f3digo Soporte": "19.270",
                "C\u00f3digo Elemento": "682.774",
                "Empresa": "TELEF\u00d3NICA M\u00d3VILES CHILE S.A.",
                "Nombre Comercial Tecnolog\u00eda": "4G",
                "Direcci\u00f3n": "CERRO DOROTEA S/N (Cerro Dorotea, desde intersecci\u00f3n de Ruta 9 con Ruta Y-315, 2,8 Km en direcci\u00f3n Norte)",
                "Localidad": "",
                "Comuna": "Natales",
                "Regi\u00f3n": "Regi\u00f3n de Magallanes y de la Ant\u00e1rtica Chilena",
                "Tipo Documento Autorizatorio": "RESOLUCI\u00d3N MODIFICA CONCESI\u00d3N SERVICIOS P\u00daBLICOS NOTIFICADA",
                "Nro. Documento": "1517",
                "Fecha Documento": "26/08/2025",
                "Tipo Soporte": "Torre Ventada",
                "Altura": "21",
                "Frecuencia": "2600",
                "Banda": "SHF",
                "Ancho Banda": "40000",
                "Tecnolog\u00eda": "LTE(4G)",
                "Tipo Acceso": "OFDMA",
                "Latitud": "51\u00b0 40\u00b4 50.1\u00b4\u00b4",
                "Longitud": "72\u00b0 26\u00b4 17.5\u00b4\u00b4",
                "x": "-72,438",
                "y": "-51,681",
                "Latitud_Decimal": -51.68058333333333,
                "Longitud_Decimal": -72.43819444444445
            }
        },
        {
            "type": "Feature",
            "geometry": {
                "type": "Point",
                "coordinates": [
                    -71.48275,
                    -52.37678611111111
                ]
            },
            "properties": {
                "C\u00f3digo Soporte": "18.323",
                "C\u00f3digo Elemento": "13.865",
                "Empresa": "Movistar",
                "Nombre Comercial Tecnolog\u00eda": "2G",
                "Direcci\u00f3n": "Ruta 9, Aprox.En Km 1099, Estancia Puro Chile.",
                "Localidad": "",
                "Comuna": "Laguna Blanca",
                "Regi\u00f3n": "Regi\u00f3n de Magallanes y de la Ant\u00e1rtica Chilena",
                "Tipo Documento Autorizatorio": "DECRETO NOTIFICADO",
                "Nro. Documento": "58",
                "Fecha Documento": "10/01/2007",
                "Tipo Soporte": "Torre Auto Soportada",
                "Altura": "36",
                "Frecuencia": "1900",
                "Banda": "UHF",
                "Ancho Banda": "10000",
                "Tecnolog\u00eda": "GSM(2G)",
                "Tipo Acceso": "TDMA",
                "Latitud": "52\u00b0 22\u00b4 36.43\u00b4\u00b4",
                "Longitud": "71\u00b0 28\u00b4 57.9\u00b4\u00b4",
                "x": "-71,483",
                "y": "-52,377",
                "Latitud_Decimal": -52.37678611111111,
                "Longitud_Decimal": -71.48275
            }
        },
        {
            "type": "Feature",
            "geometry": {
                "type": "Point",
                "coordinates": [
                    -72.43758333333334,
                    -51.67988889
                ]
            },
            "properties": {
                "C\u00f3digo Soporte": "11.421",
                "C\u00f3digo Elemento": "440.784",
                "Empresa": "Claro Serv. Empresariales",
                "Nombre Comercial Tecnolog\u00eda": "4G",
                "Direcci\u00f3n": "Ruta Puerto Natales - Punta Arenas Km, 7,2, Sector Mirador Dorotea",
                "Localidad": "",
                "Comuna": "Natales",
                "Regi\u00f3n": "Regi\u00f3n de Magallanes y de la Ant\u00e1rtica Chilena",
                "Tipo Documento Autorizatorio": "DECRETO NOTIFICADO",
                "Nro. Documento": "78",
                "Fecha Documento": "30/05/2013",
                "Tipo Soporte": "Torre Ventada",
                "Altura": "24",
                "Frecuencia": "2600",
                "Banda": "UHF",
                "Ancho Banda": "40000",
                "Tecnolog\u00eda": "LTE(4G)",
                "Tipo Acceso": "FDD",
                "Latitud": "51\u00b0 40\u00b4 47.600004\u00b4\u00b4",
                "Longitud": "72\u00b0 26\u00b4 15.3\u00b4\u00b4",
                "x": "-72,438",
                "y": "-51,68",
                "Latitud_Decimal": -51.67988889,
                "Longitud_Decimal": -72.43758333333334
            }
        },
        {
            "type": "Feature",
            "geometry": {
                "type": "Point",
                "coordinates": [
                    -70.956389,
                    -53.142667
                ]
            },
            "properties": {
                "C\u00f3digo Soporte": "11.437",
                "C\u00f3digo Elemento": "440.787",
                "Empresa": "Claro Serv. Empresariales",
                "Nombre Comercial Tecnolog\u00eda": "4G",
                "Direcci\u00f3n": "Prolongaci\u00f3n General del Canto, Parcela N\u00b0 4, Sector Mirador Sur",
                "Localidad": "",
                "Comuna": "Punta Arenas",
                "Regi\u00f3n": "Regi\u00f3n de Magallanes y de la Ant\u00e1rtica Chilena",
                "Tipo Documento Autorizatorio": "DECRETO NOTIFICADO",
                "Nro. Documento": "78",
                "Fecha Documento": "30/05/2013",
                "Tipo Soporte": "Torre Auto Soportada",
                "Altura": "30",
                "Frecuencia": "2600",
                "Banda": "UHF",
                "Ancho Banda": "40000",
                "Tecnolog\u00eda": "LTE(4G)",
                "Tipo Acceso": "FDD",
                "Latitud": "53\u00b0 8\u00b4 33.6012\u00b4\u00b4",
                "Longitud": "70\u00b0 57\u00b4 23.000400000000003\u00b4\u00b4",
                "x": "-70,956",
                "y": "-53,143",
                "Latitud_Decimal": -53.142667,
                "Longitud_Decimal": -70.956389
            }
        },
        {
            "type": "Feature",
            "geometry": {
                "type": "Point",
                "coordinates": [
                    -70.94960830000001,
                    -53.1775556
                ]
            },
            "properties": {
                "C\u00f3digo Soporte": "11.426",
                "C\u00f3digo Elemento": "450.974",
                "Empresa": "Claro Serv. Empresariales",
                "Nombre Comercial Tecnolog\u00eda": "4G",
                "Direcci\u00f3n": "Mat\u00ednez de Aldunate",
                "Localidad": "",
                "Comuna": "Punta Arenas",
                "Regi\u00f3n": "Regi\u00f3n de Magallanes y de la Ant\u00e1rtica Chilena",
                "Tipo Documento Autorizatorio": "RESOLUCI\u00d3N MODIFICA CONCESI\u00d3N SERVICIOS P\u00daBLICOS NOTIFICADA",
                "Nro. Documento": "3062",
                "Fecha Documento": "12/08/2013",
                "Tipo Soporte": "Torre Auto Soportada",
                "Altura": "36",
                "Frecuencia": "2600",
                "Banda": "UHF",
                "Ancho Banda": "40000",
                "Tecnolog\u00eda": "LTE(4G)",
                "Tipo Acceso": "FDD",
                "Latitud": "53\u00b0 10\u00b4 39.20016\u00b4\u00b4",
                "Longitud": "70\u00b0 56\u00b4 58.58988\u00b4\u00b4",
                "x": "-70,95",
                "y": "-53,178",
                "Latitud_Decimal": -53.1775556,
                "Longitud_Decimal": -70.94960830000001
            }
        },
        {
            "type": "Feature",
            "geometry": {
                "type": "Point",
                "coordinates": [
                    -70.86969169999999,
                    -53.125666700000004
                ]
            },
            "properties": {
                "C\u00f3digo Soporte": "11.425",
                "C\u00f3digo Elemento": "470.494",
                "Empresa": "Claro Serv. Empresariales",
                "Nombre Comercial Tecnolog\u00eda": "4G",
                "Direcci\u00f3n": "Bulnes",
                "Localidad": "",
                "Comuna": "Punta Arenas",
                "Regi\u00f3n": "Regi\u00f3n de Magallanes y de la Ant\u00e1rtica Chilena",
                "Tipo Documento Autorizatorio": "RESOLUCI\u00d3N MODIFICA CONCESI\u00d3N SERVICIOS P\u00daBLICOS NOTIFICADA",
                "Nro. Documento": "4131",
                "Fecha Documento": "25/10/2013",
                "Tipo Soporte": "Monoposte",
                "Altura": "36",
                "Frecuencia": "2600",
                "Banda": "UHF",
                "Ancho Banda": "40000",
                "Tecnolog\u00eda": "LTE(4G)",
                "Tipo Acceso": "FDD",
                "Latitud": "53\u00b0 7\u00b4 32.40012\u00b4\u00b4",
                "Longitud": "70\u00b0 52\u00b4 10.89012\u00b4\u00b4",
                "x": "-70,87",
                "y": "-53,126",
                "Latitud_Decimal": -53.125666700000004,
                "Longitud_Decimal": -70.86969169999999
            }
        },
        {
            "type": "Feature",
            "geometry": {
                "type": "Point",
                "coordinates": [
                    -72.43758333333334,
                    -51.67988889
                ]
            },
            "properties": {
                "C\u00f3digo Soporte": "11.421",
                "C\u00f3digo Elemento": "530.183",
                "Empresa": "Claro Serv. Empresariales",
                "Nombre Comercial Tecnolog\u00eda": "4G",
                "Direcci\u00f3n": "Ruta Puerto Natales - Punta Arenas Km. 7.2. Sector Mirador Dorotea",
                "Localidad": "",
                "Comuna": "Natales",
                "Regi\u00f3n": "Regi\u00f3n de Magallanes y de la Ant\u00e1rtica Chilena",
                "Tipo Documento Autorizatorio": "DECRETO NOTIFICADO",
                "Nro. Documento": "65",
                "Fecha Documento": "21/04/2015",
                "Tipo Soporte": "Torre Ventada",
                "Altura": "24",
                "Frecuencia": "700",
                "Banda": "UHF",
                "Ancho Banda": "20000",
                "Tecnolog\u00eda": "LTE(4G)",
                "Tipo Acceso": "FDD",
                "Latitud": "51\u00b0 40\u00b4 47.600004\u00b4\u00b4",
                "Longitud": "72\u00b0 26\u00b4 15.3\u00b4\u00b4",
                "x": "-72,438",
                "y": "-51,68",
                "Latitud_Decimal": -51.67988889,
                "Longitud_Decimal": -72.43758333333334
            }
        },
        {
            "type": "Feature",
            "geometry": {
                "type": "Point",
                "coordinates": [
                    -70.90441666666668,
                    -53.15838889
                ]
            },
            "properties": {
                "C\u00f3digo Soporte": "23.496",
                "C\u00f3digo Elemento": "561.592",
                "Empresa": "Wom",
                "Nombre Comercial Tecnolog\u00eda": "4G/3G",
                "Direcci\u00f3n": "Gobernador Bories N\u00b0647",
                "Localidad": "",
                "Comuna": "Punta Arenas",
                "Regi\u00f3n": "Regi\u00f3n de Magallanes y de la Ant\u00e1rtica Chilena",
                "Tipo Documento Autorizatorio": "RESOLUCI\u00d3N MODIFICA CONCESI\u00d3N SERVICIOS P\u00daBLICOS NOTIFICADA",
                "Nro. Documento": "1991",
                "Fecha Documento": "06/10/2017",
                "Tipo Soporte": "Azotea",
                "Altura": "13",
                "Frecuencia": "2100",
                "Banda": "UHF",
                "Ancho Banda": "60000",
                "Tecnolog\u00eda": "UMTS(3G)/LTE(4G)",
                "Tipo Acceso": "FDD",
                "Latitud": "53\u00b0 9\u00b4 30.200004\u00b4\u00b4",
                "Longitud": "70\u00b0 54\u00b4 15.9\u00b4\u00b4",
                "x": "-70,904",
                "y": "-53,158",
                "Latitud_Decimal": -53.15838889,
                "Longitud_Decimal": -70.90441666666668
            }
        },
        {
            "type": "Feature",
            "geometry": {
                "type": "Point",
                "coordinates": [
                    -70.47333333333333,
                    -53.61833333333333
                ]
            },
            "properties": {
                "C\u00f3digo Soporte": "11.434",
                "C\u00f3digo Elemento": "586.272",
                "Empresa": "Claro Serv. Empresariales",
                "Nombre Comercial Tecnolog\u00eda": "4G",
                "Direcci\u00f3n": "Camino Interior, Isla Dawson S/N",
                "Localidad": "",
                "Comuna": "Punta Arenas",
                "Regi\u00f3n": "Regi\u00f3n de Magallanes y de la Ant\u00e1rtica Chilena",
                "Tipo Documento Autorizatorio": "RESOLUCI\u00d3N MODIFICA CONCESI\u00d3N SERVICIOS P\u00daBLICOS NOTIFICADA",
                "Nro. Documento": "1447",
                "Fecha Documento": "24/08/2020",
                "Tipo Soporte": "Torre Ventada",
                "Altura": "24",
                "Frecuencia": "700",
                "Banda": "UHF",
                "Ancho Banda": "20000",
                "Tecnolog\u00eda": "LTE(4G)",
                "Tipo Acceso": "FDD",
                "Latitud": "53\u00b0 37\u00b4 6\u00b4\u00b4",
                "Longitud": "70\u00b0 28\u00b4 24\u00b4\u00b4",
                "x": "-70,473",
                "y": "-53,618",
                "Latitud_Decimal": -53.61833333333333,
                "Longitud_Decimal": -70.47333333333333
            }
        },
        {
            "type": "Feature",
            "geometry": {
                "type": "Point",
                "coordinates": [
                    -70.8234167,
                    -53.0100556
                ]
            },
            "properties": {
                "C\u00f3digo Soporte": "11.412",
                "C\u00f3digo Elemento": "586.658",
                "Empresa": "Claro Serv. Empresariales",
                "Nombre Comercial Tecnolog\u00eda": "4G",
                "Direcci\u00f3n": "Ruta 9 Norte, Sector Aeropuerto S/N",
                "Localidad": "",
                "Comuna": "Punta Arenas",
                "Regi\u00f3n": "Regi\u00f3n de Magallanes y de la Ant\u00e1rtica Chilena",
                "Tipo Documento Autorizatorio": "RESOLUCI\u00d3N MODIFICA CONCESI\u00d3N SERVICIOS P\u00daBLICOS NOTIFICADA",
                "Nro. Documento": "244",
                "Fecha Documento": "03/02/2020",
                "Tipo Soporte": "Torre Auto Soportada",
                "Altura": "33",
                "Frecuencia": "700",
                "Banda": "UHF",
                "Ancho Banda": "20000",
                "Tecnolog\u00eda": "LTE(4G)",
                "Tipo Acceso": "FDD",
                "Latitud": "53\u00b0 0\u00b4 36.20016\u00b4\u00b4",
                "Longitud": "70\u00b0 49\u00b4 24.30012\u00b4\u00b4",
                "x": "-70,823",
                "y": "-53,01",
                "Latitud_Decimal": -53.0100556,
                "Longitud_Decimal": -70.8234167
            }
        },
        {
            "type": "Feature",
            "geometry": {
                "type": "Point",
                "coordinates": [
                    -70.9293888888889,
                    -53.14325
                ]
            },
            "properties": {
                "C\u00f3digo Soporte": "21.206",
                "C\u00f3digo Elemento": "610.143",
                "Empresa": "CLARO CHILE SPA.",
                "Nombre Comercial Tecnolog\u00eda": "",
                "Direcci\u00f3n": "Parcela N\u00b010-B, por calle prolongaci\u00f3n Gral. Estanislao del Canto",
                "Localidad": "",
                "Comuna": "Punta Arenas",
                "Regi\u00f3n": "Regi\u00f3n de Magallanes y de la Ant\u00e1rtica Chilena",
                "Tipo Documento Autorizatorio": "RESOLUCI\u00d3N MODIFICA CONCESI\u00d3N SERVICIOS P\u00daBLICOS NOTIFICADA",
                "Nro. Documento": "2107",
                "Fecha Documento": "07/07/2022",
                "Tipo Soporte": "Monoposte",
                "Altura": "26",
                "Frecuencia": "2600",
                "Banda": "UHF",
                "Ancho Banda": "40000",
                "Tecnolog\u00eda": "LTE(4G)",
                "Tipo Acceso": "FDD",
                "Latitud": "53\u00b0 8\u00b4 35.7\u00b4\u00b4",
                "Longitud": "70\u00b0 55\u00b4 45.800000000000004\u00b4\u00b4",
                "x": "-70,929",
                "y": "-53,143",
                "Latitud_Decimal": -53.14325,
                "Longitud_Decimal": -70.9293888888889
            }
        },
        {
            "type": "Feature",
            "geometry": {
                "type": "Point",
                "coordinates": [
                    -70.91611111111112,
                    -53.158055555555556
                ]
            },
            "properties": {
                "C\u00f3digo Soporte": "18.600",
                "C\u00f3digo Elemento": "625.417",
                "Empresa": "Wom",
                "Nombre Comercial Tecnolog\u00eda": "5G",
                "Direcci\u00f3n": "Jos\u00e9 Men\u00e9ndez N\u00b0 171, Punta Arenas, Magallanes y La Ant\u00e1rtica Chilena",
                "Localidad": "",
                "Comuna": "Punta Arenas",
                "Regi\u00f3n": "Regi\u00f3n de Magallanes y de la Ant\u00e1rtica Chilena",
                "Tipo Documento Autorizatorio": "DECRETO NOTIFICADO",
                "Nro. Documento": "19",
                "Fecha Documento": "09/03/2021",
                "Tipo Soporte": "Monoposte",
                "Altura": "14",
                "Frecuencia": "700",
                "Banda": "UHF",
                "Ancho Banda": "20000",
                "Tecnolog\u00eda": "LTE Advanced Pro(5G)",
                "Tipo Acceso": "OFDMA",
                "Latitud": "53\u00b0 9\u00b4 29\u00b4\u00b4",
                "Longitud": "70\u00b0 54\u00b4 58\u00b4\u00b4",
                "x": "-70,916",
                "y": "-53,158",
                "Latitud_Decimal": -53.158055555555556,
                "Longitud_Decimal": -70.91611111111112
            }
        },
        {
            "type": "Feature",
            "geometry": {
                "type": "Point",
                "coordinates": [
                    -71.04427777777778,
                    -53.15719444444444
                ]
            },
            "properties": {
                "C\u00f3digo Soporte": "18.599",
                "C\u00f3digo Elemento": "626.587",
                "Empresa": "Wom",
                "Nombre Comercial Tecnolog\u00eda": "5G",
                "Direcci\u00f3n": "Cerro Mirador, Punta Arenas, Magallanes Y La Ant\u00e1rtica Chilena",
                "Localidad": "",
                "Comuna": "Punta Arenas",
                "Regi\u00f3n": "Regi\u00f3n de Magallanes y de la Ant\u00e1rtica Chilena",
                "Tipo Documento Autorizatorio": "DECRETO NOTIFICADO",
                "Nro. Documento": "32",
                "Fecha Documento": "11/03/2021",
                "Tipo Soporte": "Torre Ventada",
                "Altura": "35",
                "Frecuencia": "2100",
                "Banda": "UHF",
                "Ancho Banda": "30000",
                "Tecnolog\u00eda": "LTE Advanced Pro(5G)",
                "Tipo Acceso": "OFDMA",
                "Latitud": "53\u00b0 9\u00b4 25.900000000000002\u00b4\u00b4",
                "Longitud": "71\u00b0 2\u00b4 39.4\u00b4\u00b4",
                "x": "-71,044",
                "y": "-53,157",
                "Latitud_Decimal": -53.15719444444444,
                "Longitud_Decimal": -71.04427777777778
            }
        },
        {
            "type": "Feature",
            "geometry": {
                "type": "Point",
                "coordinates": [
                    -70.89805555555556,
                    -53.14138888888889
                ]
            },
            "properties": {
                "C\u00f3digo Soporte": "18.594",
                "C\u00f3digo Elemento": "630.114",
                "Empresa": "Wom",
                "Nombre Comercial Tecnolog\u00eda": "5G",
                "Direcci\u00f3n": "Hornillas S/N, Punta Arenas, Magallanes Y La Ant\u00e1rtica Chilena",
                "Localidad": "",
                "Comuna": "Punta Arenas",
                "Regi\u00f3n": "Regi\u00f3n de Magallanes y de la Ant\u00e1rtica Chilena",
                "Tipo Documento Autorizatorio": "DECRETO NOTIFICADO",
                "Nro. Documento": "78",
                "Fecha Documento": "24/05/2021",
                "Tipo Soporte": "Monoposte",
                "Altura": "30",
                "Frecuencia": "3500",
                "Banda": "SHF",
                "Ancho Banda": "50000",
                "Tecnolog\u00eda": "5G(5G)",
                "Tipo Acceso": "OFDMA",
                "Latitud": "53\u00b0 8\u00b4 29\u00b4\u00b4",
                "Longitud": "70\u00b0 53\u00b4 53\u00b4\u00b4",
                "x": "-70,898",
                "y": "-53,141",
                "Latitud_Decimal": -53.14138888888889,
                "Longitud_Decimal": -70.89805555555556
            }
        },
        {
            "type": "Feature",
            "geometry": {
                "type": "Point",
                "coordinates": [
                    -70.8261111111111,
                    -53.01027777777778
                ]
            },
            "properties": {
                "C\u00f3digo Soporte": "14.913",
                "C\u00f3digo Elemento": "634.573",
                "Empresa": "WILL",
                "Nombre Comercial Tecnolog\u00eda": "4G",
                "Direcci\u00f3n": "Bahia Catalina S/N, Interior Base Aerea Fach",
                "Localidad": "",
                "Comuna": "Punta Arenas",
                "Regi\u00f3n": "Regi\u00f3n de Magallanes y de la Ant\u00e1rtica Chilena",
                "Tipo Documento Autorizatorio": "RESOLUCI\u00d3N MODIFICA CONCESI\u00d3N SERVICIOS P\u00daBLICOS NOTIFICADA",
                "Nro. Documento": "745",
                "Fecha Documento": "18/03/2022",
                "Tipo Soporte": "Torre Ventada",
                "Altura": "30",
                "Frecuencia": "2600",
                "Banda": "UHF",
                "Ancho Banda": "40000",
                "Tecnolog\u00eda": "LTE(4G)",
                "Tipo Acceso": "OFDMA",
                "Latitud": "53\u00b0 0\u00b4 37\u00b4\u00b4",
                "Longitud": "70\u00b0 49\u00b4 34\u00b4\u00b4",
                "x": "-70,826",
                "y": "-53,01",
                "Latitud_Decimal": -53.01027777777778,
                "Longitud_Decimal": -70.8261111111111
            }
        },
        {
            "type": "Feature",
            "geometry": {
                "type": "Point",
                "coordinates": [
                    -70.95858333333334,
                    -53.172891666666665
                ]
            },
            "properties": {
                "C\u00f3digo Soporte": "32.204",
                "C\u00f3digo Elemento": "650.140",
                "Empresa": "TELEF\u00d3NICA M\u00d3VILES CHILE S.A.",
                "Nombre Comercial Tecnolog\u00eda": "",
                "Direcci\u00f3n": "SUBDIVISION HIJUELAS 58 LOTE 1-C RIO DE LA MANO",
                "Localidad": "",
                "Comuna": "Punta Arenas",
                "Regi\u00f3n": "Regi\u00f3n de Magallanes y de la Ant\u00e1rtica Chilena",
                "Tipo Documento Autorizatorio": "DECRETO EXENTO NOTIFICADO",
                "Nro. Documento": "405",
                "Fecha Documento": "31/05/2023",
                "Tipo Soporte": "Torre Auto Soportada",
                "Altura": "24",
                "Frecuencia": "2600",
                "Banda": "SHF",
                "Ancho Banda": "40",
                "Tecnolog\u00eda": "LTE",
                "Tipo Acceso": "OFDMA",
                "Latitud": "53\u00b0 10\u00b4 22.41\u00b4\u00b4",
                "Longitud": "70\u00b0 57\u00b4 30.900000000000002\u00b4\u00b4",
                "x": "-70,959",
                "y": "-53,173",
                "Latitud_Decimal": -53.172891666666665,
                "Longitud_Decimal": -70.95858333333334
            }
        },
        {
            "type": "Feature",
            "geometry": {
                "type": "Point",
                "coordinates": [
                    -72.48297222222223,
                    -51.729422222222226
                ]
            },
            "properties": {
                "C\u00f3digo Soporte": "31.980",
                "C\u00f3digo Elemento": "660.228",
                "Empresa": "WILL",
                "Nombre Comercial Tecnolog\u00eda": "4G",
                "Direcci\u00f3n": "Patagonia frente al N\u00b01384",
                "Localidad": "",
                "Comuna": "Natales",
                "Regi\u00f3n": "Regi\u00f3n de Magallanes y de la Ant\u00e1rtica Chilena",
                "Tipo Documento Autorizatorio": "RESOLUCI\u00d3N MODIFICA CONCESI\u00d3N SERVICIOS P\u00daBLICOS NOTIFICADA",
                "Nro. Documento": "1456",
                "Fecha Documento": "05/07/2023",
                "Tipo Soporte": "Poste de Concreto",
                "Altura": "12",
                "Frecuencia": "2600",
                "Banda": "SHF",
                "Ancho Banda": "40000",
                "Tecnolog\u00eda": "LTE(4G)",
                "Tipo Acceso": "OFDMA",
                "Latitud": "51\u00b0 43\u00b4 45.92\u00b4\u00b4",
                "Longitud": "72\u00b0 28\u00b4 58.7\u00b4\u00b4",
                "x": "-72,483",
                "y": "-51,729",
                "Latitud_Decimal": -51.729422222222226,
                "Longitud_Decimal": -72.48297222222223
            }
        },
        {
            "type": "Feature",
            "geometry": {
                "type": "Point",
                "coordinates": [
                    -72.47683333333333,
                    -52.20902777777778
                ]
            },
            "properties": {
                "C\u00f3digo Soporte": "27.006",
                "C\u00f3digo Elemento": "676.411",
                "Empresa": "CLARO CHILE SPA.",
                "Nombre Comercial Tecnolog\u00eda": "",
                "Direcci\u00f3n": "Ruta Y-340, Sector Rio Primero",
                "Localidad": "",
                "Comuna": "Natales",
                "Regi\u00f3n": "Regi\u00f3n de Magallanes y de la Ant\u00e1rtica Chilena",
                "Tipo Documento Autorizatorio": "RESOLUCI\u00d3N MODIFICA CONCESI\u00d3N SERVICIOS P\u00daBLICOS NOTIFICADA",
                "Nro. Documento": "343",
                "Fecha Documento": "17/02/2025",
                "Tipo Soporte": "Torre Auto Soportada",
                "Altura": "30",
                "Frecuencia": "700",
                "Banda": "UHF",
                "Ancho Banda": "20000",
                "Tecnolog\u00eda": "",
                "Tipo Acceso": "",
                "Latitud": "52\u00b0 12\u00b4 32.5\u00b4\u00b4",
                "Longitud": "72\u00b0 28\u00b4 36.6\u00b4\u00b4",
                "x": "-72,477",
                "y": "-52,209",
                "Latitud_Decimal": -52.20902777777778,
                "Longitud_Decimal": -72.47683333333333
            }
        },
        {
            "type": "Feature",
            "geometry": {
                "type": "Point",
                "coordinates": [
                    -70.86944444444444,
                    -53.12583333333333
                ]
            },
            "properties": {
                "C\u00f3digo Soporte": "14.917",
                "C\u00f3digo Elemento": "8360",
                "Empresa": "Movistar",
                "Nombre Comercial Tecnolog\u00eda": "2G",
                "Direcci\u00f3n": "Av. Bulnes N\u00ba 04800",
                "Localidad": "",
                "Comuna": "Punta Arenas",
                "Regi\u00f3n": "Regi\u00f3n de Magallanes y de la Ant\u00e1rtica Chilena",
                "Tipo Documento Autorizatorio": "DECRETO NOTIFICADO",
                "Nro. Documento": "753",
                "Fecha Documento": "27/12/2004",
                "Tipo Soporte": "Monoposte",
                "Altura": "36",
                "Frecuencia": "1900",
                "Banda": "UHF",
                "Ancho Banda": "20000",
                "Tecnolog\u00eda": "GSM(2G)",
                "Tipo Acceso": "TDMA",
                "Latitud": "53\u00b0 7\u00b4 33\u00b4\u00b4",
                "Longitud": "70\u00b0 52\u00b4 10\u00b4\u00b4",
                "x": "-70,869",
                "y": "-53,126",
                "Latitud_Decimal": -53.12583333333333,
                "Longitud_Decimal": -70.86944444444444
            }
        },
        {
            "type": "Feature",
            "geometry": {
                "type": "Point",
                "coordinates": [
                    -70.94960830000001,
                    -53.1775556
                ]
            },
            "properties": {
                "C\u00f3digo Soporte": "11.426",
                "C\u00f3digo Elemento": "43.587",
                "Empresa": "CLARO CHILE SPA.",
                "Nombre Comercial Tecnolog\u00eda": "2G",
                "Direcci\u00f3n": "Martinez de Aldunate N\u00ba 3528",
                "Localidad": "",
                "Comuna": "Punta Arenas",
                "Regi\u00f3n": "Regi\u00f3n de Magallanes y de la Ant\u00e1rtica Chilena",
                "Tipo Documento Autorizatorio": "DECRETO EXENTO NOTIFICADO",
                "Nro. Documento": "511",
                "Fecha Documento": "28/07/2014",
                "Tipo Soporte": "Torre Auto Soportada",
                "Altura": "36",
                "Frecuencia": "850",
                "Banda": "UHF",
                "Ancho Banda": "25000",
                "Tecnolog\u00eda": "GSM(2G)",
                "Tipo Acceso": "TDMA",
                "Latitud": "53\u00b0 10\u00b4 39.20016\u00b4\u00b4",
                "Longitud": "70\u00b0 56\u00b4 58.58988\u00b4\u00b4",
                "x": "-70,95",
                "y": "-53,178",
                "Latitud_Decimal": -53.1775556,
                "Longitud_Decimal": -70.94960830000001
            }
        },
        {
            "type": "Feature",
            "geometry": {
                "type": "Point",
                "coordinates": [
                    -70.96388888888889,
                    -53.12722222222222
                ]
            },
            "properties": {
                "C\u00f3digo Soporte": "14.934",
                "C\u00f3digo Elemento": "47.547",
                "Empresa": "ENTEL PCS",
                "Nombre Comercial Tecnolog\u00eda": "2G",
                "Direcci\u00f3n": "SECTOR LLAU, PARCELA N\u00ba 194-3",
                "Localidad": "",
                "Comuna": "Punta Arenas",
                "Regi\u00f3n": "Regi\u00f3n de Magallanes y de la Ant\u00e1rtica Chilena",
                "Tipo Documento Autorizatorio": "DECRETO EXENTO NOTIFICADO",
                "Nro. Documento": "765",
                "Fecha Documento": "29/09/2009",
                "Tipo Soporte": "Torre Ventada",
                "Altura": "60",
                "Frecuencia": "1900",
                "Banda": "UHF",
                "Ancho Banda": "30000",
                "Tecnolog\u00eda": "GSM(2G)",
                "Tipo Acceso": "TDMA",
                "Latitud": "53\u00b0 7\u00b4 38\u00b4\u00b4",
                "Longitud": "70\u00b0 57\u00b4 50\u00b4\u00b4",
                "x": "-70,964",
                "y": "-53,127",
                "Latitud_Decimal": -53.12722222222222,
                "Longitud_Decimal": -70.96388888888889
            }
        },
        {
            "type": "Feature",
            "geometry": {
                "type": "Point",
                "coordinates": [
                    -70.94777777777779,
                    -53.176944444444445
                ]
            },
            "properties": {
                "C\u00f3digo Soporte": "17.809",
                "C\u00f3digo Elemento": "60.811",
                "Empresa": "MOVISTAR MOVIL",
                "Nombre Comercial Tecnolog\u00eda": "2G",
                "Direcci\u00f3n": "Prolongaci\u00f3n Mart\u00ednez de Aldunate, Parcela 32",
                "Localidad": "",
                "Comuna": "Punta Arenas",
                "Regi\u00f3n": "Regi\u00f3n de Magallanes y de la Ant\u00e1rtica Chilena",
                "Tipo Documento Autorizatorio": "RES. NOTIFICADA",
                "Nro. Documento": "60",
                "Fecha Documento": "10/01/2007",
                "Tipo Soporte": "Torre Auto Soportada",
                "Altura": "30",
                "Frecuencia": "1900",
                "Banda": "UHF",
                "Ancho Banda": "10000",
                "Tecnolog\u00eda": "GSM(2G)",
                "Tipo Acceso": "TDMA",
                "Latitud": "53\u00b0 10\u00b4 37\u00b4\u00b4",
                "Longitud": "70\u00b0 56\u00b4 52\u00b4\u00b4",
                "x": "-70,948",
                "y": "-53,177",
                "Latitud_Decimal": -53.176944444444445,
                "Longitud_Decimal": -70.94777777777779
            }
        },
        {
            "type": "Feature",
            "geometry": {
                "type": "Point",
                "coordinates": [
                    -71.0436111111111,
                    -53.156666666666666
                ]
            },
            "properties": {
                "C\u00f3digo Soporte": "14.908",
                "C\u00f3digo Elemento": "456.641",
                "Empresa": "WILL",
                "Nombre Comercial Tecnolog\u00eda": "4G",
                "Direcci\u00f3n": "Cerro Mirador",
                "Localidad": "",
                "Comuna": "Punta Arenas",
                "Regi\u00f3n": "Regi\u00f3n de Magallanes y de la Ant\u00e1rtica Chilena",
                "Tipo Documento Autorizatorio": "DECRETO NOTIFICADO",
                "Nro. Documento": "177",
                "Fecha Documento": "09/11/2012",
                "Tipo Soporte": "Torre Ventada",
                "Altura": "40",
                "Frecuencia": "2600",
                "Banda": "UHF",
                "Ancho Banda": "40000",
                "Tecnolog\u00eda": "LTE(4G)",
                "Tipo Acceso": "FDD",
                "Latitud": "53\u00b0 9\u00b4 24\u00b4\u00b4",
                "Longitud": "71\u00b0 2\u00b4 37\u00b4\u00b4",
                "x": "-71,044",
                "y": "-53,157",
                "Latitud_Decimal": -53.156666666666666,
                "Longitud_Decimal": -71.0436111111111
            }
        },
        {
            "type": "Feature",
            "geometry": {
                "type": "Point",
                "coordinates": [
                    -70.8962194,
                    -53.1630806
                ]
            },
            "properties": {
                "C\u00f3digo Soporte": "11.429",
                "C\u00f3digo Elemento": "523.763",
                "Empresa": "ENTEL PCS",
                "Nombre Comercial Tecnolog\u00eda": "2G",
                "Direcci\u00f3n": "Col\u00f3n 1290",
                "Localidad": "",
                "Comuna": "Punta Arenas",
                "Regi\u00f3n": "Regi\u00f3n de Magallanes y de la Ant\u00e1rtica Chilena",
                "Tipo Documento Autorizatorio": "RESOLUCI\u00d3N MODIFICA CONCESI\u00d3N SERVICIOS P\u00daBLICOS NOTIFICADA",
                "Nro. Documento": "3619",
                "Fecha Documento": "04/06/2015",
                "Tipo Soporte": "Azotea",
                "Altura": "30",
                "Frecuencia": "1900",
                "Banda": "UHF",
                "Ancho Banda": "25000",
                "Tecnolog\u00eda": "GSM(2G)",
                "Tipo Acceso": "TDMA/WCDMA",
                "Latitud": "53\u00b0 9\u00b4 47.09016\u00b4\u00b4",
                "Longitud": "70\u00b0 53\u00b4 46.38984\u00b4\u00b4",
                "x": "-70,896",
                "y": "-53,163",
                "Latitud_Decimal": -53.1630806,
                "Longitud_Decimal": -70.8962194
            }
        },
        {
            "type": "Feature",
            "geometry": {
                "type": "Point",
                "coordinates": [
                    -71.48222222222222,
                    -52.37638888888889
                ]
            },
            "properties": {
                "C\u00f3digo Soporte": "14.948",
                "C\u00f3digo Elemento": "529.979",
                "Empresa": "WILL",
                "Nombre Comercial Tecnolog\u00eda": "4G",
                "Direcci\u00f3n": "Estancia Tres Hermanas, Villa Tehuelches",
                "Localidad": "",
                "Comuna": "Laguna Blanca",
                "Regi\u00f3n": "Regi\u00f3n de Magallanes y de la Ant\u00e1rtica Chilena",
                "Tipo Documento Autorizatorio": "DECRETO EXENTO NOTIFICADO",
                "Nro. Documento": "880",
                "Fecha Documento": "30/08/2018",
                "Tipo Soporte": "Torre Ventada",
                "Altura": "36",
                "Frecuencia": "700",
                "Banda": "UHF",
                "Ancho Banda": "30000",
                "Tecnolog\u00eda": "LTE(4G)",
                "Tipo Acceso": "FDD",
                "Latitud": "52\u00b0 22\u00b4 35\u00b4\u00b4",
                "Longitud": "71\u00b0 28\u00b4 56\u00b4\u00b4",
                "x": "-71,482",
                "y": "-52,376",
                "Latitud_Decimal": -52.37638888888889,
                "Longitud_Decimal": -71.48222222222222
            }
        },
        {
            "type": "Feature",
            "geometry": {
                "type": "Point",
                "coordinates": [
                    -70.37720833333333,
                    -53.310249999999996
                ]
            },
            "properties": {
                "C\u00f3digo Soporte": "20.379",
                "C\u00f3digo Elemento": "530.879",
                "Empresa": "MOVISTAR MOVIL",
                "Nombre Comercial Tecnolog\u00eda": "4G",
                "Direcci\u00f3n": "Predio Miramar S/N. Sector Santa Mar\u00eda Providencia Tierra del Fuego",
                "Localidad": "",
                "Comuna": "Porvenir",
                "Regi\u00f3n": "Regi\u00f3n de Magallanes y de la Ant\u00e1rtica Chilena",
                "Tipo Documento Autorizatorio": "DECRETO NOTIFICADO",
                "Nro. Documento": "71",
                "Fecha Documento": "06/05/2015",
                "Tipo Soporte": "Torre Auto Soportada",
                "Altura": "60",
                "Frecuencia": "700",
                "Banda": "UHF",
                "Ancho Banda": "20000",
                "Tecnolog\u00eda": "LTE(4G)",
                "Tipo Acceso": "FDD",
                "Latitud": "53\u00b0 18\u00b4 36.9\u00b4\u00b4",
                "Longitud": "70\u00b0 22\u00b4 37.95\u00b4\u00b4",
                "x": "-70,377",
                "y": "-53,31",
                "Latitud_Decimal": -53.310249999999996,
                "Longitud_Decimal": -70.37720833333333
            }
        },
        {
            "type": "Feature",
            "geometry": {
                "type": "Point",
                "coordinates": [
                    -70.93377777777778,
                    -53.135194444444444
                ]
            },
            "properties": {
                "C\u00f3digo Soporte": "20.988",
                "C\u00f3digo Elemento": "584.201",
                "Empresa": "MOVISTAR MOVIL",
                "Nombre Comercial Tecnolog\u00eda": "4G",
                "Direcci\u00f3n": "PROLONGACION CARLOS CONDELL PARCELA E1-1  S/N",
                "Localidad": "",
                "Comuna": "Punta Arenas",
                "Regi\u00f3n": "Regi\u00f3n de Magallanes y de la Ant\u00e1rtica Chilena",
                "Tipo Documento Autorizatorio": "RESOLUCI\u00d3N MODIFICA CONCESI\u00d3N SERVICIOS P\u00daBLICOS NOTIFICADA",
                "Nro. Documento": "1283",
                "Fecha Documento": "21/06/2019",
                "Tipo Soporte": "Monoposte",
                "Altura": "18",
                "Frecuencia": "2600",
                "Banda": "UHF",
                "Ancho Banda": "40000",
                "Tecnolog\u00eda": "LTE(4G)",
                "Tipo Acceso": "FDD",
                "Latitud": "53\u00b0 8\u00b4 6.7\u00b4\u00b4",
                "Longitud": "70\u00b0 56\u00b4 1.6\u00b4\u00b4",
                "x": "-70,934",
                "y": "-53,135",
                "Latitud_Decimal": -53.135194444444444,
                "Longitud_Decimal": -70.93377777777778
            }
        },
        {
            "type": "Feature",
            "geometry": {
                "type": "Point",
                "coordinates": [
                    -70.88277777777778,
                    -53.08777777777778
                ]
            },
            "properties": {
                "C\u00f3digo Soporte": "14.932",
                "C\u00f3digo Elemento": "588.854",
                "Empresa": "TELEF\u00d3NICA M\u00d3VILES CHILE S.A.",
                "Nombre Comercial Tecnolog\u00eda": "4G",
                "Direcci\u00f3n": "Km 8,5 Ruta 9 Norte N\u00b009606",
                "Localidad": "",
                "Comuna": "Punta Arenas",
                "Regi\u00f3n": "Regi\u00f3n de Magallanes y de la Ant\u00e1rtica Chilena",
                "Tipo Documento Autorizatorio": "RESOLUCI\u00d3N MODIFICA CONCESI\u00d3N SERVICIOS P\u00daBLICOS NOTIFICADA",
                "Nro. Documento": "1171",
                "Fecha Documento": "06/06/2019",
                "Tipo Soporte": "Torre Ventada",
                "Altura": "60",
                "Frecuencia": "700",
                "Banda": "UHF",
                "Ancho Banda": "20000",
                "Tecnolog\u00eda": "LTE(4G)",
                "Tipo Acceso": "FDD",
                "Latitud": "53\u00b0 5\u00b4 16\u00b4\u00b4",
                "Longitud": "70\u00b0 52\u00b4 58\u00b4\u00b4",
                "x": "-70,883",
                "y": "-53,088",
                "Latitud_Decimal": -53.08777777777778,
                "Longitud_Decimal": -70.88277777777778
            }
        },
        {
            "type": "Feature",
            "geometry": {
                "type": "Point",
                "coordinates": [
                    -70.94777777777779,
                    -53.176944444444445
                ]
            },
            "properties": {
                "C\u00f3digo Soporte": "17.809",
                "C\u00f3digo Elemento": "602.601",
                "Empresa": "CLARO CHILE SPA.",
                "Nombre Comercial Tecnolog\u00eda": "",
                "Direcci\u00f3n": "Prolongaci\u00f3n Martinez de Aldunate, parcela32  S/N",
                "Localidad": "",
                "Comuna": "Punta Arenas",
                "Regi\u00f3n": "Regi\u00f3n de Magallanes y de la Ant\u00e1rtica Chilena",
                "Tipo Documento Autorizatorio": "RESOLUCI\u00d3N MODIFICA CONCESI\u00d3N SERVICIOS P\u00daBLICOS NOTIFICADA",
                "Nro. Documento": "1994",
                "Fecha Documento": "22/10/2021",
                "Tipo Soporte": "Torre Auto Soportada",
                "Altura": "30",
                "Frecuencia": "700",
                "Banda": "UHF",
                "Ancho Banda": "20000",
                "Tecnolog\u00eda": "LTE(4G)",
                "Tipo Acceso": "FDD",
                "Latitud": "53\u00b0 10\u00b4 37\u00b4\u00b4",
                "Longitud": "70\u00b0 56\u00b4 52\u00b4\u00b4",
                "x": "-70,948",
                "y": "-53,177",
                "Latitud_Decimal": -53.176944444444445,
                "Longitud_Decimal": -70.94777777777779
            }
        },
        {
            "type": "Feature",
            "geometry": {
                "type": "Point",
                "coordinates": [
                    -70.87649719999999,
                    -53.0606917
                ]
            },
            "properties": {
                "C\u00f3digo Soporte": "11.428",
                "C\u00f3digo Elemento": "624.306",
                "Empresa": "Wom",
                "Nombre Comercial Tecnolog\u00eda": "5G",
                "Direcci\u00f3n": "Calle 21 de Septiembre, Punta Arenas, Magallanes y La Ant\u00e1rtica Chilena",
                "Localidad": "",
                "Comuna": "Punta Arenas",
                "Regi\u00f3n": "Regi\u00f3n de Magallanes y de la Ant\u00e1rtica Chilena",
                "Tipo Documento Autorizatorio": "DECRETO NOTIFICADO",
                "Nro. Documento": "19",
                "Fecha Documento": "09/03/2021",
                "Tipo Soporte": "Torre Auto Soportada",
                "Altura": "42",
                "Frecuencia": "700",
                "Banda": "UHF",
                "Ancho Banda": "20000",
                "Tecnolog\u00eda": "LTE Advanced Pro(5G)",
                "Tipo Acceso": "OFDMA",
                "Latitud": "53\u00b0 3\u00b4 38.49012\u00b4\u00b4",
                "Longitud": "70\u00b0 52\u00b4 35.38992\u00b4\u00b4",
                "x": "-70,876",
                "y": "-53,061",
                "Latitud_Decimal": -53.0606917,
                "Longitud_Decimal": -70.87649719999999
            }
        },
        {
            "type": "Feature",
            "geometry": {
                "type": "Point",
                "coordinates": [
                    -70.90555555555557,
                    -53.16444444444444
                ]
            },
            "properties": {
                "C\u00f3digo Soporte": "16.971",
                "C\u00f3digo Elemento": "625.414",
                "Empresa": "Wom",
                "Nombre Comercial Tecnolog\u00eda": "5G",
                "Direcci\u00f3n": "Pdte. Julio Roca N\u00b0 953, Punta Arenas, Magallanes y La Ant\u00e1rtica Chilena",
                "Localidad": "",
                "Comuna": "Punta Arenas",
                "Regi\u00f3n": "Regi\u00f3n de Magallanes y de la Ant\u00e1rtica Chilena",
                "Tipo Documento Autorizatorio": "DECRETO NOTIFICADO",
                "Nro. Documento": "19",
                "Fecha Documento": "09/03/2021",
                "Tipo Soporte": "Monoposte",
                "Altura": "30",
                "Frecuencia": "700",
                "Banda": "UHF",
                "Ancho Banda": "20000",
                "Tecnolog\u00eda": "LTE Advanced Pro(5G)",
                "Tipo Acceso": "OFDMA",
                "Latitud": "53\u00b0 9\u00b4 52\u00b4\u00b4",
                "Longitud": "70\u00b0 54\u00b4 20\u00b4\u00b4",
                "x": "-70,906",
                "y": "-53,164",
                "Latitud_Decimal": -53.16444444444444,
                "Longitud_Decimal": -70.90555555555557
            }
        },
        {
            "type": "Feature",
            "geometry": {
                "type": "Point",
                "coordinates": [
                    -70.37722222222222,
                    -53.309999999999995
                ]
            },
            "properties": {
                "C\u00f3digo Soporte": "17.761",
                "C\u00f3digo Elemento": "625.441",
                "Empresa": "Wom",
                "Nombre Comercial Tecnolog\u00eda": "5G",
                "Direcci\u00f3n": "Predio Miramar S/N. Sector Providencia Tierra del Fuego, Porvenir, Magallanes y La Ant\u00e1rtica Chilena",
                "Localidad": "",
                "Comuna": "Porvenir",
                "Regi\u00f3n": "Regi\u00f3n de Magallanes y de la Ant\u00e1rtica Chilena",
                "Tipo Documento Autorizatorio": "DECRETO NOTIFICADO",
                "Nro. Documento": "19",
                "Fecha Documento": "09/03/2021",
                "Tipo Soporte": "Torre Auto Soportada",
                "Altura": "60",
                "Frecuencia": "700",
                "Banda": "UHF",
                "Ancho Banda": "20000",
                "Tecnolog\u00eda": "LTE Advanced Pro(5G)",
                "Tipo Acceso": "OFDMA",
                "Latitud": "53\u00b0 18\u00b4 36\u00b4\u00b4",
                "Longitud": "70\u00b0 22\u00b4 38\u00b4\u00b4",
                "x": "-70,377",
                "y": "-53,31",
                "Latitud_Decimal": -53.309999999999995,
                "Longitud_Decimal": -70.37722222222222
            }
        },
        {
            "type": "Feature",
            "geometry": {
                "type": "Point",
                "coordinates": [
                    -70.37722222222222,
                    -53.309999999999995
                ]
            },
            "properties": {
                "C\u00f3digo Soporte": "17.761",
                "C\u00f3digo Elemento": "626.085",
                "Empresa": "Wom",
                "Nombre Comercial Tecnolog\u00eda": "5G",
                "Direcci\u00f3n": "Predio Miramar S/N. Sector Providencia Tierra del Fuego, Porvenir, Magallanes y La Ant\u00e1rtica Chilena",
                "Localidad": "",
                "Comuna": "Porvenir",
                "Regi\u00f3n": "Regi\u00f3n de Magallanes y de la Ant\u00e1rtica Chilena",
                "Tipo Documento Autorizatorio": "DECRETO NOTIFICADO",
                "Nro. Documento": "19",
                "Fecha Documento": "09/03/2021",
                "Tipo Soporte": "Torre Auto Soportada",
                "Altura": "60",
                "Frecuencia": "700",
                "Banda": "UHF",
                "Ancho Banda": "20000",
                "Tecnolog\u00eda": "LTE Advanced Pro(5G)",
                "Tipo Acceso": "OFDMA",
                "Latitud": "53\u00b0 18\u00b4 36\u00b4\u00b4",
                "Longitud": "70\u00b0 22\u00b4 38\u00b4\u00b4",
                "x": "-70,377",
                "y": "-53,31",
                "Latitud_Decimal": -53.309999999999995,
                "Longitud_Decimal": -70.37722222222222
            }
        },
        {
            "type": "Feature",
            "geometry": {
                "type": "Point",
                "coordinates": [
                    -72.48536111111112,
                    -51.733583333333335
                ]
            },
            "properties": {
                "C\u00f3digo Soporte": "26.669",
                "C\u00f3digo Elemento": "626.614",
                "Empresa": "Wom",
                "Nombre Comercial Tecnolog\u00eda": "5G",
                "Direcci\u00f3n": "Calle 18 de Septiembre N\u00b0 1141, Natales, Magallanes Y La Ant\u00e1rtica Chilena",
                "Localidad": "",
                "Comuna": "Natales",
                "Regi\u00f3n": "Regi\u00f3n de Magallanes y de la Ant\u00e1rtica Chilena",
                "Tipo Documento Autorizatorio": "DECRETO NOTIFICADO",
                "Nro. Documento": "32",
                "Fecha Documento": "11/03/2021",
                "Tipo Soporte": "Monoposte",
                "Altura": "0",
                "Frecuencia": "2100",
                "Banda": "UHF",
                "Ancho Banda": "30000",
                "Tecnolog\u00eda": "LTE Advanced Pro(5G)",
                "Tipo Acceso": "OFDMA",
                "Latitud": "51\u00b0 44\u00b4 0.9\u00b4\u00b4",
                "Longitud": "72\u00b0 29\u00b4 7.3\u00b4\u00b4",
                "x": "-72,485",
                "y": "-51,734",
                "Latitud_Decimal": -51.733583333333335,
                "Longitud_Decimal": -72.48536111111112
            }
        },
        {
            "type": "Feature",
            "geometry": {
                "type": "Point",
                "coordinates": [
                    -67.60944444444443,
                    -54.93805555555555
                ]
            },
            "properties": {
                "C\u00f3digo Soporte": "14.957",
                "C\u00f3digo Elemento": "626.619",
                "Empresa": "Wom",
                "Nombre Comercial Tecnolog\u00eda": "5G",
                "Direcci\u00f3n": "Calle Via tres, Puerto Williams, Cabo De Hornos, Magallanes Y La Ant\u00e1rtica Chilena",
                "Localidad": "",
                "Comuna": "CABO DE HORNOS",
                "Regi\u00f3n": "Regi\u00f3n de Magallanes y de la Ant\u00e1rtica Chilena",
                "Tipo Documento Autorizatorio": "DECRETO NOTIFICADO",
                "Nro. Documento": "32",
                "Fecha Documento": "11/03/2021",
                "Tipo Soporte": "Torre Ventada",
                "Altura": "48",
                "Frecuencia": "2100",
                "Banda": "UHF",
                "Ancho Banda": "30000",
                "Tecnolog\u00eda": "LTE Advanced Pro(5G)",
                "Tipo Acceso": "OFDMA",
                "Latitud": "54\u00b0 56\u00b4 17\u00b4\u00b4",
                "Longitud": "67\u00b0 36\u00b4 34\u00b4\u00b4",
                "x": "-67,609",
                "y": "-54,938",
                "Latitud_Decimal": -54.93805555555555,
                "Longitud_Decimal": -67.60944444444443
            }
        },
        {
            "type": "Feature",
            "geometry": {
                "type": "Point",
                "coordinates": [
                    -70.24922222222223,
                    -53.450250000000004
                ]
            },
            "properties": {
                "C\u00f3digo Soporte": "31.660",
                "C\u00f3digo Elemento": "628.035",
                "Empresa": "ENTEL TELEFONIA LOCAL S.A.",
                "Nombre Comercial Tecnolog\u00eda": "5G",
                "Direcci\u00f3n": "ESTANCIA BOQUER\u00d3N, KM. 20 BAH\u00cdA IN\u00daTIL, COMUNA PORVENIR, COMUNA DE PORVENIR, REGI\u00d3N DE MAGALLANES Y DE LA ANT\u00c1RTICA CHILENA",
                "Localidad": "",
                "Comuna": "Porvenir",
                "Regi\u00f3n": "Regi\u00f3n de Magallanes y de la Ant\u00e1rtica Chilena",
                "Tipo Documento Autorizatorio": "DECRETO NOTIFICADO",
                "Nro. Documento": "76",
                "Fecha Documento": "24/05/2021",
                "Tipo Soporte": "Torre Ventada",
                "Altura": "60",
                "Frecuencia": "3500",
                "Banda": "SHF",
                "Ancho Banda": "50000",
                "Tecnolog\u00eda": "5G(5G)",
                "Tipo Acceso": "OFDMA",
                "Latitud": "53\u00b0 27\u00b4 0.9\u00b4\u00b4",
                "Longitud": "70\u00b0 14\u00b4 57.2\u00b4\u00b4",
                "x": "-70,249",
                "y": "-53,45",
                "Latitud_Decimal": -53.450250000000004,
                "Longitud_Decimal": -70.24922222222223
            }
        },
        {
            "type": "Feature",
            "geometry": {
                "type": "Point",
                "coordinates": [
                    -70.89416666666668,
                    -53.036944444444444
                ]
            },
            "properties": {
                "C\u00f3digo Soporte": "14.939",
                "C\u00f3digo Elemento": "628.142",
                "Empresa": "ENTEL TELEFONIA LOCAL S.A.",
                "Nombre Comercial Tecnolog\u00eda": "5G",
                "Direcci\u00f3n": "OJO BUENO LOTE 1 PARCELA 1, COMUNA DE PUNTA ARENAS, REGI\u00d3N DE MAGALLANES Y DE LA ANT\u00c1RTICA CHILENA",
                "Localidad": "",
                "Comuna": "Punta Arenas",
                "Regi\u00f3n": "Regi\u00f3n de Magallanes y de la Ant\u00e1rtica Chilena",
                "Tipo Documento Autorizatorio": "DECRETO NOTIFICADO",
                "Nro. Documento": "76",
                "Fecha Documento": "24/05/2021",
                "Tipo Soporte": "Torre Ventada",
                "Altura": "21",
                "Frecuencia": "3500",
                "Banda": "SHF",
                "Ancho Banda": "50000",
                "Tecnolog\u00eda": "5G(5G)",
                "Tipo Acceso": "OFDMA",
                "Latitud": "53\u00b0 2\u00b4 13\u00b4\u00b4",
                "Longitud": "70\u00b0 53\u00b4 39\u00b4\u00b4",
                "x": "-70,894",
                "y": "-53,037",
                "Latitud_Decimal": -53.036944444444444,
                "Longitud_Decimal": -70.89416666666668
            }
        },
        {
            "type": "Feature",
            "geometry": {
                "type": "Point",
                "coordinates": [
                    -72.48005555555555,
                    -51.71461111111111
                ]
            },
            "properties": {
                "C\u00f3digo Soporte": "18.598",
                "C\u00f3digo Elemento": "630.118",
                "Empresa": "Wom",
                "Nombre Comercial Tecnolog\u00eda": "5G",
                "Direcci\u00f3n": "Camino Dorotea Km 3, s/n, Natales, Magallanes Y La Ant\u00e1rtica Chilena",
                "Localidad": "",
                "Comuna": "Natales",
                "Regi\u00f3n": "Regi\u00f3n de Magallanes y de la Ant\u00e1rtica Chilena",
                "Tipo Documento Autorizatorio": "DECRETO NOTIFICADO",
                "Nro. Documento": "78",
                "Fecha Documento": "24/05/2021",
                "Tipo Soporte": "Torre Auto Soportada",
                "Altura": "25",
                "Frecuencia": "3500",
                "Banda": "SHF",
                "Ancho Banda": "50000",
                "Tecnolog\u00eda": "5G(5G)",
                "Tipo Acceso": "OFDMA",
                "Latitud": "51\u00b0 42\u00b4 52.6\u00b4\u00b4",
                "Longitud": "72\u00b0 28\u00b4 48.2\u00b4\u00b4",
                "x": "-72,48",
                "y": "-51,715",
                "Latitud_Decimal": -51.71461111111111,
                "Longitud_Decimal": -72.48005555555555
            }
        },
        {
            "type": "Feature",
            "geometry": {
                "type": "Point",
                "coordinates": [
                    -71.04427777777778,
                    -53.15719444444444
                ]
            },
            "properties": {
                "C\u00f3digo Soporte": "18.599",
                "C\u00f3digo Elemento": "630.119",
                "Empresa": "Wom",
                "Nombre Comercial Tecnolog\u00eda": "5G",
                "Direcci\u00f3n": "Cerro Mirador, Punta Arenas, Magallanes Y La Ant\u00e1rtica Chilena",
                "Localidad": "",
                "Comuna": "Punta Arenas",
                "Regi\u00f3n": "Regi\u00f3n de Magallanes y de la Ant\u00e1rtica Chilena",
                "Tipo Documento Autorizatorio": "DECRETO NOTIFICADO",
                "Nro. Documento": "78",
                "Fecha Documento": "24/05/2021",
                "Tipo Soporte": "Torre Ventada",
                "Altura": "35",
                "Frecuencia": "3500",
                "Banda": "SHF",
                "Ancho Banda": "50000",
                "Tecnolog\u00eda": "5G(5G)",
                "Tipo Acceso": "OFDMA",
                "Latitud": "53\u00b0 9\u00b4 25.900000000000002\u00b4\u00b4",
                "Longitud": "71\u00b0 2\u00b4 39.4\u00b4\u00b4",
                "x": "-71,044",
                "y": "-53,157",
                "Latitud_Decimal": -53.15719444444444,
                "Longitud_Decimal": -71.04427777777778
            }
        },
        {
            "type": "Feature",
            "geometry": {
                "type": "Point",
                "coordinates": [
                    -67.60944444444443,
                    -54.93805555555555
                ]
            },
            "properties": {
                "C\u00f3digo Soporte": "14.957",
                "C\u00f3digo Elemento": "630.158",
                "Empresa": "Wom",
                "Nombre Comercial Tecnolog\u00eda": "5G",
                "Direcci\u00f3n": "Calle Via tres, Puerto Williams, Cabo De Hornos, Magallanes Y La Ant\u00e1rtica Chilena",
                "Localidad": "",
                "Comuna": "CABO DE HORNOS",
                "Regi\u00f3n": "Regi\u00f3n de Magallanes y de la Ant\u00e1rtica Chilena",
                "Tipo Documento Autorizatorio": "DECRETO NOTIFICADO",
                "Nro. Documento": "78",
                "Fecha Documento": "24/05/2021",
                "Tipo Soporte": "Torre Ventada",
                "Altura": "48",
                "Frecuencia": "3500",
                "Banda": "SHF",
                "Ancho Banda": "50000",
                "Tecnolog\u00eda": "5G(5G)",
                "Tipo Acceso": "OFDMA",
                "Latitud": "54\u00b0 56\u00b4 17\u00b4\u00b4",
                "Longitud": "67\u00b0 36\u00b4 34\u00b4\u00b4",
                "x": "-67,609",
                "y": "-54,938",
                "Latitud_Decimal": -54.93805555555555,
                "Longitud_Decimal": -67.60944444444443
            }
        },
        {
            "type": "Feature",
            "geometry": {
                "type": "Point",
                "coordinates": [
                    -70.90611111111112,
                    -53.12166666666667
                ]
            },
            "properties": {
                "C\u00f3digo Soporte": "14.931",
                "C\u00f3digo Elemento": "633.231",
                "Empresa": "WILL",
                "Nombre Comercial Tecnolog\u00eda": "3G/5G",
                "Direcci\u00f3n": "Av.                   Los\nFamencos        N\u00b0\n0845",
                "Localidad": "",
                "Comuna": "Punta Arenas",
                "Regi\u00f3n": "Regi\u00f3n de Magallanes y de la Ant\u00e1rtica Chilena",
                "Tipo Documento Autorizatorio": "RESOLUCI\u00d3N MODIFICA CONCESI\u00d3N SERVICIOS P\u00daBLICOS NOTIFICADA",
                "Nro. Documento": "526",
                "Fecha Documento": "01/03/2022",
                "Tipo Soporte": "Torre Ventada",
                "Altura": "36",
                "Frecuencia": "700",
                "Banda": "UHF",
                "Ancho Banda": "15000",
                "Tecnolog\u00eda": "UMTS(3G)/LTE Advanced Pro(5G)",
                "Tipo Acceso": "OFDMA",
                "Latitud": "53\u00b0 7\u00b4 18\u00b4\u00b4",
                "Longitud": "70\u00b0 54\u00b4 22\u00b4\u00b4",
                "x": "-70,906",
                "y": "-53,122",
                "Latitud_Decimal": -53.12166666666667,
                "Longitud_Decimal": -70.90611111111112
            }
        },
        {
            "type": "Feature",
            "geometry": {
                "type": "Point",
                "coordinates": [
                    -67.60944444444443,
                    -54.93805555555555
                ]
            },
            "properties": {
                "C\u00f3digo Soporte": "14.957",
                "C\u00f3digo Elemento": "634.572",
                "Empresa": "WILL",
                "Nombre Comercial Tecnolog\u00eda": "4G",
                "Direcci\u00f3n": "Via Dos (Capdeville) S/N, Puerto Williams",
                "Localidad": "",
                "Comuna": "CABO DE HORNOS",
                "Regi\u00f3n": "Regi\u00f3n de Magallanes y de la Ant\u00e1rtica Chilena",
                "Tipo Documento Autorizatorio": "RESOLUCI\u00d3N MODIFICA CONCESI\u00d3N SERVICIOS P\u00daBLICOS NOTIFICADA",
                "Nro. Documento": "745",
                "Fecha Documento": "18/03/2022",
                "Tipo Soporte": "Torre Ventada",
                "Altura": "48",
                "Frecuencia": "2600",
                "Banda": "UHF",
                "Ancho Banda": "40000",
                "Tecnolog\u00eda": "LTE(4G)",
                "Tipo Acceso": "OFDMA",
                "Latitud": "54\u00b0 56\u00b4 17\u00b4\u00b4",
                "Longitud": "67\u00b0 36\u00b4 34\u00b4\u00b4",
                "x": "-67,609",
                "y": "-54,938",
                "Latitud_Decimal": -54.93805555555555,
                "Longitud_Decimal": -67.60944444444443
            }
        },
        {
            "type": "Feature",
            "geometry": {
                "type": "Point",
                "coordinates": [
                    -70.34805555555555,
                    -52.56063888888889
                ]
            },
            "properties": {
                "C\u00f3digo Soporte": "26.281",
                "C\u00f3digo Elemento": "643.544",
                "Empresa": "TELEF\u00d3NICA M\u00d3VILES CHILE S.A.",
                "Nombre Comercial Tecnolog\u00eda": "4G",
                "Direcci\u00f3n": "ESTANCIA 5 DE ENERO S/N",
                "Localidad": "",
                "Comuna": "San Gregorio",
                "Regi\u00f3n": "Regi\u00f3n de Magallanes y de la Ant\u00e1rtica Chilena",
                "Tipo Documento Autorizatorio": "RESOLUCI\u00d3N MODIFICA CONCESI\u00d3N SERVICIOS P\u00daBLICOS NOTIFICADA",
                "Nro. Documento": "2379",
                "Fecha Documento": "26/07/2022",
                "Tipo Soporte": "Torre Ventada",
                "Altura": "1",
                "Frecuencia": "700",
                "Banda": "SHF",
                "Ancho Banda": "20000",
                "Tecnolog\u00eda": "LTE(4G)",
                "Tipo Acceso": "OFDMA",
                "Latitud": "52\u00b0 33\u00b4 38.300000000000004\u00b4\u00b4",
                "Longitud": "70\u00b0 20\u00b4 53\u00b4\u00b4",
                "x": "-70,348",
                "y": "-52,561",
                "Latitud_Decimal": -52.56063888888889,
                "Longitud_Decimal": -70.34805555555555
            }
        },
        {
            "type": "Feature",
            "geometry": {
                "type": "Point",
                "coordinates": [
                    -70.92111111111112,
                    -53.146388888888886
                ]
            },
            "properties": {
                "C\u00f3digo Soporte": "14.910",
                "C\u00f3digo Elemento": "681.748",
                "Empresa": "TELEF\u00d3NICA M\u00d3VILES CHILE S.A.",
                "Nombre Comercial Tecnolog\u00eda": "4G",
                "Direcci\u00f3n": "CIRUJANO VIDELA S/N (\u00a0Cirujano Videla esquina Gral. Juan Salvo )",
                "Localidad": "",
                "Comuna": "Punta Arenas",
                "Regi\u00f3n": "Regi\u00f3n de Magallanes y de la Ant\u00e1rtica Chilena",
                "Tipo Documento Autorizatorio": "RESOLUCI\u00d3N MODIFICA CONCESI\u00d3N SERVICIOS P\u00daBLICOS NOTIFICADA",
                "Nro. Documento": "1004",
                "Fecha Documento": "24/06/2025",
                "Tipo Soporte": "Torre Auto Soportada",
                "Altura": "36",
                "Frecuencia": "2600",
                "Banda": "UHF",
                "Ancho Banda": "40000",
                "Tecnolog\u00eda": "LTE(4G)",
                "Tipo Acceso": "",
                "Latitud": "53\u00b0 8\u00b4 47\u00b4\u00b4",
                "Longitud": "70\u00b0 55\u00b4 16\u00b4\u00b4",
                "x": "-70,921",
                "y": "-53,146",
                "Latitud_Decimal": -53.146388888888886,
                "Longitud_Decimal": -70.92111111111112
            }
        },
        {
            "type": "Feature",
            "geometry": {
                "type": "Point",
                "coordinates": [
                    -70.87805555555555,
                    -53.11361111111111
                ]
            },
            "properties": {
                "C\u00f3digo Soporte": "14.938",
                "C\u00f3digo Elemento": "683.632",
                "Empresa": "TELEF\u00d3NICA M\u00d3VILES CHILE S.A.",
                "Nombre Comercial Tecnolog\u00eda": "",
                "Direcci\u00f3n": "JUAN WILLIAMS N\u00b0 06503",
                "Localidad": "",
                "Comuna": "Punta Arenas",
                "Regi\u00f3n": "Regi\u00f3n de Magallanes y de la Ant\u00e1rtica Chilena",
                "Tipo Documento Autorizatorio": "RESOLUCI\u00d3N MODIFICA CONCESI\u00d3N SERVICIOS P\u00daBLICOS NOTIFICADA",
                "Nro. Documento": "1777",
                "Fecha Documento": "29/09/2025",
                "Tipo Soporte": "Torre Auto Soportada",
                "Altura": "36",
                "Frecuencia": "700",
                "Banda": "UHF",
                "Ancho Banda": "20000",
                "Tecnolog\u00eda": "LTE",
                "Tipo Acceso": "OFDMA",
                "Latitud": "53\u00b0 6\u00b4 49\u00b4\u00b4",
                "Longitud": "70\u00b0 52\u00b4 41\u00b4\u00b4",
                "x": "-70,878",
                "y": "-53,114",
                "Latitud_Decimal": -53.11361111111111,
                "Longitud_Decimal": -70.87805555555555
            }
        },
        {
            "type": "Feature",
            "geometry": {
                "type": "Point",
                "coordinates": [
                    -70.89472222222223,
                    -53.05305555555555
                ]
            },
            "properties": {
                "C\u00f3digo Soporte": "17.582",
                "C\u00f3digo Elemento": "683.742",
                "Empresa": "TELEF\u00d3NICA M\u00d3VILES CHILE S.A.",
                "Nombre Comercial Tecnolog\u00eda": "",
                "Direcci\u00f3n": "KM 13.5 RUT NORTE FUNDO LOS ROBLES LT 17-B1 SECTOR RIO SECO ( Desde intersecci\u00f3n de Ruta 9 (camino Aeropuerto) con ruta Y-540, 600 mts en direcci\u00f3n No",
                "Localidad": "",
                "Comuna": "Punta Arenas",
                "Regi\u00f3n": "Regi\u00f3n de Magallanes y de la Ant\u00e1rtica Chilena",
                "Tipo Documento Autorizatorio": "RESOLUCI\u00d3N MODIFICA CONCESI\u00d3N SERVICIOS P\u00daBLICOS NOTIFICADA",
                "Nro. Documento": "1939",
                "Fecha Documento": "14/10/2025",
                "Tipo Soporte": "Torre Auto Soportada",
                "Altura": "30",
                "Frecuencia": "2600",
                "Banda": "UHF",
                "Ancho Banda": "40000",
                "Tecnolog\u00eda": "LTE",
                "Tipo Acceso": "OFDMA",
                "Latitud": "53\u00b0 3\u00b4 11\u00b4\u00b4",
                "Longitud": "70\u00b0 53\u00b4 41\u00b4\u00b4",
                "x": "-70,895",
                "y": "-53,053",
                "Latitud_Decimal": -53.05305555555555,
                "Longitud_Decimal": -70.89472222222223
            }
        }
    ]
}